job-href,job,content,types,salary,business_trip,position_text,position_href,company
https://www.104.com.tw/job/8rbw7?app_jobsource=m_time4jobs&jobsource=new_map,【遊戲設計部】資深機率工程師,"【工作職責】
●遊戲機率模組設計
●機率模組驗證
●撰寫機率模組演算程式
●遊戲數據分析
●遊戲玩法、競品趨勢觀察與分析

【其他條件】
●具備對博弈理論的基礎認知
●具備數值資料統計、分析、機率設計能力
●具備競品分析與良好提案簡報能力
●具備將開發功能撰寫成易閱讀且完整性充足之企劃文件的能力
●具備良好的表達能力及邏輯思考能力,不拘,不拘,不拘","軟體工程師
、統計學研究員
、數學研究員","月薪60,000元以上",無需出差外派,台中市北區健行路356號,"https://maps.google.com.tw/?q=%E5%90%91%E4%B8%8A%E9%9B%86%E5%9C%98_%E5%90%91%E4%B8%8A%E5%9C%8B%E9%9A%9B%E7%A7%91%E6%8A%80%E8%82%A1%E4%BB%BD%E6%9C%89%E9%99%90%E5%85%AC%E5%8F%B8@24.159315,120.683007&z=17",向上集團_向上國際科技股份有限公司
https://www.104.com.tw/job/7jsaw?app_jobsource=m_time4jobs&jobsource=new_map,軟體自動化測試工程師,"1. 建置/維護自動化測試環境及架構 。
2. 規劃與開發Web及APP自動化測試腳本。
3. 配合產品迭代持續開發與維護Web及APP自動化測試、回歸測試。
4. 配合需求協助進行手動測試。
5. 追蹤並記錄產品問題，回饋相關人員進行修正。,【其他條件】
1. 主動積極、具備責任感，可以獨立完成工作並妥善安排時間。
2. 注重自我溝通與團隊協作能力且樂意分享。
3. 擁有良好邏輯，善於剖析問題並樂於解決。

【加分條件】熟悉以下任一自動化測試工具或框架：
1. Selenium
2. Python（用於撰寫測試腳本）
3. Robot Framework
4. Katalon Studio
5. Cypress
6. Appium（行動裝置測試）
7. JMeter（效能測試）
8. SoapUI
9. Postman（API 測試）

具備上述其中一項經驗即可，實際使用工具將依產品需求而定。,不拘,功能測試(function test)、問題追蹤處理(Bug tracking)、軟體整合測試、測試計劃及測試報告書撰寫","軟韌體測試工程師
、軟體工程師
、測試人員",待遇面議,無需出差外派,台中市北屯區文心路三段447號31F〈環球巨星大樓〉,"https://maps.google.com.tw/?q=RiConnect%2C%20Inc._%E6%8C%AF%E9%88%BA%E6%95%B8%E4%BD%8D%E6%9C%8D%E5%8B%99%E8%82%A1%E4%BB%BD%E6%9C%89%E9%99%90%E5%85%AC%E5%8F%B8@24.1736774,120.6686102&z=17","RiConnect, Inc._振鈺數位服務股份有限公司"
https://www.104.com.tw/job/8l1s4?app_jobsource=m_time4jobs&jobsource=new_map,後端工程師,"1. Linux、雲端主機環境安裝、設定、管理、優化 。
2. 資料庫(MySQL...) 安裝及設定。
3. Web Server環境建置。
4. 因應運營需求，規劃分配伺服器的架構。
5. 防火牆、資安規則建立
6. 團隊溝通協助問題測試、解決。
7. 規劃DevOps流程，CI/CD、自動化部署
8. SOP文件編寫。
9. 支援PHP後端API,不拘,Linux、Shell、Jenkins、MySQL、PHP
提升專業能力
提升專業能力,不拘","MIS程式設計師
、全端工程師
、後端工程師","月薪45,000~70,000元",無需出差外派,台中市北屯區松竹路一段935號,"https://maps.google.com.tw/?q=%E6%B2%83%E9%BE%8D%E8%B6%85%E9%81%8A%E8%82%A1%E4%BB%BD%E6%9C%89%E9%99%90%E5%85%AC%E5%8F%B8@24.1821603,120.7126798&z=17",沃龍超遊股份有限公司
https://www.104.com.tw/job/8s6of?app_jobsource=m_time4jobs&jobsource=new_map,資訊行政助理,"1. 負責一般文書資料處理及歸檔工作。
2. 負責客戶軟體教育及軟體問題處理。
3. 協助處理庶務性行政工作（如：事務機器叫修維護、文具用品採買）。
4. 負責收發信件物件及信件物件寄送。
5. 負責簡單零用金管理。
6. 負責辦公室環境與設備之清潔與維護。
7. 網路平台文書作業：維護、更新。
8. 從事一般行政工作、主管交辦事項。,不拘,Word、Excel、中文打字20~50
提升專業能力
提升專業能力,文件收發與檔案管理、文件檔案資料處理、轉換及整合工作、電話接聽與人員接待事項、文書處理╱排版能力、行政事務處理","行政助理
、行政人員
、資訊助理","月薪29,000~35,000元",無需出差外派,台中市北屯區松竹路一段73號1樓,"https://maps.google.com.tw/?q=%E5%A4%A7%E6%97%8F%E6%9D%BE%E8%B0%B7%E6%99%BA%E8%83%BD%E8%A3%9D%E5%82%99%E6%9C%89%E9%99%90%E5%85%AC%E5%8F%B8@24.1784233,120.7280144&z=17",大族松谷智能裝備有限公司
https://www.104.com.tw/job/8ofqb?app_jobsource=m_time4jobs&jobsource=new_map,ORACLE ERP 資訊人員,"1. 建置、管理與維護公司系統。
2. 熟Oracle EBS R12 財務模組者佳。
3. 熟SQL, D2K 能開發Oracle Reports佳。
4. 三年以上熟手佳。
5.有興趣學習Oracle ERP 者, 可面談。,不拘,Oracle ERP、Oracle Forms、Oracle、PL/SQL、Developer/ Designer 2000
提升專業能力
提升專業能力,軟體程式設計、資料庫程式設計","MIS程式設計師
、系統分析師
、軟體工程師",待遇面議,無需出差外派,台中市北區文心路四段200號11樓之6,"https://maps.google.com.tw/?q=%E5%8F%B0%E6%98%87%E5%9C%8B%E9%9A%9B%E8%82%A1%E4%BB%BD%E6%9C%89%E9%99%90%E5%85%AC%E5%8F%B8@24.1731888,120.6766202&z=17",台昇國際股份有限公司
https://www.104.com.tw/job/7kj88?app_jobsource=m_time4jobs&jobsource=new_map,研發部-韌體工程師(資深),"【技能專長】: 熟UART、I²C、SPI等通訊介面對各式周邊元件之控制。

【加分條件】：
1.熟ARM Cortex-M、MCU、BMS  韌體程式開發經驗。 
2.熟FreeRTOS、Zephyr等即時作業系統程式開發經驗。
3.熟HTTP、MQTT、HTML、SQL 等Web服務相關基礎知識。
4.具單板電腦(例如：樹莓派)應用經驗。
5.具Arduino、 VS Code或 Micropython等開發環境與工具。
6.具有Wi-Fi 、藍牙等 無線通訊應用經驗。

※工作地點:台中,不拘,HTML、HTTP、ARM
提升專業能力
提升專業能力,韌體工程開發、韌體整合測試、韌體程式設計、網路程式設計","其他資訊專業人員
、韌體工程師
、軟體工程師",待遇面議,需出差，一年累積時間約一個月以下,台中市潭子區南二路16之1號,"https://maps.google.com.tw/?q=%E5%84%84%E5%A8%81%E9%9B%BB%E5%AD%90%E7%B3%BB%E7%B5%B1%E8%82%A1%E4%BB%BD%E6%9C%89%E9%99%90%E5%85%AC%E5%8F%B8@24.217386,120.7028094&z=17",億威電子系統股份有限公司
https://www.104.com.tw/job/7lau8?app_jobsource=m_time4jobs&jobsource=new_map,Software Engineer 軟體工程師,"(1) 熟悉C/C++程式開發
(2) 熟悉Windows程式開發者尤佳
(3) 產品功能之開發設計與維護
(4) 喜歡鑽研及解決問題，具有較強的責任心及團隊合作精神。
(5) 熱愛學習新事物

額外加分項目：
  * 請參考本公司「Senior Software Engineer 資深研發軟體工程師」的必備及額外加分項目，如滿足該職缺的所有必備項目，建議改投該職缺。,【加分項目】
1. 擁有良好的代碼習慣，要求結構清晰，命名規範，邏輯性強，代碼冗餘率低。
2. 熟悉Git版控。
3. 熟悉 GO,C、C++
提升專業能力
提升專業能力,軟體工程系統開發、軟體程式設計",軟體工程師,"月薪38,000~50,000元",無需出差外派,台中市北區忠明路424號8F之1,"https://maps.google.com.tw/?q=%E7%91%9E%E6%80%9D%E8%B3%87%E8%A8%8A%E8%82%A1%E4%BB%BD%E6%9C%89%E9%99%90%E5%85%AC%E5%8F%B8@24.1627113,120.669397&z=17",瑞思資訊股份有限公司
https://www.104.com.tw/job/7x2qr?app_jobsource=m_time4jobs&jobsource=new_map,10R0-大數據中心 程式設計師,"1.大數據中心特色：
1.1. 跨科部合作，建構並整合高品質且多元的醫療大數據
1.2. 跨領域團隊國內外合作，進行優質研究與轉譯醫學應用
1.3. 提供成員不定期內外部訓練課程，支持多元發展

2.工作內容：
2.1. 開發Omics體學(如基因體、蛋白質體、代謝體、微生物體)分析所需之相關技術
2.2. 建置基因生物晶片以及次世代定序資料庫
2.3. 協助分析醫療大數據
2.4. 其它臨時交辦事項

3.學科專長：
3.1. 碩士以上
3.2. 資訊工程、生物資訊相關科系為佳(修習過生物醫學相關課程者尤佳)

4.徵求條件：
4.1. 需熟悉Linux 與 R或Python
4.2. 處理過Omics體學(如基因體、蛋白質體、代謝體、微生物體)資料者尤佳
4.3. 修習過生物相關課程者或具生物醫學知識背景者尤佳
4.4. 熱於學習、細心且具溝通協調能力,1.科系：資訊工程、生物資訊相關科系、統計系、生物統計系、流行病學系、護理系、公衛系、醫技系,不拘,不拘",其他資訊專業人員,"月薪40,000元以上",無需出差外派,台中市北區育德路2號,"https://maps.google.com.tw/?q=%E4%B8%AD%E5%9C%8B%E9%86%AB%E8%97%A5%E5%A4%A7%E5%AD%B8%E9%99%84%E8%A8%AD%E9%86%AB%E9%99%A2@24.1571781,120.6804958&z=17",中國醫藥大學附設醫院
https://www.104.com.tw/job/6lecv?app_jobsource=m_time4jobs&jobsource=new_map,資訊工程師,"1. 資訊設備系統、資訊安全等異常處理與維護管理
2. 各項軟、硬體及網路設備之規劃、建置、改善
3. 協助各部門處理IT相關作業及問題排除
4. 主管交辦事項

*略懂TIPTOP(鼎新系統)架構及流程*,不拘,鼎新
提升專業能力
提升專業能力,作業系統基本操作、電腦設備裝配","資訊助理
、系統工程師
、MIS程式設計師","月薪32,000~38,000元",需出差外派，一年累積時間未定,台中市大里區仁化路261號,"https://maps.google.com.tw/?q=%E5%8A%9B%E5%B1%B1%E5%B7%A5%E6%A5%AD%E8%82%A1%E4%BB%BD%E6%9C%89%E9%99%90%E5%85%AC%E5%8F%B8@24.0941497,120.7140391&z=17",力山工業股份有限公司
https://www.104.com.tw/job/8uvqy?app_jobsource=m_time4jobs&jobsource=new_map,[台中北區] 遊戲前端開發工程師,"- 參與遊戲功能元件的開發與後續優化，實作主要玩法機制及介面互動呈現。

- 依照前端組長規劃完成技術落地，確保程式架構具備良好效能與延展性。,不拘,不拘,軟體工程系統開發","遊戲工程師
、前端工程師",待遇面議,,台中市北區,"https://maps.google.com.tw/?q=%E4%BD%B0%E5%BE%B7%E7%AE%A1%E7%90%86%E9%A1%A7%E5%95%8F%E6%9C%89%E9%99%90%E5%85%AC%E5%8F%B8@24.1573171,120.6832556&z=17",佰德管理顧問有限公司
https://www.104.com.tw/job/7x53m?app_jobsource=m_time4jobs&jobsource=new_map,自動化技術支援工程師(中部),"[職責精神]
1.以技術觀點來促進產品銷售順暢
2.注重客戶服務，解決產品使用技術問題減少客訴
3.擔任客戶、公司、原廠在技術服務上的窗口及溝通橋樑

[工作職掌]
負責公司銷售之[自動化零件產品線]之技術支援，[自動化零件產品線]舉例如Mech-Mind 3D視覺上下料系統、機器手臂等等

[工作內容]
1. 售前評估 (針對預推廣之產品對客戶進行講解、使用排難、實驗測試、評估報告等等)
2. 售後服務 (針對已售出產品之技術問題諮詢、異常產品之維修案處理跟進等等)
3. 技術問題匯整及歸納 (如撰寫產品教學手冊等等)
4. 主管交辦事項

*歡迎想要擁有一技之長的你加入*
*公司有提供完整的教育訓練*,不拘,C#、C++、Python
提升專業能力
提升專業能力,系統架構規劃、軟體程式設計、光學系統研發設計、光學系統測試分析","軟體工程師
、機械工程師
、FAE工程師",待遇面議,無需出差外派,台中市大里區國光路二段702號11樓,"https://maps.google.com.tw/?q=%E5%BC%98%E7%BF%94%E7%B2%BE%E5%AF%86%E7%A7%91%E6%8A%80%E8%82%A1%E4%BB%BD%E6%9C%89%E9%99%90%E5%85%AC%E5%8F%B8@24.1146718,120.6794302&z=17",弘翔精密科技股份有限公司
https://www.104.com.tw/job/6fuqj?app_jobsource=m_time4jobs&jobsource=new_map,MVC 程式設計師 ASP.NET or C#( 台中),"1.  需熟悉C#.Net or MVC 4以上相關開發工具
2.  需實際運用前述技術開發經驗
3.  維護MVC專案
4.  開發Server-Side Web API

系統架構係使用前後端相關技術：
前端：HTML5 + CSS3 +  jQuery
後端：MVC + WEB API + Entity Framework,1.具備 Windows Server和SQL server 系統操作能力者為佳。
2..若有相關作品和學校專題等可先準備好作品與文件來面試，會先行筆試。
3.如有MCSD(for .NET)或相關 DBA 之證照，可優先考慮。
4.具備iPAS證照優先面試。,ASP.NET、Visual Basic .net、Visual C#、Visual Studio、Visual Studio .net、MS SQL、Oracle
提升專業能力
提升專業能力,不拘","軟體工程師
、Internet程式設計師","月薪33,000~65,000元",需外派，一年累積時間未定,台中市北屯區文心路四段673號4樓之1,"https://maps.google.com.tw/?q=%E6%A1%93%E5%9F%BA%E7%A7%91%E6%8A%80%E8%82%A1%E4%BB%BD%E6%9C%89%E9%99%90%E5%85%AC%E5%8F%B8@24.1722842,120.6875862&z=17",桓基科技股份有限公司
https://www.104.com.tw/job/8vl3g?app_jobsource=m_time4jobs&jobsource=new_map,資訊設備支援工程師(台中)(SI1-ADLT-MIS),"【技能要求】
1. 具備至少2年相關 IT/MIS/技術支援工作經驗。
2. 熟悉 Windows 及 macOS 作業系統的安裝、配置與故障排除。
3. 熟悉常見硬體設備（NB、PC、顯示器、印表機等）的安裝與基本維修知識。
4. 了解網路基本概念（TCP/IP、DNS、基本網路連線設置）。
5. 具備優秀的溝通能力、客戶服務導向，並能在壓力下保持積極態度。
6. 具備撰寫標準操作流程 (SOP) 或技術文件能力者尤佳。

【工作職責】
1. 負責公司內所有終端設備（包含筆記型電腦、桌上型電腦、電腦周邊設備等）的標準化安裝、初始設定及配置。
2. 執行設備的日常維護、資產盤點與追蹤管理。
3. 快速診斷與排除硬體故障，必要時聯繫供應商進行維修或更換。
4. 負責企業級應用程式、作業系統（如Windows/macOS）的安裝、部署、配置和定期更新。
5. 管理軟體授權，確保所有使用者皆合規使用。
6. 協助使用者進行軟體設定，並解決因軟體配置不當或衝突所引起的各種問題。
7. 作為內部使用者第一線的軟硬體技術支援窗口，透過電話、郵件或遠端工具提供即時協助。,不拘,不拘,不拘","資訊設備管制人員
、網路管理工程師
、MIS／網管主管","月薪32,000~45,000元",無需出差外派,台中市中區,"https://maps.google.com.tw/?q=%E8%89%BE%E5%B8%9D%E6%B5%A6%E6%9D%B0%E8%82%A1%E4%BB%BD%E6%9C%89%E9%99%90%E5%85%AC%E5%8F%B8@24.1402601,120.6818181&z=17",艾帝浦杰股份有限公司
https://www.104.com.tw/job/57voc?app_jobsource=m_time4jobs&jobsource=new_map,「歡迎企業實習」電腦軟硬體外點維護工程師(台中市)-【JD-00000003】,"■歡迎企業實習
1.執行電腦軟硬體各項設備的安裝。
2.找出並解決電腦故障原因。
3.幫客戶進行電腦升級分析，找出最適合的升級方案。
4.進行電腦穩定度測試，減少客戶當機的情況。
5.此職務須配合不定期支援外點出勤及處理維護案件,未填寫,Windows XP、Excel、Word
提升專業能力
提升專業能力,作業系統基本操作、文書處理軟體操作","電腦組裝／測試
、網路管理工程師
、系統工程師","月薪30,000~32,000元",無需出差外派,台中市北屯區(依公司規定分派),"https://maps.google.com.tw/?q=%E5%A8%81%E7%AD%96%E9%9B%BB%E8%85%A6%E8%82%A1%E4%BB%BD%E6%9C%89%E9%99%90%E5%85%AC%E5%8F%B8@24.1815237,120.6861019&z=17",威策電腦股份有限公司
https://www.104.com.tw/job/7xpn4?app_jobsource=m_time4jobs&jobsource=new_map,前端工程師,"前端工程師 (Nuxt3) 招募需求
尋找具備 Nuxt3 開發經驗的前端工程師，能夠與後端順暢溝通，並具備基本的系統操作與遠端作業能力。

職務需求
^作業系統
  熟悉 Windows 10/11、Windows Server 操作。

^前端技術
  熟悉Nuxt3框架。
  能夠與後端進行API介接(RESTful API、WebSocket)。
  具備基本的 前端效能優化知識 (Nuxt3 SSR/CSR/ISR)。
  熟悉 前端模組管理 (npm/yarn)，能夠處理相依性問題。

^資料庫
  具備關聯式資料庫 (MySQL、PostgreSQL 等) 基本概念。
  不要求熟悉 SQL 指令，但需理解資料結構、索引、ORM (如 Prisma) 等概念。

^版本控制
  熟悉 Git 版本控制，能夠使用 GitLab 進行協作。

^其他要求
  *遠端作業能力，熟悉 Windows RDP、AnyDesk 等遠端操作工具。
  *具備獨立作業能力，能夠主動解決問題，並與團隊協作。
  *良好的溝通能力，能夠與後端、設計師合作，共同開發與優化產品。

加分條件 (非必備)
  *具備 UI/UX 概念，能與設計師合作，優化使用者體驗。
  *熟悉 Pinia 或 Vuex 狀態管理，提升前端數據處理能力。
  *有 Nuxt3 專案實戰經驗，如個人作品或開源專案可參考。
  *熟悉 Nuxt3 Middleware、Composable，能撰寫高效的可重複組件。
  *了解 PWA (漸進式網頁應用)，提升前端性能。
  *有跨瀏覽器相容性調校經驗，確保網頁在不同裝置上穩定運行。
  *具備前端測試經驗 (如 Vitest、Cypress) 者更佳。,不拘,不拘,不拘","網頁設計師
、軟體工程師",待遇面議,無需出差外派,台中市北區明新里中清路一段447號16樓之2,"https://maps.google.com.tw/?q=%E6%97%A5%E6%98%93%E7%A7%91%E6%8A%80%E8%82%A1%E4%BB%BD%E6%9C%89%E9%99%90%E5%85%AC%E5%8F%B8@24.1655209,120.6735551&z=17",日易科技股份有限公司
https://www.104.com.tw/job/8uep5?app_jobsource=m_time4jobs&jobsource=new_map,網頁前端工程師,"工作內容
1.主要使用Vue開發公司產品前端網頁 。 
2.熟悉 Git 版本控管。,不拘,Git、JavaScript、VueJS
提升專業能力
提升專業能力,軟體工程系統開發、軟體程式設計",前端工程師,"月薪30,000~45,000元",無需出差外派,台中市北區中清路一段89號6樓之1,"https://maps.google.com.tw/?q=%E6%9B%9C%E6%9C%A8%E7%A7%91%E6%8A%80%E6%9C%89%E9%99%90%E5%85%AC%E5%8F%B8@24.1552686,120.6768018&z=17",曜木科技有限公司
https://www.104.com.tw/job/8lfh5?app_jobsource=m_time4jobs&jobsource=new_map,AI 系統維護與現場部署工程師,"工作職責
 1. 系統維護與支持
 • 協助進行既有系統的日常維護，學習系統問題診斷與解決方法。
 • 配合完成數據備份與還原操作，學習數據安全管理知識。
 2. 現場系統安裝與部署
 • 在資深工程師的指導下，協助完成現場系統安裝與硬件配置。
 • 學習 RTSP 信號接入的設定與測試，確保影像訊號的穩定性。
 • 配合進行 VPN 設置，保障遠端系統連接的安全性。
 3. 系統更新與測試
 • 協助系統更新工作，參與系統兼容性測試與穩定性驗證。
 • 協同制定測試計劃，學習使用測試工具進行功能和壓力測試。
 4. AI 模型性能測試與部署
 • 協助進行 AI 模型性能測試，逐步了解模型運行邏輯與優化方法。
 • 參與模型部署和監控，記錄並分析運行狀況。
 5. 數據搜集與模型再訓練
 • 配合執行數據搜集工作，熟悉數據處理與標註流程。
 • 參與模型再訓練過程，學習基礎的 AI 訓練和調參技能。

培訓與成長
 • 入職後提供系統化的技能培訓，包括 RTSP 設定、VPN 基礎操作、Linux 系統管理和 AI 模型部署等專業知識。
 • 資深工程師一對一指導，逐步提升獨立作業能力。

任職要求
 1. 學歷與背景
 • 計算機科學、資訊工程、電子工程、機械工程或相關專業大專以上畢業。
 • 對 AI、系統維護或現場部署工作有興趣，無經驗亦可，願意學習者優先。
 2. 基礎技能
 • 具備基礎的計算機網絡知識（如 IP 配置、VPN 概念）。
 • 熟悉常見操作系統（Windows/Linux），了解基礎命令操作尤佳。
 • 若了解任何 AI 框架（如 TensorFlow、PyTorch）或有 Python 程式基礎，將視為加分項目。
 3. 個人特質
 • 善於學習，願意接受挑戰與成長。
 • 良好的溝通協作能力，能配合團隊完成任務。
 • 注重細節，具備解決問題的潛力與耐心。

工作地點

需配合現場支持與短期出差,不拘,不拘,系統架構規劃、系統整合分析、軟體工程系統開發、軟體程式設計、資料庫程式設計","資料工程師
、資訊助理
、通訊軟體工程師","月薪35,000~50,000元",需出差，一年累積時間未定,台中市西區臺灣大道二段2號19 之 1,"https://maps.google.com.tw/?q=%E7%91%9E%E8%89%BE%E7%A7%91%E6%8A%80%E6%9C%89%E9%99%90%E5%85%AC%E5%8F%B8@24.1481853,120.6735865&z=17",瑞艾科技有限公司
https://www.104.com.tw/job/8oo03?app_jobsource=m_time4jobs&jobsource=new_map,Microsoft Architect,"Job Summary
This role is pivotal in designing and implementing using Microsoft technologies, including Azure, Active Directory, Exchange, Intune, Microsoft 365, and other related systems. The ideal candidate will have a strong background in Microsoft system architecture, a deep understanding of Microsoft technologies, and the ability to align technical solutions with business goals.
As a Microsoft Architect, you will collaborate with cross-functional teams to ensure our Microsoft-based infrastructure is scalable, secure, and aligned with organizational and industry standards and present to business to show IT values.
________________________________________
Key Responsibilities
• Design and maintain Microsoft-based frameworks and architectures (Azure, Active Directory, Exchange, Intune and Microsoft 365) to support business strategies.
• Develop 3–5 year Microsoft technology roadmaps aligned with organizational goals.
• Work closely with business stakeholders, IT teams, and project managers to gather requirements and translate them into technical solutions.
• Collaborate with development teams, security teams, and other architects to ensure solutions align with business goals and comply with organizational standards.
• Act as a liaison between technical teams and business units, ensuring clear communication and alignment on objectives.
• Develop high-level and detailed architecture diagrams, technical documentation, and solution blueprints and understand the product or market technology trend. 
• Identify, evaluate business need to recommend tools, frameworks, and methodologies to deliver IT value.
• Professional presentation to different audiences e.g Business, Application and service.
• Drive global stakeholder to come the global agreed architecture designs and standards,Required Qualifications
• Education: Bachelor's degree in computer science, Information Technology, or a related field (or equivalent experience).
• Experience: 
   o 15+ years of experience in Microsoft and at least 10 years in architect or consultant roles
   o Deep expertise in Microsoft technologies, including Windows AD, DHCP, Azure, Microsoft 365.
   o Proven experience in designing and deploying complex solutions. The reference project size is not less than 500K USD.
   o Proven skills in consultation such as methodology, practice, problem solving, analysis and identifying business value. 
• Certifications (Preferred): 
   o Microsoft Certified: Azure Solutions Architect Expert.
   o Microsoft Certified: Enterprise Administrator Expert.
   o Microsoft 365 Certified: Security Administrator Associate.
• Skills: 
   o Proficiency in designing scalable and secure architectures using Microsoft technologies.
   o Strong skills of Co-pilot, Azure Cloud, Entra ID, Email, identity, Intune, Security, PIM, M365 implementation and migration and design. 
   o Strong problem-solving skills and the ability to troubleshoot complex technical issues.
   o Excellent communication skills, with the ability to explain technical concepts to non-technical stakeholders.
   o Fluent in English (written and spoken and presentation),不拘,不拘","軟體工程師
、系統分析師
、其他資訊專業人員",待遇面議,無需出差外派,台中市北屯區文心路四段83號9樓之1,"https://maps.google.com.tw/?q=%E8%8B%B1%E5%B1%AC%E7%B6%AD%E4%BA%AC%E7%BE%A4%E5%B3%B6%E5%95%86%E5%89%B5%E6%A9%9F%E5%B7%A5%E5%85%B7%E8%82%A1%E4%BB%BD%E6%9C%89%E9%99%90%E5%85%AC%E5%8F%B8%E5%8F%B0%E7%81%A3%E5%88%86%E5%85%AC%E5%8F%B8@24.1741733,120.673008&z=17",英屬維京群島商創機工具股份有限公司台灣分公司
https://www.104.com.tw/job/8cx87?app_jobsource=m_time4jobs&jobsource=new_map,Web 前端工程師,"Minimum qualifications:
- Experience with developing modern, responsive, and cross-browser-compatible websites
- Knowledge of JavaScript frameworks
- Experience with JavaScript libraries
Preferred Qualifications:
- Familiarity with Figma
- Experience with user authentication flows
- Experience with flows of Store platform,不拘,HTML、JavaScript、jQuery、ReactJS
提升專業能力
提升專業能力,軟體工程系統開發、網路程式設計","軟體工程師
、網頁設計師","月薪50,000元以上",無需出差外派,台中市中區(依照公司規定分派),"https://maps.google.com.tw/?q=HOMEE%20AI_%E7%9D%BF%E7%B7%A0%E5%9C%8B%E9%9A%9B%E7%A7%91%E6%8A%80%E8%82%A1%E4%BB%BD%E6%9C%89%E9%99%90%E5%85%AC%E5%8F%B8@24.1402601,120.6818181&z=17",HOMEE AI_睿締國際科技股份有限公司
https://www.104.com.tw/job/3j8x3?app_jobsource=m_time4jobs&jobsource=new_map,資訊客服專員-B901C,"-【工作內容描述】
1.系統諮詢電話接聽及線上排除客戶疑難。
2.產製各類工作報告及各式統計報表。
3.擔任系統教育訓練講師。
4.主管交辦事項辦理。
5.需口語表達能力佳，細心富有服務熱忱。
6.需熟文書Excel、Power Point、Word
-【加分條件】
◇具備html、程式、資料庫等概念更佳
◇邏輯能力強/態度積極/ /抗壓性強/EQ高
◇有資訊客服經驗佳,未填寫,不拘,電話接聽與人員接待事項、客訴案件處理","電話客服
、其他客服人員
、資訊助理","月薪32,000~36,000元",需外派，一年累積時間約一個月以下,台中市北區太原路一段532號5樓之3,"https://maps.google.com.tw/?q=%E5%8F%B0%E7%81%A3%E8%B3%87%E6%9C%8D%E7%A7%91%E6%8A%80%E8%82%A1%E4%BB%BD%E6%9C%89%E9%99%90%E5%85%AC%E5%8F%B8@24.164743,120.673257&z=17",台灣資服科技股份有限公司
https://www.104.com.tw/job/8oit5?app_jobsource=m_time4jobs&jobsource=new_map,前端工程師-線上面試,"** 應徵時請附上 Cover Letter (自薦信) ** 

-- 工作內容 --
1. 熟悉網站前端技術 HTML、Javascript、CSS，與視覺設計團隊配合開發網頁專案 
2. 善於溝通，將與平面設計團隊、企劃、互動工程跨部門合作
3. 串接後端 API 給予的資料呈現網頁上
4. 前端團隊目前主要使用 Vue + Pug + Sass 組合開發

必要條件 
1. HTML
2. CSS
3. Javascript 
4. Git,不拘,HTML、Git、JavaScript、CSS、VueJS
提升專業能力
提升專業能力,不拘","前端工程師
、軟體工程師
、網頁設計師","月薪50,000元以上",無需出差外派,台中市北屯區文心路三段,"https://maps.google.com.tw/?q=%E7%92%9F%E8%B6%8A%E7%A7%91%E6%8A%80%E6%9C%89%E9%99%90%E5%85%AC%E5%8F%B8@24.1735701,120.6692864&z=17",璟越科技有限公司
https://www.104.com.tw/job/7d2bv?app_jobsource=m_time4jobs&jobsource=new_map,圖控軟體工程師,"1.負責圖控軟體撰寫(熟 iFix，InTouch或 PCS7)。
2.Database 及 Report撰寫。 
3.SCADA設計規劃、工程進度執行等。
4.HMI軟體撰寫,不拘,C#、Python、Visual Basic .net、MS SQL、MySQL
提升專業能力
提升專業能力,軟體程式設計、資料庫程式設計、自動化系統設計整合","軟體工程師
、通訊軟體工程師
、自動控制工程師",待遇面議,需出差，一年累積時間未定,新竹市、台中,"https://maps.google.com.tw/?q=%E5%AE%87%E6%B2%9B%E6%B0%B8%E7%BA%8C%E8%82%A1%E4%BB%BD%E6%9C%89%E9%99%90%E5%85%AC%E5%8F%B8@24.1384499,120.6870463&z=17",宇沛永續股份有限公司
https://www.104.com.tw/job/8m1a9?app_jobsource=m_time4jobs&jobsource=new_map,遊戲企劃,"【工作內容】
1.遊戲類型發想與設計
   遊戲特色與機制發想
   定義玩法與規則，撰寫規格文件
2.美術風格設定
   設計遊戲風格走向
3.遊戲考察與分析
   觀察市場生態
   蒐集玩家體驗
   提出具洞見的分析
4.與主管、研發、行銷...等單位，溝通確認產品或功能的需求
5.跨部門與美術、程式等相關人員溝通與協調
6.遊戲產品驗收與功能確認
7.能獨立完成簡易遊戲的完整企畫
8.其餘主管交辦事項,不拘,不拘,不拘","遊戲企劃
、遊戲工程師
、廣告文案／企劃","月薪40,000~60,000元",無需出差外派,台中市北屯區,"https://maps.google.com.tw/?q=%E9%A0%86%E4%B9%85%E8%B3%87%E8%A8%8A%E6%9C%89%E9%99%90%E5%85%AC%E5%8F%B8@24.1815237,120.6861019&z=17",順久資訊有限公司
https://www.104.com.tw/job/8on32?app_jobsource=m_time4jobs&jobsource=new_map,【資訊】程式開發人員(台中市北屯區&高雄市苓雅區),"職位目的：
負責程式開發，與總部共同合作進行系統開發，確保專案品質與進度。

重要職責/工作內容：
承接所屬部門任務指派，完成特定系統程式設計、技術細節實現、錯誤修正與調整及程式碼整合等程式開發工作。,不拘,不拘,不拘","Internet程式設計師
、MIS程式設計師",待遇面議,無需出差外派,台中市北屯區台中市北屯區&高雄市苓雅區,"https://maps.google.com.tw/?q=%E5%8F%B0%E5%8C%97%E5%AF%8C%E9%82%A6%E5%95%86%E6%A5%AD%E9%8A%80%E8%A1%8C%E8%82%A1%E4%BB%BD%E6%9C%89%E9%99%90%E5%85%AC%E5%8F%B8@24.1815237,120.6861019&z=17",台北富邦商業銀行股份有限公司
https://www.104.com.tw/job/7nrgc?app_jobsource=m_time4jobs&jobsource=new_map,Java軟體工程師(臺中),"1. JAVA 程式開發
2.Spring MVC、Spring Boot、Spring Data JPA、Spring Security、Spring Cloud
3.使用過或熟悉Docker、K8s等容器化技術，理解微服務技術架構
4.職前訓練養成、團隊合作模式

竭誠歡迎有熱誠的人士，來加入我們團隊。,不拘,Java、Spring
提升專業能力
提升專業能力,軟體工程系統開發、軟體程式設計","軟體工程師
、Internet程式設計師",待遇面議,無需出差外派,台中市北區健行路371-11號12樓,"https://maps.google.com.tw/?q=%E6%99%B6%E8%8C%82%E8%B3%87%E8%A8%8A%E7%A7%91%E6%8A%80%E8%82%A1%E4%BB%BD%E6%9C%89%E9%99%90%E5%85%AC%E5%8F%B8@24.1589574,120.6829079&z=17",晶茂資訊科技股份有限公司
https://www.104.com.tw/job/8nnvb?app_jobsource=m_time4jobs&jobsource=new_map,IPAS 淨零碳規劃管理師(初級)講師-台中站前認證中心,"【業界經驗】業界五年以上相關經驗﹅能夠獨立開發專案﹅專案經驗分享。
【授課經驗】具備一年以上教學經驗尤佳，若無則需準備教材試教以確認教學能力。
【證照需求】IPAS 淨零碳規劃管理師(初級)。,不拘,不拘,不拘","講師
、AI工程師
、電腦補習班老師","時薪500~1,000元",依公司規定,台中市中區建國路123號3樓,"https://maps.google.com.tw/?q=%E8%81%AF%E6%88%90%E9%9B%BB%E8%85%A6%E8%82%A1%E4%BB%BD%E6%9C%89%E9%99%90%E5%85%AC%E5%8F%B8(%E8%81%AF%E6%88%90%E9%9B%BB%E8%85%A6%2F%E8%81%AF%E6%88%90%E5%A4%96%E8%AA%9E)@24.137451,120.6842567&z=17",聯成電腦股份有限公司(聯成電腦/聯成外語)
https://www.104.com.tw/job/823gi?app_jobsource=m_time4jobs&jobsource=new_map,電腦維修工程師,"1.簽約公司客戶電腦設備到府例行維護
2.門市來客電腦、監控產品維修服務。
2.windows server系統簡易設定及檢測維修。
3.電腦組裝設定及網路產品安裝設定。,不拘,不拘,電腦設備裝配、網路設備設定安裝","電腦組裝／測試
、網路管理工程師
、MIS／網管主管","月薪34,000~38,000元",無需出差外派,台中市北屯區大連路二段21號,"https://maps.google.com.tw/?q=%E9%A7%BF%E5%A4%AA%E7%A7%91%E6%8A%80%E6%9C%89%E9%99%90%E5%85%AC%E5%8F%B8@24.1763655,120.6826532&z=17",駿太科技有限公司
https://www.104.com.tw/job/8t683?app_jobsource=m_time4jobs&jobsource=new_map,【資通安全部】資訊安全工程師,"【工作職責】
● 維運及管理資訊安全系統及防護機制（如：CDN、WAF、資安監控系統等）
● 持續監控、分析並處理資訊安全攻擊、威脅及資安事件
● 規劃並執行資訊安全相關專案，強化組織防禦能力
● 參與資安政策、標準、作業流程的優化
● 協助進行資安稽核、弱點掃描及合規性驗證
● 支援資安教育訓練及推動內部資安意識

【加分項目】
● 熟悉資安設備 ( 如WAF、IDS/IPS、防火牆 )、弱點掃描與資安監控
● 具備資安事件應變、通報與分析處理經驗
● 熟悉任一雲端安全防護 ( 如:GCP、AWS…) 尤佳
● 具資安相關證照 ( 如iPAS資安工程師、CEH、CISSP、ISO 27001主導稽核員等 ) 尤佳,不拘,不拘,不拘","網路安全分析師
、資安工程師",待遇面議,無需出差外派,台中市北區台中市北區健行路360號,"https://maps.google.com.tw/?q=%E9%9A%86%E4%B8%AD%E7%B6%B2%E7%B5%A1%E8%82%A1%E4%BB%BD%E6%9C%89%E9%99%90%E5%85%AC%E5%8F%B8@24.1594609,120.68302&z=17",隆中網絡股份有限公司
https://www.104.com.tw/job/8252u?app_jobsource=m_time4jobs&jobsource=new_map,前端工程師,"【工作內容】
1. 負責 Web 與行動應用程式前端功能的開發與維護，使用 React 與 React Native 技術實作互動式使用者介面。
2. 與產品經理、設計師及後端工程師密切合作，參與需求討論、技術規劃與實作建議。
3. 依據設計稿實作響應式網頁與行動介面，確保跨平台、跨裝置的穩定性與一致性。
4. 維護並重構現有 React/React Native 專案，導入模組化、具可擴充性的程式架構。
5. 撰寫具可讀性、可維護性與可測試性的程式碼，並具備自動化測試實作經驗（如 Jest、Testing Library）。
6. 協助追蹤、分析並修復前端功能上的問題，並主動提出優化建議與技術改進方案。

【加分條件】
1. 熟悉前端效能優化技巧與常見監控工具（如 Lighthouse、Sentry 等）。
2. 具備設計系統（Design System）或元件庫建置與維護經驗（如 Storybook、Tailwind、Ant Design）。
3. 有跨平台開發與部署經驗，熟悉 React Native CLI、Expo、App Store / Google Play 上架流程。
4. 有撰寫端對端測試經驗（如 Cypress、Detox 等）。
5. 熟悉 Scrum 開發流程與敏捷團隊協作模式。,不拘,Android、iOS、Github
提升專業能力
提升專業能力,不拘",前端工程師,待遇面議,無需出差外派,台中市北屯區文心路三段447號31F〈環球巨星大樓〉,"https://maps.google.com.tw/?q=RiConnect%2C%20Inc._%E6%8C%AF%E9%88%BA%E6%95%B8%E4%BD%8D%E6%9C%8D%E5%8B%99%E8%82%A1%E4%BB%BD%E6%9C%89%E9%99%90%E5%85%AC%E5%8F%B8@24.1736769,120.6685984&z=17","RiConnect, Inc._振鈺數位服務股份有限公司"
https://www.104.com.tw/job/8s4uy?app_jobsource=m_time4jobs&jobsource=new_map,10104_BI.EF開發工程師,"1、ERP分析及客製規格書客修撰寫。
2、商業智慧(BI)資料數據整合、銷售分析與應用分析功能開發.資料倉儲相關經驗。
3、具備網頁程式開發實務經驗，熟悉PHP等一或多種後端開發語言。
4、熟鼎新EasyFlow電子簽核系統開發與維護
5、具有鼎新相關系統報表開發與維護相關經驗。
6、熟資料庫SQL語法 。
7、有 Web Service API 串接經驗者佳。
8、有Excel函數/樞紐分析、Word、Powerpoint 應用能力。,不拘,ASP.NET、Java、MySQL
提升專業能力
提升專業能力,不拘","資訊助理
、軟體工程師","年薪500,000~600,000元",無需出差外派,台中市中區台灣大道一段19號3樓,"https://maps.google.com.tw/?q=%E5%8F%B0%E4%B8%AD%E5%85%AC%E5%9C%92%E4%BB%81%E5%BF%83%E5%A0%82%E4%B8%AD%E9%86%AB%E8%A8%BA%E6%89%80@24.1380009,120.684173&z=17",台中公園仁心堂中醫診所
https://www.104.com.tw/job/4aonr?app_jobsource=m_time4jobs&jobsource=new_map,系統分析師(台中),"1.需求訪談與分析
2.資料分析與設計
3.產品化規劃
4.撰寫規格文件與手冊
5.軟體測試
6.熟悉專案管理流程

※有以下任何一項2年開發經驗：證券、保險、CRM,※ 具Dynamics 365經驗佳
1.具備2年以上的系統分析經驗(BA/SA) 
2.使用者需求訪談、業務流程分析、需求分析、需求設計、需求文件、資料設計
3.重視軟體品質與製程，具備軟體工程概念
4.具備良好的客戶溝通、分析、規劃及解決問題的能力
5.重視團隊合作與默契，良好的溝通協調能力，抗壓性強
6.具備主動積極、負責、熱忱的工作態度，學習力與吸收力,不拘,不拘","系統分析師
、軟體工程師
、Internet程式設計師","月薪31,000元以上",無需出差外派,台中市北區中清路一段370號12樓,"https://maps.google.com.tw/?q=%E5%87%8C%E7%BE%A4%E9%9B%BB%E8%85%A6%E8%82%A1%E4%BB%BD%E6%9C%89%E9%99%90%E5%85%AC%E5%8F%B8@24.16487,120.6740376&z=17",凌群電腦股份有限公司
https://www.104.com.tw/job/8ehv7?app_jobsource=m_time4jobs&jobsource=new_map,Android/iOS APP工程師(工作地點: 台中/台北),"工作內容:
1.設計、開發、除錯和維護 Android、iOS 應用程序。
2.第三方服務與API整合。
3.支援團隊其他成員的技術需求。
4.持續精進產品開發，提升開發效率和技術能力。 

條件要求:
1.Android、iOS 應用程式開發經驗。
2.熟悉 Java、Kotlin（Android）、Swift（iOS）。
3.掌握Android、iOS元件、介面繪製、後台運行、資料存儲等原理
4.良好的問題解決能力和程式碼優化技巧。
5.良好的團隊合作和溝通能力。,不拘,不拘,不拘","UI設計師
、前端工程師
、全端工程師",待遇面議,無需出差外派,台中市北屯區中科大飯店,"https://maps.google.com.tw/?q=%E5%AE%89%E6%81%A9%E5%98%89%E8%82%A1%E4%BB%BD%E6%9C%89%E9%99%90%E5%85%AC%E5%8F%B8@24.174796,120.6860409&z=17",安恩嘉股份有限公司
https://www.104.com.tw/job/72c1k?app_jobsource=m_time4jobs&jobsource=new_map,初階軟體工程師(PC base)-台中潭子,"希望有1年設備軟體編寫經驗
1. 熟悉Visual Studio、C++或C#語言
2. 編寫半導體設備控制軟體
3. 熟悉電控元件使用及規劃,熟悉PC Base自動控制者、能獨立作業尤佳、邏輯觀念佳,C、C#、C++、Visual Basic、Visual Studio .net
提升專業能力
提升專業能力,軟體工程系統開發、軟體程式設計","自動控制工程師
、軟體工程師","月薪35,000元以上",無需出差外派,台中市潭子區中山路二段,"https://maps.google.com.tw/?q=%E5%BE%AE%E5%8B%81%E7%B2%BE%E5%AF%86%E6%9C%89%E9%99%90%E5%85%AC%E5%8F%B8@24.209873,120.7052672&z=17",微勁精密有限公司
https://www.104.com.tw/job/3xesl?app_jobsource=m_time4jobs&jobsource=new_map,自動化設備軟體工程師-BM,"1) 自動化設備軟體系統規劃。
2) 運動控制及各類IO / 通訊整合應用。
3) 機器視覺應用及演算法開發。
4) 人機介面及機台動作流程開發及維護。
5) SECS GEM 通訊協定與客戶製造執行系統資料溝通整合
6) 機台資料蒐集統計與異常分析
7) 專案執行與委外合作、管理。,1. 追根究柢，堅持品質。
2. 有好奇心，樂於學習。
3. 對自動化有高度興趣。喜歡看著機器依照自己安排運作。
4. 能團隊合作。,C、C#、C++、PLC
提升專業能力
提升專業能力,不拘","軟體工程師
、自動控制工程師
、機電技師／工程師",待遇面議,需出差，一年累積時間未定,台中市潭子區潭富路二段101號,"https://maps.google.com.tw/?q=%E5%8D%9A%E7%A3%8A%E7%A7%91%E6%8A%80%E8%82%A1%E4%BB%BD%E6%9C%89%E9%99%90%E5%85%AC%E5%8F%B8@24.223499,120.6973378&z=17",博磊科技股份有限公司
https://www.104.com.tw/job/8trql?app_jobsource=m_time4jobs&jobsource=new_map,1MC1-人工智慧暨機器人創新中心 軟體測試工程師,"我們正在尋找一位熱血、有想法的軟體測試工程師，與我們一起用科技改變醫療世界。 
【你要將要做的任務】 
• 參與人工智慧中心開發之軟體/平台/系統的測試規劃與執行。
• 撰寫並維護測試計畫、測試案例(Test Cases)與測試腳本。
• 進行功能測試、回歸測試、整合測試與壓力測試，確保軟體品質。
• 執行缺陷追蹤 (Bug Tracking)，並與開發團隊協作解決問題。
• 撰寫測試報告、分析測試結果，提出改善建議。
• 依需求協助測試自動化工具或框架的導入與維護。
• 協助建置測試流程與標準文件，提升團隊測試效率與一致性。 
【我需要你具備的】 
• 具備軟體測試流程與方法學的知識。
• 能熟悉使用缺陷管理與版本管理工具 (如 Jira、Git)。
• 具備良好的文件撰寫能力，能清楚表達測試過程與結果。
• 注重細節，具備良好的邏輯思維與問題分析能力。 
【加分項目】 
• 熟悉自動化測試框架 (如 Selenium、Pytest、JUnit)。
• 熟悉 API 測試 (如 Postman、Swagger、pytest-httpx)。
• 具備 DevOps / CI/CD 流程與工具 (如 Jenkins、GitLab CI) 經驗。
• 具備資安概念。
• 具備醫療資訊系統或人工智慧應用相關經驗者佳。
• 英文文件閱讀能力佳。 
覺得你就是我們在找的人？ 
快把你的履歷寄給我們，一起打造未來的智慧醫療新宇宙！,未填寫,不拘,不拘","軟體工程師
、其他研究人員",待遇面議,無需出差外派,台中市北區育德路2號,"https://maps.google.com.tw/?q=%E4%B8%AD%E5%9C%8B%E9%86%AB%E8%97%A5%E5%A4%A7%E5%AD%B8%E9%99%84%E8%A8%AD%E9%86%AB%E9%99%A2@24.1568721,120.6807399&z=17",中國醫藥大學附設醫院
https://www.104.com.tw/job/8lj7g?app_jobsource=m_time4jobs&jobsource=new_map,資訊部 APP開發工程師(台中),"1.負責開發、維護營運單位所需APP
2.以Flutter框架dart程式語言開發跨平台APP
3.與後端、UI/UX工程師合作新功能開發
4.已上線功能異常排除、升版等維護工作,不拘,Android、iOS、Git
提升專業能力
提升專業能力,不拘","系統工程師
、iOS工程師
、Android工程師",待遇面議,需出差，一年累積時間未定,台中市北區,"https://maps.google.com.tw/?q=%E6%B3%93%E5%BE%B7%E8%83%BD%E6%BA%90%E7%A7%91%E6%8A%80%E8%82%A1%E4%BB%BD%E6%9C%89%E9%99%90%E5%85%AC%E5%8F%B8@24.1573171,120.6832556&z=17",泓德能源科技股份有限公司
https://www.104.com.tw/job/8mi24?app_jobsource=m_time4jobs&jobsource=new_map,D4000 訂購平台JAVA後端開發工程師,"【工作內容】
1.負責開發和維護訂購系統平台的各項功能，確保高效能、可擴展與安全的程式架構。
2.與跨職能團隊合作，包括前端UI開發人員、產品經理等，確保系統功能和需求的順利實現。
3.進行程式碼審查和性能優化，確保項目品質和系統效能。
4.持續團隊創新，緊跟技術發展趨勢，提倡新技術和最佳實踐的應用。

【技術要求】
1.具備基礎的JAVA程式設計能力和至少一年的相關開發經驗。
2.具備基礎的關聯式資料庫開發能力(Oracle、PostgreSQL、MySQL…等)

【加分項目】
1.有Spring Boot開發經驗者
2.Web前端開發經驗
3.對k8s、Docker有研究者
4.對AWS、GCP有研究者,不拘,不拘,不拘","軟體工程師
、後端工程師",待遇面議,無需出差外派,台中市北屯區文心路四段955號9樓(近四維國小站),"https://maps.google.com.tw/?q=%E5%AF%8C%E9%82%A6%E5%AA%92%E9%AB%94%E7%A7%91%E6%8A%80%E8%82%A1%E4%BB%BD%E6%9C%89%E9%99%90%E5%85%AC%E5%8F%B8(%E5%AF%8C%E9%82%A6momo)@24.1711371,120.6953441&z=17",富邦媒體科技股份有限公司(富邦momo)
https://www.104.com.tw/job/8j4ag?app_jobsource=m_time4jobs&jobsource=new_map,H19-資訊專員(台中會本部),"『請務必上本會官網-人才招募系統(http://hr.ccf.org.tw/ManbankClient)，查詢職缺訊息，並線上投遞履歷與報名表，謝謝您的合作！』

開發人員應徵條件
【相關條件】 ： 
工作經歷：1年以上，實際專案開發 。
學歷要求：大學以上 。
科系要求：國內外大學電腦、資訊等相關學系 。
語文條件：不拘 。
具備條件：熟悉版本控管, 前後端開發, 資料庫語法 。
工作內容 : 負責本會資訊系統開發與維護 。
 
【我們希望您具備的技能】 ： 
1. 一年以上C# .NET Core 或其他程式語言專案實務經驗。
2. 熟悉ASP.NET MVC架構及Web API運用。 
3. 熟悉 HTML5、CSS、jQuery、Bootstrap 等前端網頁開發技術及運用 。
4. 熟悉 Git 或其他版本控管經驗及概念 。
5. 熟悉 SQL 語法，具 MSSQL使用經驗 。
 
 【加分項】 ： 
1. 熟悉 LINQ Entity Framework 
2.  Vue.js 前端套件運用經驗 
3. 敏捷開發相關經驗,不拘,不拘,不拘","軟體專案管理師
、全端工程師
、資料庫管理人員","月薪39,000~41,000元",無需出差外派,台中市西區民權路228號(會本部),"https://maps.google.com.tw/?q=%E5%AE%B6%E6%89%B6%E5%9F%BA%E9%87%91%E6%9C%83_%E8%B2%A1%E5%9C%98%E6%B3%95%E4%BA%BA%E5%8F%B0%E7%81%A3%E5%85%92%E7%AB%A5%E6%9A%A8%E5%AE%B6%E5%BA%AD%E6%89%B6%E5%8A%A9%E5%9F%BA%E9%87%91%E6%9C%83@24.1450063,120.6720831&z=17",家扶基金會_財團法人台灣兒童暨家庭扶助基金會
https://www.104.com.tw/job/844h2?app_jobsource=m_time4jobs&jobsource=new_map,程式設計師-台中,"1.熟悉Python 語言
2.對程式開發及軟體工程具有熱情,願意嘗試新技術及架構
3.熟悉資料庫操作尤佳
4.可接受新尖兵培育計畫培訓三個月為優先對象,不拘,Python
提升專業能力
提升專業能力,不拘","軟體工程師
、AI工程師","月薪32,000~50,000元",無需出差外派,台中市中區綠川西街135號12樓之1,"https://maps.google.com.tw/?q=%E5%85%A8%E5%9F%9F%E7%A7%91%E6%8A%80%E6%9C%89%E9%99%90%E5%85%AC%E5%8F%B8@24.1391989,120.6836672&z=17",全域科技有限公司
https://www.104.com.tw/job/7lzrr?app_jobsource=m_time4jobs&jobsource=new_map,資管助理,"本職務為內勤助理，負責 PC 及雲端文書處理流程
1. 資管科系背景，或自認對電腦 IT 工作有強烈興趣。
2. 耐久坐、抗壓性責任心強、思考邏輯清楚、配合度高、正向樂觀口齒清晰。
3. 肯學習、負責運用公司工具軟體，能獨立作業，進行文件之轉檔、排版、及輸出。
3. 熟悉 PC 系統檔案管理樹狀結構、Google 網路雲端運用。
5. 擔任公司指定客戶之窗口、執行報價、客戶意見溝通等。
6. 管理公司各系統後台設定（含網站、郵件伺服器及主機後台）。
7. 必要時，依據公司資訊進行電訪，向潛在客戶說明公司專業服務內容。
8. 配合 IT 工程師，管理公司軟硬體設備。,1. 應徵人員住處距離公司單程，超過 30 分鐘，請審慎考慮。
2. 自認能快速學習並應用 PC 軟體，以進行文件排版等。
3. 本職務為內勤需耐久坐、願意學習新技能。
4. 口齒清晰、開朗樂觀正向、抗壓性強、能獨立作業、且敬業合群。
5. 住處有自己之 PC 或 Notebook 為佳。因為有時公司會實施遠距線上工作。
6. 您的應徵資料務必留下可以聯絡您本人之手機。
7. 請直接以 104 履歷投遞至 value@aspeng.pro，如初審合格，會致電給您約定面試日期與時間。不合格者不另通知。,Adobe Acrobat、Excel、Internet Explorer、Outlook、PowerPoint、Word、Wordpress、SEO、Google Analytics
提升專業能力
提升專業能力,文書處理╱排版能力、電話接聽與人員接待事項、客戶情報蒐集、作業系統基本操作、系統維護操作、專案溝通╱整合管理、網頁軟體操作、文件檔案資料處理、轉換及整合工作、專案規劃執行╱範圍管理、專案時間╱進度控管","資訊助理
、專案助理
、其他專案管理師","月薪30,000元以上",無需出差外派,台中市潭子區榮興街83巷24號5樓營業處,"https://maps.google.com.tw/?q=%E5%AE%89%E7%A9%A9%E6%98%8C%E8%82%A1%E4%BB%BD%E6%9C%89%E9%99%90%E5%85%AC%E5%8F%B8@24.1896499,120.7010573&z=17",安穩昌股份有限公司
https://www.104.com.tw/job/8vghr?app_jobsource=m_time4jobs&jobsource=new_map,Android開發工程師,"1. 參與公司無人機控制與管理系統的 Android App 端開發、維護與優化。
2.開發與整合飛控、藍牙模組（BLE）、韌體升級、診斷與資料交換等功能。
3.使用 Kotlin（搭配 Jetpack Compose）進行 App 介面與架構設計。
4.與後端系統進行 RESTful API 串接，負責資料處理與驗證流程。
5.優化應用效能、穩定度與使用者體驗，並撰寫單元與整合測試。
6.使用 RxJava / Coroutine Flow 等資料流框架，確保資料與 UI 即時同步。
7.與設計師、PM、後端與 iOS 工程師協作，確保跨平台一致性。
8.參與專案需求分析、系統設計、程式碼審查與版本控管。
9.整合嵌入式系統通訊介面（UART、SPI、I2C、USB），實現飛控與感測器互通。
10.定期評估新技術（如 AI、IoT、影像辨識等）應用於 UAV App 系統。
11.撰寫技術文件、模組設計說明與維護手冊，確保技術傳承與可維護性。,不拘,Android、IoT、C++、Git、Python、Github
提升專業能力
提升專業能力,軟體程式設計、軟體工程系統開發、結構化程式設計、系統架構規劃","軟體工程師
、Android工程師
、AI工程師",待遇面議,無需出差外派,台中市北屯區崇德路二段16號4樓,"https://maps.google.com.tw/?q=%E7%BF%94%E5%AE%87%E5%8B%95%E5%8A%9B%E7%A7%91%E6%8A%80%E8%82%A1%E4%BB%BD%E6%9C%89%E9%99%90%E5%85%AC%E5%8F%B8@24.1688092,120.6856694&z=17",翔宇動力科技股份有限公司
https://www.104.com.tw/job/7gl24?app_jobsource=m_time4jobs&jobsource=new_map,維運工程師,"職務內容:
1、Linux 主流發行版的操作與管理。如：CentOS / Ubuntu
2、Nginx 或 HAProxy 等服務設定
3、了解 DNS 與 SSL 相關知識與管理
4、監控服務建置與操作管理。如：Zabbix / Prometheus
5、伺服器或是防火牆管理。如：DELL / HP / Fortigate / OPNsense
6、樂於溝通，於問題解決後儘速主動回報給相關人員知曉
7、下班後或是假日緊急情況需要 On Call
8、薪資優渥面議
職務要求：
1、具 Linux 系統操作與網路管理等相關基礎經驗
2、雲端環境操作與管理（AWS / GCP / Azure），如 EC2、RDS、VPC、S3 等服務的部署與基礎維護
3、具機房伺服器及網路設備維運管理
4、對網路管理與網路維運有濃厚興趣，有良好的溝通、主動學習及邏輯思維能力，細心負責
加分條件：
1、了解雲端服務，任一服務提供商 AWS / GCP / Azure
2、了解 CI/CD ( DroneCi / Jenkins),不拘,AWS、DNS、Firewall、Linux
提升專業能力
提升專業能力,伺服器網站管理維護、作業系統基本操作、資料備份與復原、資訊設備環境設定、安裝與維護網路安全系統、規劃與管理防火牆、設計網路安全系統、網路安全架構分析與設計、網路系統危機管理、網路系統配置、網路規劃管理、網路設備設定安裝、系統架構規劃與維護、系統維護操作","網路管理工程師
、系統工程師
、雲端工程師",待遇面議,需出差，一年累積時間約三個月以下,台中市北屯區崇德路二段252號9樓,"https://maps.google.com.tw/?q=%E7%BE%8E%E6%98%9F%E5%81%A5%E5%BA%B7%E7%A7%91%E6%8A%80%E6%9C%89%E9%99%90%E5%85%AC%E5%8F%B8@24.1749323,120.6859182&z=17",美星健康科技有限公司
https://www.104.com.tw/job/8ux8v?app_jobsource=m_time4jobs&jobsource=new_map,Principle Network Engineer,"Responsibility
• Lead the planning, design, implementation, and maintenance of enterprise-level network systems, including LAN, WAN, VPN, and firewall technologies, with a focus on the global.
• Design, deploy, and troubleshoot ISP-grade network architectures (core, aggregation, access layers).
• Develop and implement network security policies, procedures, and standards to ensure the integrity and confidentiality of data and systems across the global.
• Evaluate and recommend new network technologies and solutions to enhance network performance, scalability, and reliability in the global.
• Conduct Proof of Concept (PoC) for new network technologies to assess their feasibility and effectiveness (SDN, NFV, etc.) in the global.
• Resolve complex network outages and performance issues with minimal downtime.
• Lead network optimization, traffic engineering, and redundancy strategies.
• Collaborate with cross-functional teams to identify and resolve network-related issues, including network downtime, security breaches, and performance degradation in the global.
• Monitor network performance and utilization, analyze network traffic and logs, and optimize network configurations to ensure optimal performance in the global.
• Conduct network capacity planning and scalability assessments to anticipate and mitigate potential network issues in the global.
• Develop and maintain network documentation, diagrams, and procedures to ensure accurate and timely communication of network changes and updates in the global.
• Participated in project planning and budgeting and managing vendor relationships and contracts related to network infrastructure in the global.

Requirements
• Bachelor’s degree in computer science, Information Technology, or related field.
• 10+ years of experience in network engineering, design, implementation, and troubleshooting.
• Expert knowledge of network protocols and technologies, including TCP/IP, OSPF, BGP, MPLS, VPN, and firewalls.
• Experience in large scale global network design projects. Able to independently lead each region to complete global network projects.
• Proficiency with Cisco IOS/NX-OS, ASR/CRS platforms, Juniper, or other carrier-grade hardware.
• Strong analytical and problem-solving skills, with the ability to analyze complex issues and develop creative solutions.
• Excellent communication, collaboration, and interpersonal skills, with the ability to communicate technical concepts to non-technical stakeholders.
• Ability to work independently and collaboratively in a fast-paced, dynamic environment.
• Industry certifications, such as CCIE-SP or CCDE.,▪ Strong sense of responsibility, continuous improvement, and able work independently
▪ Ability to work with all levels of staff within and outside of IT and outside organization.
▪ Having customer services mindset
▪ Team player with good interpersonal, communication and organizational skills
▪ Demonstrated ability to learn new technology.
▪ Fluent in English.,不拘,不拘","網路管理工程師
、網路安全分析師",待遇面議,需出差，一年累積時間約一個月以下,台中市北屯區文心路四段83號9樓之1,"https://maps.google.com.tw/?q=%E8%8B%B1%E5%B1%AC%E7%B6%AD%E4%BA%AC%E7%BE%A4%E5%B3%B6%E5%95%86%E5%89%B5%E6%A9%9F%E5%B7%A5%E5%85%B7%E8%82%A1%E4%BB%BD%E6%9C%89%E9%99%90%E5%85%AC%E5%8F%B8%E5%8F%B0%E7%81%A3%E5%88%86%E5%85%AC%E5%8F%B8@24.1741733,120.673008&z=17",英屬維京群島商創機工具股份有限公司台灣分公司
https://www.104.com.tw/job/7kozx?app_jobsource=m_time4jobs&jobsource=new_map,.Net 助理工程師【享有留任獎金】,"1. 具備程式基礎邏輯
2. 具備.NET或其它程式語言開發能力
3. 熟悉SQL語法
4. 資工／資管相關科系畢業尤佳，無工作經驗可

※任職滿3個月及6個月皆享有留任獎金,不拘,ASP.NET、C#、MS SQL
提升專業能力
提升專業能力,網路程式設計","Internet程式設計師
、軟體工程師
、助理工程師","月薪35,000~40,000元",無需出差外派,台中市北區,"https://maps.google.com.tw/?q=%E4%BA%9E%E8%8F%B2%E5%BE%97%E8%82%A1%E4%BB%BD%E6%9C%89%E9%99%90%E5%85%AC%E5%8F%B8@24.1573171,120.6832556&z=17",亞菲得股份有限公司
https://www.104.com.tw/job/8s6b0?app_jobsource=m_time4jobs&jobsource=new_map,【保障年薪14個月】網頁前端工程師,"【 About  Us 】
廣告行銷產業變動快速，是具備高度競爭力的產業。我們的團隊節奏快，管理風格扁平、重視團隊合作與溝通協作，歡迎有挑戰精神的您加入我們的團隊，共同在資訊洪流中展穩腳步並且茁壯成長！

【網頁前端工程師】打造高效能、可維護的使用者體驗！
我們正在尋找一位具備前端框架開發經驗、專注於效能優化的網頁前端工程師，與設計、後端密切合作，實現頂尖的使用者體驗。

【工作內容 / 你將負責】
◤ 前端開發技術與框架應用
   熟悉前端框架與模組化開發，撰寫具備可維護性與可擴充性的程式碼。
   理解瀏覽器渲染流程，能針對效能瓶頸進行技術優化與問題解除。
   熟悉 JavaScript 模組化、打包工具與優化前端程式碼開發。
◤ 網頁效能優化與使用者體驗提升
   能獨立執行網站效能分析與優化，改善載入速度與互動性。
   針對核心網頁體驗指標（LCP、CLS、INP）進行優化與調校。
   熟練圖片壓縮、資源懶加載（Lazy Loading）等網站前端效能最佳化。
◤ 瀏覽器渲染與性能理解
   了解瀏覽器的渲染機制與資源加載流程。
◤ 跨部門協作
   與切版師協同整合RWD視覺畫面
   與後端工程師協同整合 API 與資料處理，提升網站系統整體效能。

【必備技能 / 我們希望你】
◆ 熟悉 HTML、CSS、JavaScript 並具備前端框架實作經驗。
◆ 熟悉 ES Modules、Component-based 結構設計
◆ 熟用 Tailwind、Bootstrap 或自製元件系統
◆ 了解瀏覽器渲染流程，熟練圖片壓縮、資源懶加載、JS 分包。
◆ 能獨立debug網站前端相關問題，且有實際改善網站效能案例者佳。
◆ 具備高度自律與主動性，能自主管理進度與品質。
◆ 積極學習：持續吸收前端新技術與效能優化知識。

【加分技能】
◇ 具備 CDN 資源快取調整經驗。
◇ 熟悉前端框架提升 SEO 結構化與使用者體驗。
◇ Next.js
◇ Vue
◇ PHP
◇ Angular
◇ React

【你會喜歡這裡，因為我們】
☆ 重視創意與溝通，尊重每個人的專業與聲音。
☆ 我們重視效率，追求成果勝過加班時數。
☆ 我們提倡員工自主性，鼓勵成員在工作中主動思考並持續成長。
☆ 鼓勵開放討論與積極回饋，任何人都可以提出好點子。
☆ 成果導向：您的努力會被看見。在這裡，回報與表現成正比。
☆ 鼓勵成員持續學習新知與優化流程，一起進化不間斷。
☆ 只要你對職涯有積極成長的規劃與期待，我們非常樂意提供舞台與機會。

★具競爭力的公司福利★
◇固定年終獎金2個月
◇三節禮金
◇生日禮金
◇每年穩定調薪
◇每年享有12天(以上)特休+不扣薪病假5天
◇不定期部門聚餐
◇團康活動(運動類、益智桌遊、藝術創作)
◇員工活動

★成為正式員工額外享有★
◇一年2次績效考核獎金
◇員工團體保險
◇年度健康檢查
◇健身房補助方案,不拘,HTML、JavaScript、CSS、Github
提升專業能力
提升專業能力,網頁語法撰寫、軟體程式設計","前端工程師
、Internet程式設計師
、網頁設計師","月薪40,000~48,000元",無需出差外派,台中市北屯區,"https://maps.google.com.tw/?q=%E8%B5%AB%E7%88%BE%E5%A2%A8%E6%80%9D%E8%A1%8C%E9%8A%B7%E6%9C%89%E9%99%90%E5%85%AC%E5%8F%B8@24.1815237,120.6861019&z=17",赫爾墨思行銷有限公司
https://www.104.com.tw/job/4c62w?app_jobsource=m_time4jobs&jobsource=new_map,韌體工程師,"1. ARM-Cortex A7, M4。
2. 研讀產品規格，根據需求開發對應程式。
3. 通訊架構設計，功能模組化，API 文件撰寫。,未填寫,Github、C、ARM
提升專業能力
提升專業能力,電子儀表工具使用、基礎數位電路、基礎類比電路、數位晶片產品開發","電子工程師
、韌體工程師
、硬體研發工程師","月薪50,000~80,000元",無需出差外派,台中市北屯區崇德路二段128號5樓之2,"https://maps.google.com.tw/?q=%E5%8F%B0%E7%81%A3%E5%A4%AA%E7%BE%A4%E7%A7%91%E6%8A%80%E8%82%A1%E4%BB%BD%E6%9C%89%E9%99%90%E5%85%AC%E5%8F%B8@24.171028,120.685555&z=17",台灣太群科技股份有限公司
https://www.104.com.tw/job/8ucl3?app_jobsource=m_time4jobs&jobsource=new_map,IAS–工程師/資深工程師(台中),"【主要工作】
1. 依專案目標完成開發及品質維護。
2. 熟悉 .NET Core / ASP.NET Core (Web API)
3. 熟悉 ASP.NET MVC 應用程式開發
4. 熟悉 MS SQL及資料庫基本概念

【加分】
1. 熟悉 Python
2. 熟悉 向量資料庫
3. 熟悉 HTML5 / CSS3 / JavaScript (ES6+)
4. 撰寫必要的技術文件及經驗分享,不拘,不拘,不拘","軟體工程師
、Internet程式設計師",待遇面議,無需出差外派,台中市西區臺灣大道二段103號8樓,"https://maps.google.com.tw/?q=%E5%AE%8F%E7%87%81%E8%B3%87%E8%A8%8A%E8%82%A1%E4%BB%BD%E6%9C%89%E9%99%90%E5%85%AC%E5%8F%B8@24.1498879,120.6706821&z=17",宏燁資訊股份有限公司
https://www.104.com.tw/job/8tdxv?app_jobsource=m_time4jobs&jobsource=new_map,【遊戲設計部】資深遊戲數值企劃,"★負責設計【捕魚類型產品】遊戲數值，以豐富玩家體驗與提升產品競爭力為核心價值。

【工作職責】
● 負責遊戲中相關數值的規劃、設計與創建。
● 建立遊戲數值的期望曲線及數學公式模型。
● 分析競品遊戲數值系統及趨勢，提出優化建議。
● 遊戲數值相關文件的撰寫與維護。
● 分析遊戲數據，持續調整和優化遊戲數值，完善數值的平衝與循環。


【其他條件】
● 具備對博弈理論的基礎認知，能應用於數值設計中。
● 具備數值資料統計、分析，分配等設計能力。
● 對遊戲平衡性與數值設計具備深入理解，並了解不同玩家類型的行為與偏好。
● 具備競品數值系統的分析能力，能提出具體優化建議並製作簡報提案。
● 具備清晰的表達能力與良好的邏輯思維，能與團隊有效溝通協作。
● 熱愛遊戲，並對遊戲數值與機制的研究充滿熱情。


【加分項目】
● 具博奕遊戲遊玩經驗。
● 具遊戲機率設計經驗。,不拘,不拘,不拘","統計精算人員
、數學研究員
、軟體工程師","月薪50,000元以上",無需出差外派,台中市北區健行路360號2樓之3,"https://maps.google.com.tw/?q=%E9%9A%86%E4%B8%AD%E7%B6%B2%E7%B5%A1%E8%82%A1%E4%BB%BD%E6%9C%89%E9%99%90%E5%85%AC%E5%8F%B8@24.1594609,120.68302&z=17",隆中網絡股份有限公司
https://www.104.com.tw/job/8lype?app_jobsource=m_time4jobs&jobsource=new_map,Senior Full Stack Developer 資深全端工程師(ASP.NET),"＊投遞時請一併提供相關作品集，因專案需求會先以約聘任用＊

Job Function
- 設計與開發 Web-based 應用程序的前後端系統
- 維護現有 ASP.NET Web 項目，進行日常維護開發與 Code Review
- 負責系統架構分析，能執行軟體開發前後建置及功能測試、除錯修改
- 負責 RWD 網頁切版與前端視覺呈現
- API 設計與撰寫，API 串接、後端系統分析、設計以及程式撰寫

Your Impact
- 提升專案開發效率，確保交付的系統具備高可靠性與穩定性
- 提供創新的技術解決方案，促進專案的順利執行
- 協助提升公司技術團隊的整體開發與維護能力

Qualifications
- 4~5年系統軟體開發經驗
- 熟悉 ASP.NET Core MVC 網站系統開發
- 熟悉 Vue.js、 jQuery 前端技術
- 具 WebAPI、WebService 開發/串接經驗
- 熟悉 RWD 網頁切版
- 熟悉 MsSQL 或 Oracle，資料庫開發經驗

Join Us
At MoBagel, you’ll be part of a passionate and talented team working on cutting-edge technology. You'll have the opportunity to contribute to impactful projects, work on innovative solutions, and grow alongside a dynamic company in the tech industry.,不拘,ASP.NET、Java、Oracle、jQuery
提升專業能力
提升專業能力,系統架構規劃、軟體工程系統開發、軟體程式設計、網路程式設計、資料庫程式設計","軟體工程師
、Internet程式設計師
、網頁設計師",待遇面議,無需出差外派,台中市大里區,"https://maps.google.com.tw/?q=%E8%A1%8C%E5%8B%95%E8%B2%9D%E6%9E%9C%E6%9C%89%E9%99%90%E5%85%AC%E5%8F%B8@24.1046899,120.6812114&z=17",行動貝果有限公司
https://www.104.com.tw/job/8jr5m?app_jobsource=m_time4jobs&jobsource=new_map,【台中辦公室】軟韌體工程師 (BU1660),"主要工作內容:
1. Bring-up switch and develop test tool to ensure function and reliability of all peripherals.
2. Porting SDK of switch ASIC and develop commands/utilities to verify switch functions/interfaces.
3. Cooperate with other teams for HW function validation and signal measurement. 
4. Capable to analysis and solve issue reported by other teams.
*本職缺有出差需求，能接受短期1~3個月出差情形*(面試詳談)
次要工作內容:
1. Capable to provide strategy/method to verify all the hardware components and interfaces.
2. Verify and analysis issue reported by customer.
(本職缺可於台中Office工作，面試詳談),必備技能:
1. Familiar  with C language and script languages(shell script or python). 2. Experience of embedded Linux system development. 3. Knowledge on PCIE/I2C/SMBUS/SPI/SATA interfaces.
次要技能:
1. Experience of porting BSP into new hardware platform. 2. Experience of kernel driver development. 3. Network protocol, especially layer 2 and layer 3 protocol.,不拘,不拘","通訊軟體工程師
、軟體工程師
、軟體專案管理師",待遇面議,需出差，一年累積時間約三個月以下,台中市西區台中市西區三民路一段161號8樓,"https://maps.google.com.tw/?q=%E6%99%BA%E9%82%A6%E7%A7%91%E6%8A%80%E8%82%A1%E4%BB%BD%E6%9C%89%E9%99%90%E5%85%AC%E5%8F%B8@24.1363798,120.6730461&z=17",智邦科技股份有限公司
https://www.104.com.tw/job/8pton?app_jobsource=m_time4jobs&jobsource=new_map,【品質保證部】測試工程師,"【工作職責】
● 確認測試需求內容與了解產品功能規格。
● 撰寫測試計畫(Test Plan、Test Case)及專案環境架設、準備測試數據、驗收測試。
● 執行測試計畫，協助釐清問題發生原因、嚴重程度與判斷處理優先順序。
● 使用專案管理系統記錄測試問題，簡單且清晰地紀錄問題重現步驟。
● 產出測試報告(Test Report)與版編紀錄，分析並提供改善建議。
● 處理線上問題，協助分析與初步排查。
● 工作內容記錄與階段性任務回報。

【其他條件】
● 具有老虎機(SLOT)遊戲、遊戲平台產品測試經驗者。
● 熟悉Windows作業系統、瀏覽器操作、行動設備(安卓、iOS)、Google雲端文件、Excel(含公式使用)。
● 具有API測試經驗。
● 重視團隊合作，高配合度與積極度，善於溝通與團隊間協作能力。,不拘,不拘,不拘","測試人員
、軟體工程師","月薪35,000~45,000元",無需出差外派,台中市北區健行路356號,"https://maps.google.com.tw/?q=%E5%90%91%E4%B8%8A%E9%9B%86%E5%9C%98_%E5%90%91%E4%B8%8A%E5%9C%8B%E9%9A%9B%E7%A7%91%E6%8A%80%E8%82%A1%E4%BB%BD%E6%9C%89%E9%99%90%E5%85%AC%E5%8F%B8@24.159315,120.683007&z=17",向上集團_向上國際科技股份有限公司
https://www.104.com.tw/job/87qst?app_jobsource=m_time4jobs&jobsource=new_map,PHP 工程師,"1. 負責網路程式軟體的分析、設計、程式撰寫與維護。
2. 進行程式的測試、優化與調整修改。
3. 協助專案需求分析、系統規劃及開發。
4. 預估並掌控開發進度。
5. 與前端工程師介接討論。,不拘,PHP、HTML、JavaScript
提升專業能力
提升專業能力,不拘","Internet程式設計師
、軟體工程師
、後端工程師","月薪35,000~70,000元",無需出差外派,台中市北屯區,"https://maps.google.com.tw/?q=%E9%A0%86%E4%B9%85%E8%B3%87%E8%A8%8A%E6%9C%89%E9%99%90%E5%85%AC%E5%8F%B8@24.1815237,120.6861019&z=17",順久資訊有限公司
https://www.104.com.tw/job/8pt8u?app_jobsource=m_time4jobs&jobsource=new_map,資訊人員,"1.撰寫VBA、python程式
1. 負責軟體之分析、設計以及程式撰寫。
2. 規劃執行軟體架構及模組之設計，並控管軟體設計進度。
3. 進行軟體之測試與修改。
4. 協助研發軟體新技術與新工具
5. 管控軟體開發成本。,1. 具有資訊相關學士學位或相關工作經驗。
2.具備良好的團隊合作精神、溝通協調能力，以及解決問題的能力。,Python、VBA
提升專業能力
提升專業能力,軟體程式設計、資料庫程式設計、系統架構規劃、資料庫系統管理維護","軟體工程師
、其他資訊專業人員
、雲端工程師","月薪35,000~45,000元",無需出差外派,台中市北屯區松竹路一段530號,"https://maps.google.com.tw/?q=%E7%9F%A9%E5%B0%87%E7%A7%91%E6%8A%80%E6%9C%89%E9%99%90%E5%85%AC%E5%8F%B8@24.181997,120.7222432&z=17",矩將科技有限公司
https://www.104.com.tw/job/8kyu6?app_jobsource=m_time4jobs&jobsource=new_map,網頁前端Frontend程式設計講師-台中三民認證中心,"【業界經驗】有獨立完成網頁前端Frontend開發經驗5年以上。
【授課經驗】具備一年以上教學經驗尤佳，若無則需準備教材試教以確認教學能力。
【證照作品】具備有不同程式設計相關作品尤佳。,不拘,Visual Studio、MySQL、HTML、JavaScript、jQuery、CSS、VueJS
提升專業能力
提升專業能力,軟體程式設計","電腦補習班老師
、講師
、軟體工程師","時薪350~1,000元",依公司規定,台中市北區三民路三段112號5樓,"https://maps.google.com.tw/?q=%E8%81%AF%E6%88%90%E9%9B%BB%E8%85%A6%E8%82%A1%E4%BB%BD%E6%9C%89%E9%99%90%E5%85%AC%E5%8F%B8(%E8%81%AF%E6%88%90%E9%9B%BB%E8%85%A6%2F%E8%81%AF%E6%88%90%E5%A4%96%E8%AA%9E)@24.1496394,120.6842319&z=17",聯成電腦股份有限公司(聯成電腦/聯成外語)
https://www.104.com.tw/job/8brrs?app_jobsource=m_time4jobs&jobsource=new_map,MIS工程師,"1.資訊系統導入專案時程控管。
2.生產管理系統前後端、資料庫維護。
3.資訊硬體軟體、網路設備導入規劃與維護。
4.網路管理、資訊安全管理、使用者電腦問題解決。
5.擔任內部講師，實施軟體操作、系統操作等教育訓練。
6.資訊相關文書作業。
7.其他主管交辦事項。,不拘,MS SQL、Excel、Outlook、Word、ASP.NET、C++、Java、PowerPoint、HTML
提升專業能力
提升專業能力,資料庫系統管理維護","系統工程師
、資訊設備管制人員
、資料庫管理人員","月薪50,000元以上",無需出差外派,台中市大里區仁化路158號,"https://maps.google.com.tw/?q=%E6%98%8E%E6%A4%BF%E9%9B%BB%E6%B0%A3%E6%A9%9F%E6%A2%B0%E8%82%A1%E4%BB%BD%E6%9C%89%E9%99%90%E5%85%AC%E5%8F%B8@24.0944333,120.7187271&z=17",明椿電氣機械股份有限公司
https://www.104.com.tw/job/7tbow?app_jobsource=m_time4jobs&jobsource=new_map,專案輔導,"1. 負責專案的輔導上線諮詢與規劃
2. 規劃客戶端之資訊化流程
3.協助政府計畫案執行
4.需有此類工作經驗者,不拘,Excel、Word
提升專業能力
提升專業能力,文書處理╱排版能力、行政事務處理、報表彙整與管理、文件檔案資料處理、轉換及整合工作","軟體專案主管
、軟體工程師
、軟體專案管理師","月薪40,000元以上",無需出差外派,台中市北屯區松明街68號1樓,"https://maps.google.com.tw/?q=%E5%8D%9A%E7%A7%91%E8%B3%87%E8%A8%8A%E8%82%A1%E4%BB%BD%E6%9C%89%E9%99%90%E5%85%AC%E5%8F%B8@24.1860959,120.699637&z=17",博科資訊股份有限公司
https://www.104.com.tw/job/8544s?app_jobsource=m_time4jobs&jobsource=new_map,光纖網路工程師(無經驗可),"【工作說明】
1.電信線路架設、維護
2.光纖網路佈建施工、查修。
3.客戶端網路裝機、維護。

【薪獎制度】
◆依部門獎金辦法核發，因表現而定將發放績效獎金,1.新人無經驗起薪$36,000起；有相關產業經驗起薪$38,000-$42,000。
2.具有線電視及光纖網路、機電、弱電以上其一經驗者尤佳。
3.具電信、通信架設、網路有線查修隊人員尤佳。
4.具服務熱忱，擅溝通協調
5.刻苦耐勞、且需架桿作業 。
6.須配合輪班及假日輪值。
7.汽車駕照(手排)為必要條件。
8.無經驗可。
9.依紅字為每月可排休天數，夜間on call $300/日津貼。,Windows 10、Excel、Outlook、PowerPoint、Word、中文打字20以下、英文打字20以下
提升專業能力
提升專業能力,有線電視工程架設、電信線路工程架設、網路配線工具使用、網路架設佈線","通信測試維修人員
、電信及電力線路架設工
、電信／通訊系統工程師","月薪36,000~42,000元",無需出差外派,台中市大里區德芳南路277號,"https://maps.google.com.tw/?q=%E5%A4%A7%E5%8F%B0%E4%B8%AD%E6%95%B8%E4%BD%8D%E6%9C%89%E7%B7%9A%E9%9B%BB%E8%A6%96%E8%82%A1%E4%BB%BD%E6%9C%89%E9%99%90%E5%85%AC%E5%8F%B8@24.1024274,120.6861701&z=17",大台中數位有線電視股份有限公司
https://www.104.com.tw/job/8oajt?app_jobsource=m_time4jobs&jobsource=new_map,【台中】資深後端研發工程師 Senior Backend Engineer,"我們正在尋找一位熱愛技術挑戰、對軟硬體整合開發有深入理解的資深後端研發工程師。你將參與物聯網（IoT）及邊緣運算相關專案，打造高效穩定的系統，驅動我們的智慧建築與自動化解決方案。
如果你對MQTT、Modbus、C#、Python、SDK 開發有經驗，並喜歡在高併發、高可用的系統架構中解決技術難題，這將是一個讓你大展身手的機會！

你的工作內容
● AIoT 系統開發：開發智慧設備控制與雲端整合的後端服務，支援大量設備連線與即時數據傳輸。
● Raspberry Pi 與嵌入式開發：使用 Raspberry Pi（或其他嵌入式系統）進行設備控制，透過 GPIO 介面控制 Relay、感測器、門鎖、燈控等設備
● 後端系統開發：設計與實作高效能的後端服務，支援大規模設備連接與通訊。
● 軟硬體整合：與硬體工程團隊合作，開發 IoT 設備的通訊協議（如 MQTT、Modbus、TCP/IP）。
● SDK 開發：設計並維護 SDK，提供給內部或第三方應用開發者使用。
● 數據傳輸與事件驅動架構：優化設備與雲端的通訊，確保穩定性與即時性。
● 系統優化與效能調校：持續提升系統效能，確保低延遲與高可用性。
● 跨團隊協作：與前端、雲端、DevOps 團隊協同合作，確保服務順暢運行。

我們希望你擁有

必備技能
● 熟悉 C#、Python 兩種語言，具備開發與維護後端系統的能力
● 熟悉 MQTT、Modbus、TCP/IP 等通訊協議，具備軟硬體整合經驗
● 有 SDK 設計與開發經驗，能設計良好的 API 介面與模組
● 熟悉 資料庫設計，具備高效資料存取優化能力
● 熟悉 分散式架構，具備高併發、大量設備連線處理能力
● 熟悉 雲端平台（如 GCP），能進行雲端系統開發與部署

加分條件
● 熟悉 Linux 環境開發，有 Edge Computing 或嵌入式系統經驗
● 熟悉 DevOps 及 CI/CD 流程，有 GitOps 實作經驗
● 具備 電力控制、智慧建築、環控系統 開發經驗
● 具備 高效能系統開發經驗，熟悉並行與非同步處理技術
● 曾開發過 工業自動化或物聯網應用

我們提供的環境
● 技術驅動文化：我們重視技術創新與解決方案，讓你能深度參與架構設計與開發。
● 強調學習與成長：提供技術分享、內部交流機會，支持專業證照與外部進修。
● 影響力與挑戰：你的開發將直接影響智慧建築、工業物聯網等領域，為市場帶來創新應用。
● 完善的職涯發展：提供技術與管理雙軌成長機會，支援個人發展目標。

如果你熱愛技術，想在軟硬體整合的領域發揮影響力，歡迎加入我們，一起打造下一代智慧建築系統！立即應徵，成為我們的一員！,不拘,ASP.NET、C#、MySQL
提升專業能力
提升專業能力,不拘","軟體工程師
、網頁設計師
、Internet程式設計師","月薪50,000~100,000元",無需出差外派,台中市北區太原北路130號11樓,"https://maps.google.com.tw/?q=%E6%99%BA%E7%94%9F%E6%B4%BB%E7%A7%91%E6%8A%80%E8%82%A1%E4%BB%BD%E6%9C%89%E9%99%90%E5%85%AC%E5%8F%B8@24.1653425,120.6701508&z=17",智生活科技股份有限公司
https://www.104.com.tw/job/7yl06?app_jobsource=m_time4jobs&jobsource=new_map,自動控制助理工程師,"1.配電盤組裝及配線
2.測試及試車，確認功能
3.AutoCad繪製能力
4.執行主管交辦事項
5.跨部門溝通與協調,與人協同合作,Excel、Outlook、Word、PLC
提升專業能力
提升專業能力,不拘","通訊軟體工程師
、軟體工程師
、韌體工程師","月薪37,500~43,500元",無需出差外派,台中市潭子區大豐路一段188之3號,"https://maps.google.com.tw/?q=%E6%8D%B7%E7%BE%8E%E7%B2%BE%E5%AF%86%E5%B7%A5%E6%A5%AD%E6%9C%89%E9%99%90%E5%85%AC%E5%8F%B8@24.212493,120.6905028&z=17",捷美精密工業有限公司
https://www.104.com.tw/job/7c367?app_jobsource=m_time4jobs&jobsource=new_map,軟體開發工程師,"工作內容:
1. 負責產品Android app 應用程式開發
2. Android開發環境搭建，並符合產品設計需求
3. 進行軟體測試與修改，負責維護與bug修正。
4. 撰寫相關開發文件
5. 配合新產品軟體需求，進行API串接資料及開發

其他條件:
1. 具備android與Java或delphi開發經驗兩年以上
2. 具備android SDK開發經驗
3. 熟練使用SVN或其他版本控制工具
4. 熟悉MySQL數據庫開發
5. 至少有兩款android產品相關項目開發經驗，並展示研發作品
擅長工具:
Android, Delphi, C, Java, SVN,不拘,不拘,不拘",軟體工程師,"月薪40,000~50,000元",無需出差外派,台中市西區台灣大道二段186號23樓之2,"https://maps.google.com.tw/?q=%E7%BE%8E%E5%BA%B7%E7%94%9F%E7%89%A9%E7%A7%91%E6%8A%80%E6%9C%89%E9%99%90%E5%85%AC%E5%8F%B8@24.1513769,120.6700861&z=17",美康生物科技有限公司
https://www.104.com.tw/job/6niw4?app_jobsource=m_time4jobs&jobsource=new_map,Vue.js 前端工程師,"職缺描述：
––
 - 開發與維護指定專案的Web前/後台(含管理控制台)的前端部分。
 - 須相關學歷/經歷/作品(Side Project可)/專案經驗或工作經驗，至少擁有一項。

基本條件：
––
01. 熟悉HTML5/CSS網頁切版
 - 可以從原稿切出針對各種裝置(PC/Pad/Mobile等等)夠自適應(RWD)的前端頁面。
 - 不使用Bootstrap(即單純使用CSS Media Queries)實現RWD。

02. 熟悉前端的相關技術
 - 熟悉Javascript (至少ES6)、Ajax。
 - 熟悉Vue3。
 - 熟悉設計各種微動畫效果來加強網頁的樣式或用戶體驗 (UX)。
 - 熟悉串接API，取得/分析/篩選來源數據，並且即時render整理後資訊。

03. 熟悉VSCode編輯器

04. 具有除錯能力

05. 團隊合作(與PM/後端)及良好溝通與抗壓能力

加分條件(具有下列條件者有加分)：
––
01. 能夠提供給PM或其他設計師更好的操作流程建議，具有優化使用者體驗的能力

02. 熟悉使用Webpack或者各種相關能加速開發的技能(SASS/SCSS/Less)

03. 具有豐富的作品展示

04. 熟悉 Nuxt.js

05. 使用 TypeScript 經驗

06. 具備 SEO，UI / UX 觀念者佳

福利與制度：
––
- 彈性上下班制度。(09:00~18:00 彈性時間)。
- 平行化管理，不限制穿著。
- 不定期員工聚餐、康樂活動。
- 明亮寬敞的辦公環境。
- 冰箱、飲水機、咖啡機等完善設備。
- 每日200元午餐費用補助。
- 喝不完的飲料、吃不完的零食。
- 具備開發彈性與技術深度,不拘,Github、Git、AJAX、HTML、JavaScript、CSS、Sass、VueJS
提升專業能力
提升專業能力,系統架構規劃、系統整合分析、軟體工程系統開發、軟體程式設計、模組化系統設計、網頁軟體操作、網頁語法撰寫","網頁設計師
、Internet程式設計師
、軟體工程師","月薪40,000~88,000元",無需出差外派,台中市北區崇德路一段631號,"https://maps.google.com.tw/?q=%E6%B0%B8%E6%81%86%E5%9C%8B%E9%9A%9B%E7%B6%B2%E8%B7%AF%E6%9C%89%E9%99%90%E5%85%AC%E5%8F%B8@24.1673028,120.6848634&z=17",永恆國際網路有限公司
https://www.104.com.tw/job/8o1sf?app_jobsource=m_time4jobs&jobsource=new_map,D4000 電商訂購系統前端開發工程師,"【工作內容】
1. 使用React框架開發高效、可擴展的用戶界面組件，並與後端 API 集成以實現完整的應用程式。
2. 將設計圖轉化為具有交互性和視覺吸引力的前端界面，確保用戶體驗的優化和一致性。
3. 與設計師和產品團隊合作，理解產品需求並提供技術建議，以實現最佳的用戶界面設計。
4. 使用 React 生態系統中的相關庫和工具，如 Redux、React Router等，管理應用程式的狀態和路由。

【工作技能】
1. 熟練掌握 React 框架及相關生態系統，並有相應的實際開發經驗。
2. 深入理解 React 的組件化開發模式和單向數據流，能夠編寫可重用和可測試的組件代碼。
3. 熟悉 JavaScript 和 ES6+特性，能夠解決跨瀏覽器兼容性問題並使用最新的語言功能。
5. 熟悉前端工程化和自動化工具，如 Webpack、Babel 等，並能夠配置和優化相應的開發環境。
6. 具備良好的團隊合作能力和溝通能力，能夠有效地與設計師、產品經理和其他開發人員合作。
7. 對於性能優化、程式質量和安全性有著高度的關注和要求。

【加分條件】
1. 對於 Nginx 專案佈署有相關經驗。
2. 熟悉 webpack、gulp 打包工具。
3. 對於前後端分離有相關經驗。
4. 具備良好的設計感和用戶體驗意識，能夠將設計轉化為具體的前端實現。
5. 持續學習和探索新的技術和工具，並將其應用於實際項目中。,不拘,不拘,不拘","前端工程師
、軟體工程師",待遇面議,無需出差外派,台中市北屯區文心路四段955號9樓(近四維國小站),"https://maps.google.com.tw/?q=%E5%AF%8C%E9%82%A6%E5%AA%92%E9%AB%94%E7%A7%91%E6%8A%80%E8%82%A1%E4%BB%BD%E6%9C%89%E9%99%90%E5%85%AC%E5%8F%B8(%E5%AF%8C%E9%82%A6momo)@24.1712057,120.6951091&z=17",富邦媒體科技股份有限公司(富邦momo)
https://www.104.com.tw/job/8irpd?app_jobsource=m_time4jobs&jobsource=new_map,AI 工程師,"1.負責軟體之分析、設計以及程式撰寫：熟悉 python、TS，深度了解 ML、 LLM、RAG、Finetune、Agent 原理，熟悉 LangChain/LlamaIndex 任一框架。
2.規劃執行軟體架構及模組之設計，並控管軟體設計進度。
3.進行軟體之測試與修改，協助公司 AI 產品開發。
4.評估客戶需求，協助 AI 落地應用
5.規劃、執行與維護量產的產品。
6.協助研發軟體新技術與新工具。,未填寫,Linux、Github、Git、Python、LLM、Node.js
提升專業能力
提升專業能力,系統架構規劃、軟體工程系統開發、軟體程式設計、模組化系統設計","軟體工程師
、後端工程師
、AI工程師",待遇面議,無需出差外派,台中市大里區中興路１段159-1號3樓,"https://maps.google.com.tw/?q=%E5%B5%99%E6%80%9D%E7%A7%91%E6%8A%80%E8%82%A1%E4%BB%BD%E6%9C%89%E9%99%90%E5%85%AC%E5%8F%B8@24.0961129,120.686785&z=17",嵙思科技股份有限公司
https://www.104.com.tw/job/80ffx?app_jobsource=m_time4jobs&jobsource=new_map,軟體研發工程師(嵌入式系統開發),"1.相關系統產品功能之軟體設計
2.產品測試程式開發與協助導入
3.單晶片程式撰寫
4.單晶片週邊系統整合 。
5.嵌入式系統開發(Risc-V、ARM)、軟體驗證與維護
6.協助硬體驗證與解決問題。
7.熟C語言程式 / 諳 C++、python 、組合語言程式、硬體電路尤佳。,- MCU firmware writting experience(assembly, CPLD...)
- Good electronic knowledge, able to read schematics, able to use scope.
- Able to communicate in English.
- Familiar with embedded system development
- Risc-V development experience is preferred
- Familiar with RTOS is preferred,MCU、C、C++、Python
提升專業能力
提升專業能力,軟體工程系統開發、軟體程式設計","軟體工程師
、韌體工程師",待遇面議,無需出差外派,台中市北屯區三甲東街221號,"https://maps.google.com.tw/?q=%E6%96%B0%E5%8A%A0%E5%9D%A1%E5%95%86%E9%9B%85%E8%BF%AA%E5%85%8B%E8%82%A1%E4%BB%BD%E6%9C%89%E9%99%90%E5%85%AC%E5%8F%B8%E5%8F%B0%E7%81%A3%E5%88%86%E5%85%AC%E5%8F%B8@24.1721488,120.7179771&z=17",新加坡商雅迪克股份有限公司台灣分公司
https://www.104.com.tw/job/82gs0?app_jobsource=m_time4jobs&jobsource=new_map,《身心障礙人才招募專區》,"為增加身障朋友就業機會，設立此身心障礙人才招募專區，歡迎對本公司職缺有興趣且持有身心障礙手冊的朋友主動投遞履歷  。

● 有意應徵者請先以104系統投遞履歷，視個人學經歷媒合職缺，如有合適職務，將主動與您聯繫。(不合適者恕不另行通知)
● 其他工作機會若符合身障朋友專長或興趣，可主動投遞履歷表應徵，以增加面試機會。
● 工作地點:台中。
● 薪資依據分派之職缺、專業能力、工作屬性、過往學經歷等條件核薪。,不拘,不拘,不拘","產品企劃
、遊戲工程師
、美術設計","月薪30,000元以上",無需出差外派,台中市北區健行路360號4樓之1,"https://maps.google.com.tw/?q=%E9%9A%86%E4%B8%AD%E7%B6%B2%E7%B5%A1%E8%82%A1%E4%BB%BD%E6%9C%89%E9%99%90%E5%85%AC%E5%8F%B8@24.1594609,120.68302&z=17",隆中網絡股份有限公司
https://www.104.com.tw/job/7fhcf?app_jobsource=m_time4jobs&jobsource=new_map,資深軟體工程師(PC base)-台中潭子,"需有半導體設備經驗
1. 熟悉Visual Studio、C++或C#語言
2. 編寫半導體設備設備控制軟體
3. 熟悉電控元件使用及規劃,熟悉PC Base自動控制者、能獨立作業尤佳、邏輯觀念佳,C、C#、C++、Visual Basic、Visual Studio .net
提升專業能力
提升專業能力,軟體工程系統開發、軟體程式設計","自動控制工程師
、軟體工程師","月薪45,000~80,000元",無需出差外派,台中市潭子區中山路二段,"https://maps.google.com.tw/?q=%E5%BE%AE%E5%8B%81%E7%B2%BE%E5%AF%86%E6%9C%89%E9%99%90%E5%85%AC%E5%8F%B8@24.209873,120.7052672&z=17",微勁精密有限公司
https://www.104.com.tw/job/8s7ez?app_jobsource=m_time4jobs&jobsource=new_map,網頁切版工程師 【保障年薪14個月】,"【 About  Us 】
廣告行銷產業變動快速，是具備高度競爭力的產業。我們的團隊節奏快，管理風格扁平、重視團隊合作與溝通協作，歡迎有挑戰精神的您加入我們的團隊，共同在資訊洪流中展穩腳步並且茁壯成長！

【網頁切版工程師 】讓設計完美重現於每一個畫面！
我們正在尋找一位注重細節、具備紮實切版技術的網頁切版工程師，能完美還原設計師的 Figma 視覺稿，轉化為穩定、兼容、結構清晰的前端頁面。

【工作內容 / 你將負責】
◤ 依照設計師提供的Figma設計檔，撰寫語意正確的 HTML/CSS 程式碼精準還原設計稿。
◤ 實作 RWD 響應式網頁，確保網站在桌機、平板與手機上皆有良好體驗。
◤ 解決不同瀏覽器（Chrome、Safari、Edge、Firefox 等）間的相容性與排版問題。
◤ 與設計師、前端工程師密切合作，優化版面視覺動線與結構化等細節。

【必備技能 / 我們希望你】
◆ 設計、資訊、數位相關科系畢業尤佳，或具備相關實務經驗者亦可。
◆ 熟練使用 HTML、CSS、JS 並具備 RWD 切版經驗、本職位著重切版技術。
◆ 對於切版結構與語意標籤有邏輯思維，理解可維護性的 CSS 架構。
◆ 細心負責，能獨立作業。
◆ 具跨部門溝通經驗(如設計、前端) 團隊密切配合與積極反饋能力。

【加分技能】

【你會喜歡這裡，因為我們】
☆ 重視創意與溝通，尊重每個人的專業與聲音。
☆ 我們重視效率，追求成果勝過加班時數。
☆ 我們提倡員工自主性，鼓勵成員在工作中主動思考並持續成長。
☆ 鼓勵開放討論與積極回饋，任何人都可以提出好點子。
☆ 成果導向：您的努力會被看見。在這裡，回報與表現成正比。
☆ 鼓勵成員持續學習新知與優化流程，一起進化不間斷。
☆ 只要你對職涯有積極成長的規劃與期待，我們非常樂意提供舞台與機會。

★具競爭力的公司福利★
◇固定年終獎金2個月
◇三節禮金
◇生日禮金
◇每年穩定調薪
◇每年享有12天(以上)特休+不扣薪病假5天
◇不定期部門聚餐
◇團康活動(運動類、益智桌遊、藝術創作)
◇員工活動

★成為正式員工額外享有★
◇一年2次績效考核獎金
◇員工團體保險
◇年度健康檢查
◇健身房補助方案,不拘,HTML、JavaScript、CSS
提升專業能力
提升專業能力,網頁語法撰寫","前端工程師
、Internet程式設計師
、網頁設計師","月薪36,000~42,000元",無需出差外派,台中市北屯區,"https://maps.google.com.tw/?q=%E8%B5%AB%E7%88%BE%E5%A2%A8%E6%80%9D%E8%A1%8C%E9%8A%B7%E6%9C%89%E9%99%90%E5%85%AC%E5%8F%B8@24.1815237,120.6861019&z=17",赫爾墨思行銷有限公司
https://www.104.com.tw/job/8pwcs?app_jobsource=m_time4jobs&jobsource=new_map,網路硬體工程師,"熟悉網路通訊，硬體伺服器與筆電故障排除及簡易維修,不拘,不拘,不拘","網路管理工程師
、資訊設備管制人員",待遇面議,無需出差外派,台中市大雅區西寶里昌平路四段252號,"https://maps.google.com.tw/?q=%E6%96%B0%E5%8C%97%E6%B5%B7%E4%BC%81%E6%A5%AD%E8%82%A1%E4%BB%BD%E6%9C%89%E9%99%90%E5%85%AC%E5%8F%B8@24.2212021,120.6692878&z=17",新北海企業股份有限公司
https://www.104.com.tw/job/87i2l?app_jobsource=m_time4jobs&jobsource=new_map,中區網路系統工程師,"1.網路系統安裝及建置。
2.網路設備解決⽅案安裝及建置。
3.網路設備售後異常、故障排除。
4.機房伺服器維護及故障排除。
5.VM虛擬機系統維護及故障排除
6.備份系統維護及故障排除。
7.網路系統維護、維運。
8.歡迎對IT產業有興趣的您加入我們的團隊。
9.具CCNA證照佳。,1.具網路基礎知識、概念。
2.須面對客戶、勇於接受挑戰、具熱忱與細心、願意主動學習各項新技術。
3.需配合、支援其他部門工作。
4.具有CCNA證照佳。
5. 需自備筆記型電腦。,Excel、Word
提升專業能力
提升專業能力,資料備份與復原、資訊設備環境設定、安裝與維護網路安全系統、規劃與管理防火牆、網路系統配置、網路設備設定安裝","網路管理工程師
、系統工程師
、其他資訊專業人員","月薪35,000~45,000元",需出差，一年累積時間約一個月以下,台中市北屯區和順路631號,"https://maps.google.com.tw/?q=%E5%BB%A3%E6%88%90%E8%B3%87%E8%A8%8A%E8%82%A1%E4%BB%BD%E6%9C%89%E9%99%90%E5%85%AC%E5%8F%B8@24.180612,120.7224512&z=17",廣成資訊股份有限公司
https://www.104.com.tw/job/8bo1n?app_jobsource=m_time4jobs&jobsource=new_map,"商務拓展, 品牌商務策略 專員/經理","1. 維護和管理公司電子商務網站、應用程序、數據庫等相關技術
2. 監督電子商務網站的功能性和性能，以確保它們總是可靠和高效的
3. 測試新的電子商務技術和軟體，並與團隊合作實現項目發展
4. 協調跨部門的團隊合作，確保項目按時完成
5. 處理客戶的問題和要求，提供快速解決方案。

這個職位對於公司未來的發展至關重要，因為他/她負責管理和維護電子商務網站和相關技術。透過此職位，員工可以在電子商務領域中不斷學習和成長。
我們歡迎符合上述要求的申請人提交履歷表。,不拘,不拘,不拘","網站行銷企劃
、電子商務技術主管
、廣告AE業務",時薪190元以上,依公司規定,台中市東區六順路109號,"https://maps.google.com.tw/?q=%E9%82%91%E6%96%B9%E9%86%AB%E7%99%82%E5%99%A8%E6%9D%90%E4%BC%81%E6%A5%AD%E7%A4%BE@24.1254268,120.700062&z=17",邑方醫療器材企業社
https://www.104.com.tw/job/8ml6j?app_jobsource=m_time4jobs&jobsource=new_map,【系統研發部】資深主任後端工程師,"【工作職責】
●擔任技術窗口，在開發過程中進行需求規格確認、跨組別對接討論及組內任務分配，確保研發過程及交付內容的高質量與正確性。
●擔任技術管理者，制定技術規範、維護技術文件、檢視日常任務，確保團隊協作順暢，職務代理成本最小化及開發效率最佳化。
●異常問題排查，若非上班時間發生線上異常需配合 on call 或指派相關人員進行處理，確保產品盡速恢復正常運作。

【其他條件】
● 程式語言：C# 為主，JavaScript/TypeScript、Go
● 資料庫：MySQL、PostgreSQL、MongoDB、Redis
● 容器化管理 (K8S 為主)
● 雲服務操作及管理 (GCP 為主)
● 具全端開發或設計經驗佳
● 專案管理與溝通協調
● 解決問題與持續優化,不拘,不拘,不拘","軟體工程師
、遊戲工程師
、Internet程式設計師",待遇面議,無需出差外派,台中市北區健行路356號,"https://maps.google.com.tw/?q=%E5%90%91%E4%B8%8A%E9%9B%86%E5%9C%98_%E5%90%91%E4%B8%8A%E5%9C%8B%E9%9A%9B%E7%A7%91%E6%8A%80%E8%82%A1%E4%BB%BD%E6%9C%89%E9%99%90%E5%85%AC%E5%8F%B8@24.159315,120.683007&z=17",向上集團_向上國際科技股份有限公司
https://www.104.com.tw/job/8v5g8?app_jobsource=m_time4jobs&jobsource=new_map,前端工程師,"【工作內容】
1. 依據設計稿進行 純手刻 HTML / CSS 切版製作，將設計圖稿轉換為高品質、跨裝置 響應式網頁（RWD）
2. 熟悉 網站前端架構、語意化 HTML、CSS / SCSS，具備良好 排版彈性與元件化思維
3. 基本掌握 Javascript / jQuery，可開發互動功能並處理網頁行為邏輯
4. 與 PM / 業務 / 後端團隊密切溝通協作，具備主動理解需求與解決問題的能力，不排斥跨部門溝通協調
5. 負責既有產品系統 / 後台管理平台之維護與優化
6. 熟悉 Git 版本控制流程，具備團隊協作開發經驗
7. 對網站效能、穩定性與跨瀏覽器相容性具高度敏感度與責任感，能即時處理突發狀況
8. 負責前端應用程式的 UI/UX 設計和優化，提升用戶體驗。

【加分條件】
1. 具備 Vue 3 或 React 前端框架開發經驗
2. 具備 UI/視覺設計能力 或熟悉 Figma / XD / Sketch 等工具
3. 具備 IoT 串接實作經驗
4. 曾參與 EMS 能源管理、MES 製程管理、ERP 系統或智慧工廠相關軟體設計/使用 經驗尤佳,不拘,Node.js、VueJS
提升專業能力
提升專業能力,使用者介面設計、網頁語法撰寫、軟體程式設計",前端工程師,"月薪34,000~42,000元",無需出差外派,台中市北屯區文心路四段81號5樓之2,"https://maps.google.com.tw/?q=%E5%8A%9B%E5%AD%B8%E8%82%A1%E4%BB%BD%E6%9C%89%E9%99%90%E5%85%AC%E5%8F%B8@24.1742346,120.6726482&z=17",力學股份有限公司
https://www.104.com.tw/job/8v2u6?app_jobsource=m_time4jobs&jobsource=new_map,AI軟體工程師,"1.負責AI智慧平台與應用系統之規劃、開發與優化。
2.維運並持續開發產品核心平台及共用函式庫。,不拘,Linux、Qt、C#、C++
提升專業能力
提升專業能力,不拘",軟體工程師,待遇面議,無需出差外派,台中市大里區工業九路118號4樓,"https://maps.google.com.tw/?q=%E9%82%A6%E7%9D%BF%E7%94%9F%E6%8A%80%E8%82%A1%E4%BB%BD%E6%9C%89%E9%99%90%E5%85%AC%E5%8F%B8@24.0988511,120.7169482&z=17",邦睿生技股份有限公司
https://www.104.com.tw/job/7y2tv?app_jobsource=m_time4jobs&jobsource=new_map,(DR41- ) 工程師/高級工程師 (台中),"因應承接國際大廠ODM專案需求將擴編徵才，並計畫於近期IPO，歡迎菁英人才加入我們的行列。

工作內容:
AI演算法及物件追蹤等，演算法實現,不拘,Linux、C、C++
提升專業能力
提升專業能力,不拘",軟體工程師,待遇面議,無需出差外派,台中市北屯區崇德路二段252號7F,"https://maps.google.com.tw/?q=%E7%B6%A0%E5%9F%BA%E4%BC%81%E6%A5%AD%E8%82%A1%E4%BB%BD%E6%9C%89%E9%99%90%E5%85%AC%E5%8F%B8@24.1749323,120.6859182&z=17",綠基企業股份有限公司
https://www.104.com.tw/job/75ofx?app_jobsource=m_time4jobs&jobsource=new_map,資深全端工程師,"1. 後端系統開發與整合
2. 熟悉任一程式語言 (NodeJS, C#, GO等)
3. 熟悉前後端分離開發模式
4. 具Docker 或 K8S 工作經驗
5. 後端工作經驗兩年以上
6. 具備微服務開發經驗者佳,不拘,C#、Go、JavaScript、Node.js、VueJS
提升專業能力
提升專業能力,軟體工程系統開發、軟體程式設計、網路程式設計","Internet程式設計師
、軟體工程師
、遊戲工程師","月薪55,000~90,000元",無需出差外派,台中市北屯區文心路三段447號30樓之1,"https://maps.google.com.tw/?q=%E5%86%A0%E5%AE%87%E6%95%B8%E4%BD%8D%E7%A7%91%E6%8A%80%E8%82%A1%E4%BB%BD%E6%9C%89%E9%99%90%E5%85%AC%E5%8F%B8@24.1736769,120.6685984&z=17",冠宇數位科技股份有限公司
https://www.104.com.tw/job/81fd6?app_jobsource=m_time4jobs&jobsource=new_map,程式軟體工程師,"【工作內容】
1.自動化設備軟體分析、設計、程式撰寫與維護
2.負責進行軟體的測試與修改
3.規劃或執行軟體架構及模組之設計、修改與驗證，並控管進度
4.其他主管交辦事項

【職務條件】
1.有Modbus，CAN，I2C，MQTT，RS485，UART等之任一通訊協議開發設計經驗佳
2.合作和溝通的能力，能獨立開發與解決問題,不拘,C#、PLC
提升專業能力
提升專業能力,軟體工程系統開發、軟體程式設計",軟體工程師,"月薪35,000~42,000元",無需出差外派,台中市大里區工業路77號,"https://maps.google.com.tw/?q=%E5%A4%A7%E5%85%89%E9%95%B7%E6%A6%AE%E6%A9%9F%E6%A2%B0%E8%82%A1%E4%BB%BD%E6%9C%89%E9%99%90%E5%85%AC%E5%8F%B8@24.0989825,120.715539&z=17",大光長榮機械股份有限公司
https://www.104.com.tw/job/81fb1?app_jobsource=m_time4jobs&jobsource=new_map,,"【工作職責】
●負責產品站台開發與維護，包含後台管理系統、官網、etc. (Vue3)。
●負責 API 功能設計、開發與維護 (JavaScript/TypeScript)。
●負責 API 文件撰寫與維護。
●負責擔任技術窗口，與協作單位進行串接、溝通及異常排除。
●負責程式碼版本控管及自動化發布流程規劃 (Git/CI/CD)。
●負責確保程式碼品質，包含撰寫單元測試，制定或遵循編碼風格。
●服務發生問題時需配合線上異常排查 (on call)。

【其他條件】
●熟悉至少一種前端開發框架 (Vue.js、React.js、etc ..)
●具 SEO 經驗，可靈活規劃 SSR / CSR / SSG 應用
●網路通訊中錯誤處理規則的設計能力
●軟體可靠性、資料一致性及服務可用性的基本設計概念
●文件編寫與管理能力
●溝通協調與團隊協作能力,不拘,不拘,不拘","軟體工程師
、遊戲工程師
、Internet程式設計師",待遇面議,無需出差外派,台中市北區健行路356號,"https://maps.google.com.tw/?q=%E5%90%91%E4%B8%8A%E9%9B%86%E5%9C%98_%E5%90%91%E4%B8%8A%E5%9C%8B%E9%9A%9B%E7%A7%91%E6%8A%80%E8%82%A1%E4%BB%BD%E6%9C%89%E9%99%90%E5%85%AC%E5%8F%B8@24.159315,120.683007&z=17",向上集團_向上國際科技股份有限公司
https://www.104.com.tw/job/8l6ke?app_jobsource=m_time4jobs&jobsource=new_map,資訊人員,"1、鼎新SMART ERP系統管理/維護/憑證設計
2、NAS系統管理/維護;
3、Terminal Server系統維護及管理 
4、電子信箱系統維護及管理
5、電子簽核系統設定/管理/維護
6、資訊設備及電腦硬體設備故障排除及叫修
7、其他主管交代事項,不拘,Excel、PowerPoint、Word
提升專業能力
提升專業能力,伺服器網站管理維護、電腦設備裝配、資訊設備操作檢修、資訊設備環境設定","資訊設備管制人員
、網路管理工程師
、系統工程師","月薪35,000~45,000元",無需出差外派,台中市北屯區文心路四段141之4號,"https://maps.google.com.tw/?q=%E5%A4%A9%E8%8F%AF%E5%9C%8B%E9%9A%9B%E7%94%9F%E6%8A%80%E8%82%A1%E4%BB%BD%E6%9C%89%E9%99%90%E5%85%AC%E5%8F%B8@24.1738118,120.6756507&z=17",天華國際生技股份有限公司
https://www.104.com.tw/job/876xu?app_jobsource=m_time4jobs&jobsource=new_map,自動控制/電控 PLC 工程師(台中),"1、 熟三菱PLC尤佳
2、 自動化設備電控項目設計開發及裝配測試。
3、 負責自動化設備軟體的分析、設計、程式撰寫與維護。 
4、 PLC、人機介面程式開發及測試、程控架構規劃及防錯設計。 
5、 具備PLC、HMI設計經驗、動作流程規劃及機台安規認證。 
6、 依機台需求進行『通訊、伺服控制及robot動作』設計。 
7、 技術資料的編撰及蒐集驗證。 
8、 現場測試、調整與現場故障排除。 
9、 基本電路配線。 
10、陪同客服工程師至客戶端維修。,1.能獨立工作，且具備快速學習能力。
2.有1年以上自動化機器設備或專用機設計實務經驗者尤佳，經驗越豐富薪資越高。
3.機電整合、電機、電子、資訊等相關科系者佳。,AutoCAD、PLC
提升專業能力
提升專業能力,電工圖識圖與繪圖、電機設備研發、CNC程式設計與程式模擬、電控╱感測迴路裝配","自動控制工程師
、電機技師／工程師
、軟體工程師",待遇面議,無需出差外派,台中市神岡區民權路37-8號,"https://maps.google.com.tw/?q=Cosen%20Mechatronics%20Co.%2C%20Ltd_%E9%AB%98%E8%81%96%E7%B2%BE%E5%AF%86%E6%A9%9F%E9%9B%BB%E8%82%A1%E4%BB%BD%E6%9C%89%E9%99%90%E5%85%AC%E5%8F%B8@24.1364929,120.6813608&z=17","Cosen Mechatronics Co., Ltd_高聖精密機電股份有限公司"
https://www.104.com.tw/job/7wzyc?app_jobsource=m_time4jobs&jobsource=new_map,SA 系統分析師,"我們非常重視團隊合作，我們的客戶有很多不同產業類別，歡迎勇於接受挑戰的您，加入崴浤科技這個團隊

工作內容
1. 進行需求訪談， 撰寫需求及系統分析文件。
2. 熟悉並具有 PHP 程式開發經驗 
3. 需具 SQL 能力、資料庫規劃能力
4. 需具備良好溝通能力

徵求條件
1. 需系統分析師的工作經驗（2年以上）
2. 需 PHP 程式開發經驗 （2年以上）
3. 需資料庫規劃經驗
4. 重視團隊合作，擅於多方溝通合作,不拘,PHP、MySQL
提升專業能力
提升專業能力,不拘","系統分析師
、軟體工程師
、Internet程式設計師","月薪35,000~60,000元",無需出差外派,台中市北屯區崇德路二段252號8樓,"https://maps.google.com.tw/?q=%E5%B4%B4%E6%B5%A4%E7%A7%91%E6%8A%80%E8%82%A1%E4%BB%BD%E6%9C%89%E9%99%90%E5%85%AC%E5%8F%B8@24.1749323,120.6859182&z=17",崴浤科技股份有限公司
https://www.104.com.tw/job/8ecvp?app_jobsource=m_time4jobs&jobsource=new_map,AI應用工程師/AI管理師,"1. 需參與產品開發生命週期，並搭配AI輔助設計工具開發。
2. 應用AI及ML技術於產品設計，並進行AI數位設計工具產品功能規劃，與廠商開發成果review。
3. 需與團隊共同進行使用者需求探索，並參與需求訪談、AI設計工具能研究與規劃等工作。
4. 可建立相關原型，確認技術是否可行並且運作。
5. 提供技術選型上的建議，並擔任溝通橋樑，與其他團隊協同合作。
6. 妥善安排專案時程，並且善於多方溝通。,不拘,Linux、C++、Python、PyTorch
提升專業能力
提升專業能力,不拘",AI工程師,待遇面議,無需出差外派,台中市北屯區三光巷51-1號,"https://maps.google.com.tw/?q=%E9%96%8E%E5%8D%9A%E7%A7%91%E6%8A%80%E6%9C%89%E9%99%90%E5%85%AC%E5%8F%B8@24.1642514,120.6956878&z=17",閎博科技有限公司
https://www.104.com.tw/job/84ttm?app_jobsource=m_time4jobs&jobsource=new_map,前端工程師,"Familiar with:

1. Javascript, Html, CSS

2. RWD

3. Bootstrap layout

4. Web API exp.

5.Linux exp.

6. Git

7.熟python或Django 或 寫過template 語言

8. 優秀的作品集 (能展示您過去的開發案例與決策思考過程)



個人特質:

1. 具視覺傳達溝通能力與美學素養，邏輯清楚，良好的流程設計概念

2. 對程式開發有熱情，願意主動嘗試新技術

3. 開發效率、自我管理、解決問題的能力

4. 能與團隊緊密合作，以確保開發與需求相符,不拘,Git、HTML、JavaScript、CSS、Django
提升專業能力
提升專業能力,軟體工程系統開發、軟體程式設計、網路程式設計、網頁語法撰寫","前端工程師
、軟體工程師
、網頁設計師",待遇面議,無需出差外派,台中市北屯區文心路四段752之2號(宏台企業大樓3樓),"https://maps.google.com.tw/?q=%E6%96%B0%E5%8A%A0%E5%9D%A1%E5%95%86%E5%86%95%E5%89%B5%E6%9C%89%E9%99%90%E5%85%AC%E5%8F%B8@24.1715934,120.6884834&z=17",新加坡商冕創有限公司
https://www.104.com.tw/job/8vcju?app_jobsource=m_time4jobs&jobsource=new_map,ICT 專業維運工程師 - 成為我們高速成長的神隊友！,"對於國際多語客服中心，網路與電信系統的穩定性是我們提供卓越服務的最高承諾。我們的服務穩定，是建立在內部 IT 與外部專業團隊共同建構的紮實架構之上。

我們正在尋找一位具備經驗、追求卓越，願意投入維護這份穩定且持續優化架構的 ICT 專業人才！

[您的核心價值與專業協作]
您的職責是成為這份穩定架構的守護者和協調者，確保服務始終如一地高效運轉。

[內外協作的橋樑與通訊維穩核心]

作為公司與外部網路/電信服務商之間專業且技術性的主要聯絡窗口，共同規劃維護策略、執行系統調整與優化，確保國際通訊的高可用性 (High Availability)。

持續監控核心網路與電信設備運行狀態，主動與外包團隊預防和排解潛在異常，確保服務不受影響。

[企業端點設備標準化與支援]
-依據高標準化流程，執行新進同仁電腦設備的配置、系統設定與帳號開通。
-迅速、專業地處理同仁日常電腦軟硬體使用問題，保障整體工作效率。

[ 資產、權限與資安管理]
-負責公司網路與雲端服務（如 M365/Google Workspace）的權限管理與維護。
-精確追蹤與管理所有 IT 硬體資產，掌握保固資訊，確保資源的最佳利用。
-對內部同仁宣導並落實資安與設備使用規範，共同守護企業資訊安全。

[穩定復原支援]
-在極少數發生的緊急網路或電信異常事件中，協助判斷、協調並支援外包商執行快速復原工作。

[ 我們期待的專業夥伴]
-專業基礎： 熟悉 Windows / macOS 環境，具備網路基礎知識（如 TCP/IP, DNS, DHCP）及故障分析能力。
-關鍵特質： 具備高責任感、優秀的跨部門及外部溝通協調能力，樂於學習並應用最新的 IT 穩定性技術。
-加分項： 具備網路設備基礎維護經驗，或相關 IT 認證（如 CCNA, Microsoft 認證）。

如果您追求的不只是工作，而是在一個穩定、國際化的平台上，成為一位確保企業核心服務不間斷的專業工程師，請即刻加入我們！,不拘,不拘,資訊設備環境設定、網路設備設定安裝、資訊設備操作檢修、電腦設備裝配、資料備份與復原、規劃與管理防火牆、伺服器網站管理維護、網路系統危機管理、安裝與維護網路安全系統","網路管理工程師
、資訊設備管制人員","月薪35,000元以上",無需出差外派,台中市北區崇德路一段629號7樓之2,"https://maps.google.com.tw/?q=%E7%BF%8A%E7%9B%9B%E5%9C%8B%E9%9A%9B%E6%9C%89%E9%99%90%E5%85%AC%E5%8F%B8@24.1674421,120.6847664&z=17",翊盛國際有限公司
https://www.104.com.tw/job/844zo?app_jobsource=m_time4jobs&jobsource=new_map,影像處理工程師-高雄,"1.產品演算法設計
2.產品演算法可用範圍測試
3.產品演算法技術文件產出與管理
4.資料蒐集分析
5.分析客戶影像，強化演算法開發
6.可接受新尖兵培育計畫培訓三個月為優先對象,不拘,Python
提升專業能力
提升專業能力,不拘","軟體工程師
、演算法工程師","月薪32,000~50,000元",無需出差外派,台中市中區綠川西街135號12樓之1,"https://maps.google.com.tw/?q=%E5%85%A8%E5%9F%9F%E7%A7%91%E6%8A%80%E6%9C%89%E9%99%90%E5%85%AC%E5%8F%B8@24.1391989,120.6836672&z=17",全域科技有限公司
https://www.104.com.tw/job/8hrop?app_jobsource=m_time4jobs&jobsource=new_map,【2026菁英實習專案】服務顧問師(台北/桃園/台中),"【 本實習專案限定在校學生身份，預計2026/06畢業者。】
※適用對象：全國大專院校研究所或大學應屆畢業生
※實習期間：預計2026/02/24(二)~2026/06/30(二)(請留意本實習工作需要至少每周4日以上，非僅寒暑假實習)
※此實習計畫接軌就業，經訓練且通過考核者，得留任為正式員工。
※實習地點：台北/桃園/台中

※工作內容：
1. 協助客戶ERP系統操作、流程應用及排除系統問題。 
2. 提供系統專業諮詢服務。

實習期間獎助學金、保險、福利、時程資訊等其他詳情，
請參閱2026鼎新菁英實習專案網頁https://reurl.cc/A3r54e,不拘,不拘,不拘","資訊助理
、營運管理師／系統整合／ERP專案師
、軟體專案管理師","月薪29,500元取得專屬你的薪水報告",無需出差外派,新北市新店區中興路一段222號；或；台中市大里區中興路一段161號(大里軟體園區),"https://maps.google.com.tw/?q=%E9%BC%8E%E6%96%B0%E6%95%B8%E6%99%BA%E8%82%A1%E4%BB%BD%E6%9C%89%E9%99%90%E5%85%AC%E5%8F%B8@24.1046899,120.6812114&z=17",鼎新數智股份有限公司
https://www.104.com.tw/job/7i09v?app_jobsource=m_time4jobs&jobsource=new_map,軟體研發工程師 (台中市北區),"我們在找尋有興趣與熱忱進行3D列印相關軟體研發的同仁，主要工作內容為使用Visual Studio C++/C# 開發3D模型設計軟體，應用在牙科醫療的相關領域；工作上，開發電腦圖學相關演算法，過程中需要找尋國內外期刊或技術資料，規劃演算法，希望能夠獨立思考能力，以進行溝通與討論、團隊合作完成開發。目前我們已經有初步成熟的產品，並與國外牙科大廠長期合作，期待您的加入，讓台灣的軟體更進一步邁向世界的舞台。

1. 需精通C/C++, C#
2. 熟悉MFC視窗介面設計或WPF
3. 熟悉電腦圖學演算法、OpenGL者尤佳,1. 請檢附求學或工作的相關軟體開發成果與說明
2. 請檢附相關英文能力證明,Github、C、C#、C++、Visual C++、Visual Studio
提升專業能力
提升專業能力,軟體程式設計、文書處理軟體操作、簡報軟體操作、電腦輔助設計軟體操作、使用者介面設計","軟體工程師
、演算法工程師
、Internet程式設計師",待遇面議,無需出差外派,台中市北區,"https://maps.google.com.tw/?q=%E5%93%81%E5%8D%B0%E4%B8%89%E7%B6%AD%E7%A7%91%E6%8A%80%E8%82%A1%E4%BB%BD%E6%9C%89%E9%99%90%E5%85%AC%E5%8F%B8@24.1573171,120.6832556&z=17",品印三維科技股份有限公司
https://www.104.com.tw/job/5zgfi?app_jobsource=m_time4jobs&jobsource=new_map,戴爾美語教育科技公司徵MIS資訊工程師(台中市)(股票代號:7603),"1). 公司簡介: 
本公司成立於1994年,至今已超過28年.為全國知名連鎖官方授權英文輔考中心,更是 
全國唯一榮獲中華民國品質獎之大型連鎖英文教學機構,目前於台北市,新北市,桃園, 
新竹,台中, 台南,高雄,屏東等縣市設有10所直營分校,同時,也經由美國及英國考試官 
方直接授權為托福TOEFL,GRE,及雅思IELTS考試三項考試官方正式考場,讓同學原 
地上課,原地考試.本公司從課程教授--->官方考場原地考試---->留遊學辦理一條龍
完整服務. 

2). 公司發展目標: 
2.1.期許成為全國教學品質最佳之多國語言教學機構. 
2.2.致力朝向股票公開發行及上市上櫃目標邁進. 
2.3.成為大型之綜合性多國語言教學機構. 
2.4.發展高端數位化雲端課程並結合實體教學之線上,線下兼具課程. 
2.5.垂直上,下游整合發展及橫向跨行業多角化經營, 

3). 工作內容: 
3.1.公司硬體設備維護. 
3.2.系統程式修改維護. 

4). 薪資福利待遇: 
4.1.本公司視經驗,能力提供業界高額薪資,
4.2.享有勞/健保險/勞退基金,
4.3.享有勞基法規定年休假,
4.4.公司月休八天,
4.5.視個人績效及日常工作表現與個人年終獎金,其它獎金,入股分紅制度成正比.

5). 學習成長: 
5.1.任職滿一年者,即可免費進修英文, 
5.2.學習與人才合作,與人互動,及解決問題能力. 
5.3.培養自己領導統御能力,以期未來擔任高階主管. 
5.4.建立及累積個人資產. 
5.5.應屆畢業生可.

6). 工作環境說明: 
本集團公司裝潢環境豪華高雅及舒適,整體設備先進,皆領先同業. 
誠摯歡迎具企圖心與責任感的同仁加入,共同拓展事業版圖.,本職務需具備以下技能： 
1).熟悉PHP,JavaScript/AJAX,jQuery
2).熟悉SQL語言,有操作過關聯性資料庫經驗(MySql).
3)微軟IIS網站架設、微軟伺服器FTP服務架設 
-網路安全防火牆設定、遠端連線埠設定 
-網域管理、DNS代管資料設定（A紀錄、CName紀錄、MX紀錄設定） 
-NAS儲存系統管理、DOS檔案傳輸指令、資料夾連線指令撰寫 
-微軟TCP/IP網路通訊協定管理、區域網路整體規劃,AJAX、Java、PHP
提升專業能力
提升專業能力,不拘","資訊設備管制人員
、網路管理工程師
、MIS／網管主管",待遇面議,無需出差外派,台中市南區台中路76號,"https://maps.google.com.tw/?q=%E6%88%B4%E7%88%BE%E7%BE%8E%E8%AA%9E%E6%95%99%E8%82%B2%E7%A7%91%E6%8A%80%E4%BA%8B%E6%A5%AD%E8%82%A1%E4%BB%BD%E6%9C%89%E9%99%90%E5%85%AC%E5%8F%B8%E9%99%84%E8%A8%AD%E8%87%BA%E4%B8%AD%E5%B8%82%E7%A7%81%E7%AB%8B%E6%88%B4%E7%88%BE%E8%AA%9E%E6%96%87%E7%9F%AD%E6%9C%9F%E8%A3%9C%E7%BF%92%E7%8F%AD@24.1337319,120.683198&z=17",戴爾美語教育科技事業股份有限公司附設臺中市私立戴爾語文短期補習班
https://www.104.com.tw/job/8sl0z?app_jobsource=m_time4jobs&jobsource=new_map,【技術開發部】(主任)後端工程師,"【工作職責】
● 使用Golang及grpc or http進行系統後端伺服器及API開發與維護。
● 負責開發多人連線網路系統。
● 後台管理介面開發及維護。
● 資料庫建置及運用。
● 網路同步機制撰寫。
● 具備K8S使用經驗。

【其他條件】
● 使用 Golang/C++/Asp.Net(MVCWeb API)/MSSQL/Redis/Postgresql 等技術。
● 具備一年以上遊戲伺服器開發經驗者佳。
● 使用 Server/Web/資料庫設計/程式設計的相關經驗。

【加分項目】
● 具備一年以上遊戲相關產業開發經驗者佳。
● 具備即時連線遊戲前後端串接流程相關經驗者佳。
● 具有獨立開發能力 (架構設計/流程設計/除錯/效能調整)者佳。,不拘,不拘,不拘","軟體工程師
、遊戲工程師
、後端工程師","月薪60,000元以上",無需出差外派,台中市北區健行路356號,"https://maps.google.com.tw/?q=%E9%9A%86%E4%B8%AD%E7%B6%B2%E7%B5%A1%E8%82%A1%E4%BB%BD%E6%9C%89%E9%99%90%E5%85%AC%E5%8F%B8@24.159315,120.683007&z=17",隆中網絡股份有限公司
https://www.104.com.tw/job/88wrj?app_jobsource=m_time4jobs&jobsource=new_map,品管中心組員/助理專員/專員,"科系：醫管、企管、資管、公衛相關科系皆可

應屆可，但需配合培訓。

工作條件:熟稔excel 函數、Word、power point軟體
                 會開發APP者尤佳
應徵文件:
1. 請上台中慈濟醫院官網人才招募下載履歷表
2.  https://taichung.tzuchi.com.tw/recruiting/,不拘,MS SQL、Excel、PowerPoint、Word
提升專業能力
提升專業能力,系統架構規劃、軟體工程系統開發","其他醫療從業人員
、軟體工程師","月薪30,130元以上",無需出差外派,台中市潭子區豐興路一段66、88號,"https://maps.google.com.tw/?q=%E4%BD%9B%E6%95%99%E6%85%88%E6%BF%9F%E9%86%AB%E7%99%82%E8%B2%A1%E5%9C%98%E6%B3%95%E4%BA%BA%E5%8F%B0%E4%B8%AD%E6%85%88%E6%BF%9F%E9%86%AB%E9%99%A2@24.1941709,120.7203818&z=17",佛教慈濟醫療財團法人台中慈濟醫院
https://www.104.com.tw/job/2hqoj?app_jobsource=m_time4jobs&jobsource=new_map,BIOS 工程師 - 台中,"1. 從事電腦BIOS與BIOS相關應用軟體開發、除錯、維護
2. BIOS應用規格及流程撰寫
3. 熟C語言，熟組合語言尤佳
4. 對PC設計具有興趣與熱忱，學習能力佳，無經驗可。非資訊相關科系者亦非常歡迎主動應徵本職缺,1. 具DRIVER相關經驗或興趣者，且對FIRMWARE的工作具有高度熱忱，主動解決問題的特質，略諳PC HARDWARE概念或大型應用軟體開發經驗者尤佳
2. 歡迎希望在台中地區就業從事BIOS開發之人才主動應徵
3. 歡迎社會新鮮人投遞履歷,C、C++、Excel、Outlook、PowerPoint、Word、Assembly
提升專業能力
提升專業能力,不拘","BIOS工程師
、軟體工程師
、韌體工程師",待遇面議,需出差，一年累積時間未定,台中市南區忠明南路,"https://maps.google.com.tw/?q=%E7%B3%BB%E5%BE%AE%E8%82%A1%E4%BB%BD%E6%9C%89%E9%99%90%E5%85%AC%E5%8F%B8@24.1191607,120.6707305&z=17",系微股份有限公司
https://www.104.com.tw/job/83shn?app_jobsource=m_time4jobs&jobsource=new_map,資料中心網路維運工程師(台中),"1、IDC電信機房日常維運及管理 
2、機房網路、環控系統監控、維運、障礙查修、報表製作
3、基本WAN/LAN 設定和維護及管理
4、完成部門主管交代事項
5、有相關網路維運經驗、資訊證照者尤佳,不拘,Cisco、LAN、TCP/IP、VLAN
提升專業能力
提升專業能力,作業系統基本操作、網路規劃管理","網路管理工程師
、資訊設備管制人員
、其他資訊專業人員","月薪32,000~34,000元",無需出差外派,台中市北屯區北屯區崇德九路459號,"https://maps.google.com.tw/?q=%E6%9D%B1%E8%B1%90%E7%A7%91%E6%8A%80%E8%82%A1%E4%BB%BD%E6%9C%89%E9%99%90%E5%85%AC%E5%8F%B8@24.1867947,120.6851373&z=17",東豐科技股份有限公司
https://www.104.com.tw/job/8vgol?app_jobsource=m_time4jobs&jobsource=new_map,電商數據分析專員,"我們是~嚴萃~保健食品

【工作內容】
1.收集與分析各通路（電商平台、官網、社群廣告）流量成效數據
2.建立行銷報表，追蹤KPI與轉換率
3.分析消費者行為、流量來源與購買路徑
4.協助優化廣告投放策略（Google / Meta / LINE / TikTok等）
5.支援行銷團隊進行A/B測試與成效追蹤
6.月戶輪廓/行為分析

【任職條件】
*具2年以上數據分析、行銷成效分析或電商經驗
*熟悉數據分析工具（Google Analytics、GA4、Power BI、Tableau等）
*熟悉電商平台與行銷投放邏輯
*良好的邏輯思維與報告呈現能力
*對保健食品、健康品牌或消費行為研究有熱情

【我們提供】
透明與數據導向的工作文化
成長型團隊，與行銷決策緊密合作
優渥薪資、績效獎金與進修補助

1.觀測及分析數據，執行數據分析、行銷效益分析、產生具備商業價值的數據洞察。
2.與業務部門合作，協助執行業務分析、產出行銷名單，或開發數據儀錶板以供實時檢視商業指標。
3.經營數據中臺，發想及規劃數據應用，執行商品推薦、行銷自動化的導入或實作。
4.把關資料來源品質，確保資料的正確性、可用性，及確保能夠滿足分析需求。
5.其他主管交辦任務。

數據分析師是當前最熱門、最具發展前景的職業之一，因為企業對大數據的需求越來越高。作為一個數據分析師，你將成為企業決策的重要支持者，通過深入分析和挖掘數據，幫助企業制定更科學、更有效的決策。隨著大數據技術的不斷發展，數據分析師的職業前景將會更加光明。
如果您具備以上職位要求，歡迎您加入我們的團隊，一起打造更好的未來！

我們將在115年1月~搬家~至北區中清路一段100號!!!,不拘,Google Analytics、Tableau、Google Tag Manager
提升專業能力
提升專業能力,數據分析、網站流量成效追蹤","數據分析師／資料分析師
、數位行銷
、數位廣告行銷人員","月薪35,000~45,000元",無需出差外派,台中市北屯區太順路53號,"https://maps.google.com.tw/?q=%E5%9A%B4%E8%90%83%E6%9C%89%E9%99%90%E5%85%AC%E5%8F%B8@24.1589231,120.7265262&z=17",嚴萃有限公司
https://www.104.com.tw/job/80iky?app_jobsource=m_time4jobs&jobsource=new_map,初級程式設計師,"對電玩開發有濃厚興趣，能閱讀C語言便可(C#語言者尤佳)。
無經驗可，歡迎應屆畢業生應試。,未填寫,C
提升專業能力
提升專業能力,不拘","遊戲工程師
、軟體工程師","月薪30,000~50,000元",無需出差外派,台中市西區臺灣大道二段186號18樓,"https://maps.google.com.tw/?q=%E5%BC%98%E7%85%9C%E7%A7%91%E6%8A%80%E4%BA%8B%E6%A5%AD%E8%82%A1%E4%BB%BD%E6%9C%89%E9%99%90%E5%85%AC%E5%8F%B8@24.1514133,120.6699674&z=17",弘煜科技事業股份有限公司
https://www.104.com.tw/job/8tutq?app_jobsource=m_time4jobs&jobsource=new_map,網站程式人員,"1. 電視購物前後台系統維護
2. 網站程式設計
3. 資安及個資業務,不拘,PHP
提升專業能力
提升專業能力,網路程式設計、安裝與維護網路安全系統、設計網路安全系統、網路安全架構分析與設計、網路系統危機管理、資料庫系統管理維護、安全性測試(Security test)、資料通訊與網路應用、伺服器網站管理維護、規劃與管理防火牆","網頁設計師
、網路管理工程師
、資安工程師","月薪35,000~45,000元",無需出差外派,台中市大里區國光路一段68號,"https://maps.google.com.tw/?q=%E9%91%AB%E5%82%B3%E5%9C%8B%E9%9A%9B%E5%A4%9A%E5%AA%92%E9%AB%94%E7%A7%91%E6%8A%80%E8%82%A1%E4%BB%BD%E6%9C%89%E9%99%90%E5%85%AC%E5%8F%B8@24.0970902,120.6848718&z=17",鑫傳國際多媒體科技股份有限公司
https://www.104.com.tw/job/725t0?app_jobsource=m_time4jobs&jobsource=new_map,韌體工程師,"1.韌體程式撰寫測試 
2.相關程式修改維護
3.相關零件測試選用,熟ARM Cortex-M、8051、PIC系列單晶片佳
熟數位通訊理論者佳,C、ARM
提升專業能力
提升專業能力,軟體整合測試、韌體整合測試、軟體程式設計、韌體程式設計、微電腦軟體設計","韌體工程師
、軟體工程師
、電子工程師","月薪36,000~50,000元",無需出差外派,台中市大里區工業十路2號,"https://maps.google.com.tw/?q=%E5%A5%95%E5%82%91%E9%9B%BB%E5%AD%90%E8%82%A1%E4%BB%BD%E6%9C%89%E9%99%90%E5%85%AC%E5%8F%B8@24.098303,120.7193243&z=17",奕傑電子股份有限公司
https://www.104.com.tw/job/4yt6r?app_jobsource=m_time4jobs&jobsource=new_map,資訊助理,"—職責要求—
1.提供客戶諮詢維護/操作說明/上線輔導等
2.回覆處理線上客戶問題，並將客戶需求適時與相關單位討論
3.協助系統測試、編製系統操作說明文件、主管交辦事項之達成
4.處理公司運作，內部相關的行政事務

—具備條件—
1.口齒清晰、反應靈敏、談吐表達能力流暢
2.善於溝通協調，能快速釐清用戶問題
3.具基本電腦操作技能
4.能獨立作業，具責任感,不拘,Excel、PowerPoint、Word、中文打字20~50
提升專業能力
提升專業能力,文件收發與檔案管理、文書處理╱排版能力、報表彙整與管理、電話接聽與人員接待事項、文件或資料輸入建檔處理、文件檔案資料處理、轉換及整合工作","業務助理
、資訊助理
、行政人員","月薪30,000~36,000元",無需出差外派,台中市北屯區松明街68號1樓,"https://maps.google.com.tw/?q=%E5%8D%9A%E7%A7%91%E8%B3%87%E8%A8%8A%E8%82%A1%E4%BB%BD%E6%9C%89%E9%99%90%E5%85%AC%E5%8F%B8@24.1860959,120.699637&z=17",博科資訊股份有限公司
https://www.104.com.tw/job/8s09e?app_jobsource=m_time4jobs&jobsource=new_map,WordPress網站/網頁設計師,"1. 負責公司網站的SEO優化，包含：關鍵字部署、內部連結調整、頁面結構
2. 靈活運用及優化 WordPress  版型及外掛，對前端優化具有一定熟悉度
3. 內部資訊系統之規劃、開發、維護、串接。
4. WordPress網頁建置、日常維運與不定期改版
5. 對 HTML / CSS / Wordpress 有基本修改能力。
6. 定期追蹤、分析，找出能優化、改善的地方。
7. 具策略思維與專案整合能力。
8. 主管交辦事項,不拘,SEO、CSS、Wordpress、JavaScript、HTML
提升專業能力
提升專業能力,網路程式設計、網站流量成效追蹤、使用者介面設計、伺服器網站管理維護、作業系統基本操作、系統架構規劃","軟體工程師
、MIS程式設計師
、後端工程師","月薪32,000~55,000元",無需出差外派,台中市潭子區興華一路325號3樓,"https://maps.google.com.tw/?q=%E8%B8%8F%E5%A2%83%E5%89%B5%E6%84%8F%E6%9C%89%E9%99%90%E5%85%AC%E5%8F%B8@24.2113212,120.7032969&z=17",踏境創意有限公司
https://www.104.com.tw/job/8rleg?app_jobsource=m_time4jobs&jobsource=new_map,測試工程師,"職位描述：

我們正在尋找一位細心且具備測試思維的測試工程師，負責協助系統與功能測試的規劃與執行，並能撰寫清晰、有效的測試用例（Test Cases），確保產品品質與穩定性。理想人選需具備軟體測試流程經驗，能獨立完成測試計畫與缺陷回報。

主要職責：

根據產品需求與設計文件撰寫測試用例與測試計畫
執行功能測試、回歸測試與整合測試，並記錄測試結果
建立與維護測試文件（Test Plan、Test Case、Test Report）
與開發團隊緊密合作，追蹤與驗證問題修復情況
進行缺陷報告管理與問題重現（使用 Jira、Bugzilla 或類似工具）
根據實際需求參與自動化測試腳本撰寫與維護（視經驗需求）
參與測試流程優化與品質改善討論

必備條件：

具備撰寫測試用例與測試計畫的經驗
了解軟體測試流程與基本測試理論
熟悉黑箱測試、功能測試、回歸測試等常見測試方式
熟悉缺陷追蹤工具（如 Jira、Redmine、TestRail 等）
具備良好的溝通能力與團隊合作精神
細心負責、邏輯清晰，能發現細微問題

加分條件：

有撰寫自動化測試腳本經驗（Selenium、Postman、Pytest、Jest 等）
熟悉 API 測試與工具（如 Postman、Swagger）
了解 CI/CD 測試整合流程
具備程式基礎能力（如 Python、JavaScript、Java 等）
熟悉敏捷開發流程（Agile、Scrum）,不拘,不拘,不拘","資安工程師
、資安主管
、網路安全分析師","月薪40,000~80,000元",無需出差外派,台中市北區中清路一段100號10樓之5,"https://maps.google.com.tw/?q=%E7%97%9E%E5%AE%A2%E7%A7%91%E6%8A%80%E6%9C%89%E9%99%90%E5%85%AC%E5%8F%B8@24.1536484,120.677503&z=17",痞客科技有限公司
https://www.104.com.tw/job/8u663?app_jobsource=m_time4jobs&jobsource=new_map,電腦資訊工程師,"1. 負責軟體之分析、設計以及程式撰寫。
2. 規劃執行軟體架構及模組之設計，並控管軟體設計進度。
3. 進行軟體之測試與修改。
4. 規劃、執行與維護量產的產品。
5. 協助研發軟體新技術與新工具。
6. 管控軟體開發成本。,需懂區塊鏈APP開發,不拘,軟體程式設計、軟體工程系統開發、系統整合分析","軟體工程師
、系統工程師
、區塊鏈工程師",待遇面議,無需出差外派,台中市北屯區文心路四段81號3樓,"https://maps.google.com.tw/?q=%E6%BB%99%E5%AE%A2%E8%90%8A%E5%9C%8B%E9%9A%9B%E6%9C%89%E9%99%90%E5%85%AC%E5%8F%B8@24.1742346,120.6726482&z=17",滙客萊國際有限公司
https://www.104.com.tw/job/87szq?app_jobsource=m_time4jobs&jobsource=new_map,IT人員,"1. 負責機房維運管理及維護作業
2. 協助使用者軟體配置安裝及教學等作業
3. 具基礎資訊安全、網路、防火牆相關知識
4. 能跟使用者良好溝通，清楚使用者需求
5. 偶爾需配合夜間工作(機房設備調整),不拘,不拘,伺服器網站管理維護、安裝與維護網路安全系統、規劃與管理防火牆、網路系統配置、網路設備設定安裝","系統工程師
、網路管理工程師
、其他資訊專業人員","月薪32,000~36,000元",無需出差外派,台中市北區三民路三段161號,"https://maps.google.com.tw/?q=%E4%B8%AD%E5%8F%8B%E7%99%BE%E8%B2%A8%E8%82%A1%E4%BB%BD%E6%9C%89%E9%99%90%E5%85%AC%E5%8F%B8@24.1522437,120.6848058&z=17",中友百貨股份有限公司
https://www.104.com.tw/job/8uq6l?app_jobsource=m_time4jobs&jobsource=new_map,【台中】 IT-INF工程師(WINDOWS),"1. Service Design- 擬訂與控管基礎設施(作業系統、硬體環境、資訊技術)建置計劃、安全規劃與架構設計 。                                                     
2. Service Transition - 基礎設施建置上線 - 擬議管理之工作指導程序及作業文件供做遵循 。
3. Service Operation - 系統功能增修 - 執行基礎設施建置與驗測 。                              
4. Service Operation - 事故與問題 - 處置、分析與診斷系統異常並擬議改善措施 。,負責廠區IT基礎設施日常維運：
1.Server端維運：如建置Windows Server、Hyper-V、Patch更新、資安防護、備份、資源監控、電腦機房管理等
2.Client端管理：如Patch更新、防毒、DHCP、Printer服務、駐廠服務及軟硬體資產管理等
3.配合ISO27001/ISO22301等國際認證之合規作業、資安控制措施執行
4.有Windows Server 2019/2022、Hyper-V Cluster、Anti-virus實際管理經驗；熟悉AD、Exchange、PowerShell尤佳,不拘,不拘","MIS／網管主管
、資訊設備管制人員
、網路安全分析師","月薪48,000~69,000元",無需出差外派,台中市潭子區,"https://maps.google.com.tw/?q=Siliconware%20Precision%20Industries%20Co.%2C%20Ltd._%E7%9F%BD%E5%93%81%E7%B2%BE%E5%AF%86%E5%B7%A5%E6%A5%AD%E8%82%A1%E4%BB%BD%E6%9C%89%E9%99%90%E5%85%AC%E5%8F%B8@24.2163612,120.7062535&z=17","Siliconware Precision Industries Co., Ltd._矽品精密工業股份有限公司"
https://www.104.com.tw/job/84xfs?app_jobsource=m_time4jobs&jobsource=new_map,『JAVA程式開發工程師』資訊管理部｜台中,"➤工作內容： 
1. Java 程式撰寫與設計(Spring Cloud)
2. 熟悉 Spring boot、spring cloud、Maven、Web Service
3. 了解Linux 指令操作
4. 現有平台服務開發維運
5. 熟悉SQL指令及操作
6. 良好的專案溝通技巧
7. 掌握專案開發時程：對自己的工作負責，掌握開發進度與主動回報進度
8. API串接
9. 其他主管交辦任務

➤應徵訴求： 
1.具3年以上工作經驗
2.能夠獨立開發程式
3.問題追蹤處理(Bug tracking)
4.良好的程式寫作習慣，清晰的思考邏輯
5.基本的開發環境建置規劃

➤工作內容： 
1. 需了解公司部門運營方式、規則與操作。 
2. 開發項目的訂定與規劃。 
3. 程式開發時程確認與執行，需主動回報進度。 
4. API串接、Docker操作(K8s)
5. 其他主管交辦事項。

➤擅長工具：
1. 軟體開發工具:Eclipse 或 Intellij IDEA
2. 作業系統: Linux
3. SVN、GIT工具

☆ 立即加入我們！
    - 立即投遞履歷，將有專人與您聯繫！
    - 欲進一步了解請加入官方LINE@帳號：@980ksomj,不拘,Linux、Git
提升專業能力
提升專業能力,不拘",軟體工程師,"月薪50,000~60,000元",無需出差外派,台中市北屯區文心路四段81號6F-2【鄰近文心中清捷運站】,"https://maps.google.com.tw/?q=%E9%BB%9E%E9%91%BD%E6%95%B4%E5%90%88%E8%A1%8C%E9%8A%B7%E8%82%A1%E4%BB%BD%E6%9C%89%E9%99%90%E5%85%AC%E5%8F%B8@24.1742346,120.6726482&z=17",點鑽整合行銷股份有限公司
https://www.104.com.tw/job/8t7c4?app_jobsource=m_time4jobs&jobsource=new_map,軟體測試助理工程師,"【招募背景】
1. 軟體測試：包括App、Web等環境之應用程式。
2. 產品開發研擬測試計劃、測試案例、測試報告撰寫。
3. 建立及維護自動化測試環境。
4. 產品測試的資源協調，與R&D、PM進行溝通合作、釐清問題、規納問題、發生步驟並追踨議題。
5. 主管交辨事項。
 

【個人特質】
1. 對程式設計有熱情，願意主動嘗試
2. 測試效率、自我管理、解決問題的能力
3. 能與團隊緊密合作，以確保測試修正與開發需求相符,<加分項目>
1. QA軟體測試經驗。
2. 具備App/Web自動化測試有相關經驗。
3. 熟悉API測試工具。
4. 熟悉 JavaScript。,不拘,功能測試(function test)、使用者測試(Usability test)、軟體整合測試、韌體整合測試、測試計劃及測試報告書撰寫","軟韌體測試工程師
、測試人員
、軟體工程師","月薪30,000~40,000元",無需出差外派,台中市北屯區文心路四段752之2號(宏台企業大樓3樓),"https://maps.google.com.tw/?q=%E6%96%B0%E5%8A%A0%E5%9D%A1%E5%95%86%E5%86%95%E5%89%B5%E6%9C%89%E9%99%90%E5%85%AC%E5%8F%B8@24.171604,120.6883333&z=17",新加坡商冕創有限公司
https://www.104.com.tw/job/79d7v?app_jobsource=m_time4jobs&jobsource=new_map,資訊工程師,"1.個人電腦的安裝、測試及維護 
2.維護網路設備及弱電系統的正常運作
3.協助確認軟體程式的目的與功能，並進行測試 
4.鼎新ERP系統導入相關工作及EZ-Flow維護
5.伺服器的管理及維護
6.其它主管交辦事項。,不拘,PowerBuilder、Visual Basic .net、MS SQL
提升專業能力
提升專業能力,不拘","軟體工程師
、資訊助理",待遇面議,無需出差外派,台中市太平區工業二十路77號,"https://maps.google.com.tw/?q=%E5%93%88%E4%BC%AF%E7%B2%BE%E5%AF%86%E8%82%A1%E4%BB%BD%E6%9C%89%E9%99%90%E5%85%AC%E5%8F%B8@24.1075989,120.718234&z=17",哈伯精密股份有限公司
https://www.104.com.tw/job/8m353?app_jobsource=m_time4jobs&jobsource=new_map,模具管理人員,"1.模具進出管理、庫存盤點管理
2.模具清潔保養
3.模具履歷及保養計畫維護
4.協助生產線換模，確保模具正常使用
5.主管交辦事項,不拘,不拘,倉庫貨物標示╱置放╱盤點、倉儲系統維護與管理","物管／資材
、資料庫管理人員
、倉管／物料管理人員","月薪35,000~40,000元",無需出差外派,台中市太平區東平路922號,"https://maps.google.com.tw/?q=%E9%82%A6%E6%98%8C%E9%87%91%E5%B1%AC%E8%82%A1%E4%BB%BD%E6%9C%89%E9%99%90%E5%85%AC%E5%8F%B8@24.1336268,120.7139187&z=17",邦昌金屬股份有限公司
https://www.104.com.tw/job/6ywbz?app_jobsource=m_time4jobs&jobsource=new_map,Android-AI研發工程師,"進行Android平台上的AI應用研發
1. 進行人體姿態辨識應用研發(如四肢活動檢測)
2. 手指姿勢辨識應用研發
3. 進行人臉皮膚狀況檢測應用研發(如黑眼圈, 青春痘, 皺紋, 斑點),1. 對這份工作展現熱誠，主動積極，能獨立思考及解決問題，具團隊合作與分享精神。
2. 對opencv影像辨識處理有開發經驗者尤佳。
3. 有工作經驗加分、對Android APP程式開發有熱忱者加入我們！
4. 依學經歷敘薪，實習者薪水依時薪算。,Android、Java、Python、Kotlin
提升專業能力
提升專業能力,軟體程式設計","電子產品系統工程師
、演算法工程師
、軟體工程師","月薪30,000~60,000元",無需出差外派,台中市北屯區,"https://maps.google.com.tw/?q=%E7%8E%8B%E9%81%93%E6%A9%9F%E5%99%A8%E4%BA%BA%E8%82%A1%E4%BB%BD%E6%9C%89%E9%99%90%E5%85%AC%E5%8F%B8@24.1815237,120.6861019&z=17",王道機器人股份有限公司
https://www.104.com.tw/job/5ke43?app_jobsource=m_time4jobs&jobsource=new_map,F5/CheckPoint產品工程師 (台中),"1. 於客戶端測試及安裝公司代理產品(主要負責負載SLB/WAF/DDOS/Firewall/DNS防禦設備)。若有IMPEVRA/F5/Citrix/ A10經驗更佳。
2. 擔任產品技術介紹簡報、攻擊手法防禦機制網路架構討論、教育訓練講師。
3. 測試計畫、測試報告、SOP撰寫。
4. 徵求對Web Security 有經驗或有興趣者。
5. 熟悉網頁程式語言佳、各式攻防工具(如BlackTrack/Metaexploit)佳 。
6. 徵求學習態度佳做事負責對技術狂熱的你加入本公司團隊。,1. 具防火牆、資安設備及網路相關知識。
2. 對資訊領域及新知充滿熱誠。,DHCP、DNS、Ethernet、Firewall、TCP/IP、VLAN、VPN
提升專業能力
提升專業能力,安裝與維護網路安全系統、規劃與管理入侵防護系統（IPS）、規劃與管理防火牆、網路系統配置、網路規劃管理、網路設備設定安裝、簡報軟體操作","網路管理工程師
、其他資訊專業人員
、產品售後技術服務",待遇面議,需出差，一年累積時間約一個月以下,台中市北屯區,"https://maps.google.com.tw/?q=%E5%89%B5%E6%B3%93%E7%A7%91%E6%8A%80%E8%82%A1%E4%BB%BD%E6%9C%89%E9%99%90%E5%85%AC%E5%8F%B8@24.1815237,120.6861019&z=17",創泓科技股份有限公司
https://www.104.com.tw/job/8u4mc?app_jobsource=m_time4jobs&jobsource=new_map,SAP系統管理工程師(工廠),"1、依據各部門需求，負責公司內部系統的設計及二次開發，維護並規範管理各系統間的介面標準，根據新增業務需求協調軟體廠商進行相應調整。
2、負責作業流程的梳理和優化，形成SOP。
3、負責對接SAP系統MES模組各相關部門，系統上線後處理系統的運維工作。
4、負責分析業務痛點、產品上線以後的改進及BUG跟蹤。
5、負責收集改進意見，提供改進方案，提報並追蹤系統優化；
6、負責對終端使用者的培訓，引導使用者熟悉使用SAP系統作業，進行產品使用培訓和回饋意見收集。
7、及時更新技術業務文檔(包括但不限於場景/腳本/程式)和使用者手冊。
8、上級交代的其他工作。,工作條件：
1、本科及大學以上學歷，電腦等相關專業，具有扎實的業務背景，具備製造業等相關行業3年及以上SAP實施顧問經驗，擁有2個及以上完整項目經驗，至少成功主導過1個以上MES系統專案從啟動到交付的全過程。
2、3年以上ERP等系統開發工作經驗，精通SQL，具有3年以上MES生產管理系統專案管理經驗，有SAP系統MES模組實施經驗者優先。
2、熟悉SAP模組，能夠獨立進行需求分析，系統測試和獨立實施模組。
3、具有SAP、 ERP 範本設計及分析經驗，精通專案管理知識體系，具備優秀的專案管理能力，能夠熟練運用項目管理工具，進行專案計畫、進度跟蹤和資源管理。
4、具備良好的語言表達能力、溝通能力、抗壓能力，較強的團隊協作能力，且工作積極主動，能夠在專案交付壓力下保持高效的工作狀態。
5、具有一定的文檔編寫能力，能夠編寫專案計畫、需求規格說明書、測試報告、專案總結等各類項目文檔。
6、英語四級以上，口語熟練者優先考慮;,SAP
提升專業能力
提升專業能力,系統架構規劃、系統整合分析、模組化系統設計","系統工程師
、MIS程式設計師
、軟體工程師",待遇面議,需出差外派，一年累積時間未定,台中市北屯區崇德六路212號,"https://maps.google.com.tw/?q=%E6%98%8C%E7%AB%9D%E7%A7%91%E6%8A%80%E6%9C%89%E9%99%90%E5%85%AC%E5%8F%B8@24.180501,120.6845853&z=17",昌竝科技有限公司
https://www.104.com.tw/job/7rs2i?app_jobsource=m_time4jobs&jobsource=new_map,,"1.機房維運管理及維護
2.異常狀況查修及專案計劃性施工
3.其他主管交辦事宜,不拘,不拘,不拘","電信／通訊系統工程師
、資訊設備管制人員
、網路管理工程師","月薪32,000~50,000元",無需出差外派,台中市北屯區文心路四段934、936號12樓,"https://maps.google.com.tw/?q=%E7%BE%A4%E5%81%A5%E6%9C%89%E7%B7%9A%E9%9B%BB%E8%A6%96%E8%82%A1%E4%BB%BD%E6%9C%89%E9%99%90%E5%85%AC%E5%8F%B8@24.1708625,120.6943977&z=17",群健有線電視股份有限公司
https://www.104.com.tw/job/887m4?app_jobsource=m_time4jobs&jobsource=new_map,Flutter APP工程師,"【招募背景】
1. 有相關工作或學習經驗

2. 能獨立開發Flutter

3. Restful API 串接及錯誤處理經驗

4. webview相關經驗
 
【加分項目】
1. 具備 Android 或 iOS 原生開發經驗

2. 熟悉Git版本控管

3. 依照 Figma 進行畫面開發

4. 有App l10n/i18n經驗

5. 熟 AppStore/GooglePlay 上架流程


【個人特質】

1. 具視覺傳達溝通能力與美學素養，邏輯清楚，良好的流程設計概念

2. 對程式開發有熱情，願意主動嘗試新技術

3. 開發效率、自我管理、解決問題的能力

4. 能與團隊緊密合作，以確保開發與需求相符,不拘,Github、Git、Flutter、Figma
提升專業能力
提升專業能力,軟體工程系統開發、軟體程式設計","iOS工程師
、Android工程師
、前端工程師",待遇面議,無需出差外派,台中市北屯區文心路四段752之2號(宏台企業大樓3樓),"https://maps.google.com.tw/?q=%E6%96%B0%E5%8A%A0%E5%9D%A1%E5%95%86%E5%86%95%E5%89%B5%E6%9C%89%E9%99%90%E5%85%AC%E5%8F%B8@24.1715934,120.6884834&z=17",新加坡商冕創有限公司
https://www.104.com.tw/job/8tw3a?app_jobsource=m_time4jobs&jobsource=new_map,【台中】新創軟體公司 徵 測試工程師,"1. 依產品需求與功能規格，撰寫並執行測試計劃、測試案例及測試報告。
2. 針對 APP / WEB 系統進行功能測試、相容性測試、效能測試與使用體驗測試。
3. 發現並追蹤 Bug，驗證修復結果，確保產品品質。
4. 熟悉軟體測試流程及 Bug 管理流程，能有效與研發團隊溝通，協助問題解決。
5. 參與敏捷開發流程，支持跨部門協作，確保專案如期高品質交付。
6.擬定測試計畫與 Test Case，並針對產品流程設計使用者視角的測試情境,不拘,JIRA
提升專業能力
提升專業能力,不拘","軟體工程師
、後端工程師
、遊戲工程師",待遇面議,,台中市北區,"https://maps.google.com.tw/?q=%E5%8F%B0%E7%81%A3%E8%8B%B1%E7%89%B9%E8%89%BE%E5%80%AB%E4%BA%BA%E5%8A%9B%E8%B3%87%E6%BA%90%E6%9C%89%E9%99%90%E5%85%AC%E5%8F%B8@24.1573171,120.6832556&z=17",台灣英特艾倫人力資源有限公司
https://www.104.com.tw/job/8gklp?app_jobsource=m_time4jobs&jobsource=new_map,資訊人員,"1.建置、管理及維護公司相關系統
2.管理與維護公司網路及資料，並進行備份工作
3.協助處理各部門電軟硬體相關問題
4.網路環境相關設備安裝設定與Firewall /Router / Switch  有維護及管理能力(以Fortigate為優先)
5.其他主管交辦事項,不拘,不拘,電腦設備裝配、資訊設備操作檢修、資訊設備環境設定、安裝與維護網路安全系統、網路設備設定安裝、網路系統危機管理","資訊設備管制人員
、網路管理工程師",待遇面議,無需出差外派,台中市北屯區太原路三段1315號,"https://maps.google.com.tw/?q=%E7%B8%BD%E5%A4%AA%E7%87%9F%E9%80%A0%E8%82%A1%E4%BB%BD%E6%9C%89%E9%99%90%E5%85%AC%E5%8F%B8@24.1612956,120.7298814&z=17",總太營造股份有限公司
https://www.104.com.tw/job/8pul3?app_jobsource=m_time4jobs&jobsource=new_map,AE / AWB 影像演算法工程師（Image Tuning / Algorithm Engineer）(台中),"1.開發與優化 AE（自動曝光）與 AWB（自動白平衡）演算法
2.根據實際拍攝環境（如低光、高光、背光）進行影像調校（Image Tuning）
3.分析 Sensor Data 與統計數據，進行參數調整與校正
4.影像 ISP pipeline 調整 AE/AWB 模組與相關參數,1.具備影像處理基礎（曝光、白平衡、Gamma、色彩空間）尤佳,不拘,不拘","軟體工程師
、韌體工程師",待遇面議,無需出差外派,台中市北區五權路375號10樓,"https://maps.google.com.tw/?q=%E5%8B%9D%E5%93%81%E9%9B%BB%E9%80%9A%E8%82%A1%E4%BB%BD%E6%9C%89%E9%99%90%E5%85%AC%E5%8F%B8@24.152766,120.6806568&z=17",勝品電通股份有限公司
https://www.104.com.tw/job/871ux?app_jobsource=m_time4jobs&jobsource=new_map,"(台中) UI/UX 設計教學,外聘講師","本公司自2013年成立至今，在全台擁有五所學院據點，共開設16門專業課程，包括視覺設計、數位繪畫、網頁設計、UI設計、影視特效、2D動畫、室內設計......等課程，教室皆配置高規格電腦設備Apple蘋果電腦與工作站等級PC電腦，為學生建立最有效率的學習環境。數以千計的學員從這裡帶著自己的作品集成功進入設計圈，學員的優秀成果使我們成為設計教育業的口碑品牌領導者。,不拘,Sketch、Adobe XD
提升專業能力
提升專業能力,使用者介面設計","多媒體動畫設計師
、網頁設計師
、軟體工程師","時薪700~1,000元",依公司規定,台中市北區尊賢街9號,"https://maps.google.com.tw/?q=%E8%B5%AB%E7%9D%BF%E9%9B%BB%E8%85%A6%E6%9C%89%E9%99%90%E5%85%AC%E5%8F%B8@24.1486676,120.6855928&z=17",赫睿電腦有限公司
https://www.104.com.tw/job/84pyn?app_jobsource=m_time4jobs&jobsource=new_map,Flutter 程式設計師【有經驗者優先錄取】#154158,"1. 熟悉與精通 Flutter/Dart 程式語言
2. 熟悉與精通 Firebase 行動和網路應用程式開發者平台。
3. 有實際開發 Apple 與 Android APP 經驗及且有 APP上架者。
4. 具 TCP/IP 通訊應用軟體開發經驗，熟悉 HTTP、TCP/IP 通訊協議。
5. 負責軟體之分析、設計以及程式撰寫。
6. 規劃執行軟體架構及模組之設計，並控管軟體設計進度。
7. 進行軟體之測試與修改。
8. 規劃、執行與維護量產的產品。
=======================================
We Believe! Good HR is the foundation of a good company.

藍眼是一充滿工作活力、氣氛輕鬆、快速成長中的公司。在藍眼，沒有墨守成規，只有鼓勵向前。 藍眼重視團隊合作和自我管理，提供挑戰，又兼具創意及輕鬆的工作環境，唯勇於嘗試的人歡迎接受挑戰。
=======================================,不拘,Git、Java、SWIFT、Flutter、Dart、Firebase
提升專業能力
提升專業能力,不拘","iOS工程師
、Android工程師
、前端工程師","年薪600,000~1,200,000元",無需出差外派,台中市北區文心路四段200號7F-3,"https://maps.google.com.tw/?q=%E8%97%8D%E7%9C%BC%E7%A7%91%E6%8A%80%E6%9C%89%E9%99%90%E5%85%AC%E5%8F%B8@24.173143,120.6768627&z=17",藍眼科技有限公司
https://www.104.com.tw/job/6nc25?app_jobsource=m_time4jobs&jobsource=new_map,軟體工程師,"1.電腦軟體的程式設計、修改、安裝、測試及維護 
2.確認軟體程式的目的與功能，進行程序開發及測試 
3.從事相關系統程式開發、管理與維護 
4.其它主管交辦事項。,不拘,不拘,不拘",軟體工程師,待遇面議,無需出差外派,台中市太平區工業二十路77號,"https://maps.google.com.tw/?q=%E5%93%88%E4%BC%AF%E7%B2%BE%E5%AF%86%E8%82%A1%E4%BB%BD%E6%9C%89%E9%99%90%E5%85%AC%E5%8F%B8@24.1075989,120.718234&z=17",哈伯精密股份有限公司
https://www.104.com.tw/job/8006s?app_jobsource=m_time4jobs&jobsource=new_map,Internet程式設計師,"1. 負責網站功能架構設計及開發實作
2. 熟悉關聯式資料庫SQL語法操作
3. 熟悉PHP、JSP、.NET等語言
4. 具Linux 系統操作經驗
5. 具Web API應用開發及二年以上軟體開發工作經驗,不拘,JSP、PHP
提升專業能力
提升專業能力,系統架構規劃、軟體程式設計","系統工程師
、軟體工程師
、Internet程式設計師","月薪33,500~37,000元",無需出差外派,台中市北區三民路三段161號,"https://maps.google.com.tw/?q=%E4%B8%AD%E5%8F%8B%E7%99%BE%E8%B2%A8%E8%82%A1%E4%BB%BD%E6%9C%89%E9%99%90%E5%85%AC%E5%8F%B8@24.1522437,120.6848058&z=17",中友百貨股份有限公司
https://www.104.com.tw/job/8c37o?app_jobsource=m_time4jobs&jobsource=new_map,學習型 人工智能 AI 數位產業實習生,"★非在學學生請勿投遞，此實習機會僅提供實習時數。

★可配合學校實習生計畫，請說明實習時數及期程。 

【實習內容】：
★藉由參與實務工作，學習相關產業領域專業技能，未來就業可順利接軌，充實就業即戰力。
★在職期間將規劃各類專業課程，同步提升職場軟實力。 


1.透過市場調查和分析收集數據，以洞悉市場趨勢和消費者需求。
2.定期報告市場研究結果和相關趨勢，並提出建議和改善計劃。
3.參與競爭對手分析、產品定位等相關項目。
4.協助制定公司的市場策略和行銷計劃。
5.提供市場趨勢和消費者數據方面的支持，以幫助公司在市場中保持競爭力。

市場調查市場分析在現今商業環境中扮演著關鍵角色，有著重要的發展前景。這份工作將幫助公司更深入瞭解市場需求，提供寶貴的數據和見解，以便制定更有效的市場策略和增加收益。
如果您擁有以上要求並對本職位感興趣，請立即申請並加入我們的團隊。,不拘,不拘,不拘","資料工程師
、數據分析師／資料分析師
、市場調查／市場分析",部分工時(月薪)0元,無需出差外派,台中市東區六順路109號,"https://maps.google.com.tw/?q=%E9%82%91%E6%96%B9%E9%86%AB%E7%99%82%E5%99%A8%E6%9D%90%E4%BC%81%E6%A5%AD%E7%A4%BE@24.1254268,120.700062&z=17",邑方醫療器材企業社
https://www.104.com.tw/job/8ppci?app_jobsource=m_time4jobs&jobsource=new_map,Java工程師,"【條件要求】
1.2年以上工作經驗
2.使用 Java開發與維護企業內部或對外的後端系統
3.撰寫與設計 RESTful API
4.整合第三方 API 或服務
5.優化系統效能、重構與除錯
6.撰寫技術文件與單元測試
7.與前端、PM、QA 團隊協作，確保專案順利進行



【工作內容】
1.使用 Java開發與維護企業內部或對外的後端系統
2.撰寫與設計 RESTful API
3.整合第三方 API 或服務
4.優化系統效能、重構與除錯
5.撰寫技術文件與單元測試
6.與前端、PM、QA 團隊協作，確保專案順利進行
7.良好的問題解決能力和程式碼優化技巧。
8.良好的團隊合作和溝通能力


【加分條件】
1.有 CI/CD、Docker 或 Kubernetes 經驗
2.熟悉 NoSQL 資料庫（如 MongoDB、Redis）
3.熟悉訊息佇列系統（如 Kafka、RabbitMQ）
4.有大型系統或高併發架構經驗者佳
5.有參與開源專案或技術部落格經驗



【休假制度】
周休二日
依公司配合開新發項目時,會特殊事情會需要加班,加班費照遵照勞基法給予,不拘,MySQL、PHP、JavaScript、Java
提升專業能力
提升專業能力,軟體程式設計、資料庫程式設計、系統架構規劃、網路程式設計、軟體工程系統開發","後端工程師
、前端工程師
、軟體工程師",待遇面議,無需出差外派,台中市北區中清路一段100號10樓之5,"https://maps.google.com.tw/?q=%E7%97%9E%E5%AE%A2%E7%A7%91%E6%8A%80%E6%9C%89%E9%99%90%E5%85%AC%E5%8F%B8@24.1536484,120.677503&z=17",痞客科技有限公司
https://www.104.com.tw/job/8rcxb?app_jobsource=m_time4jobs&jobsource=new_map,"儲能/能源 全端工程師, IoT工程師, 雲端工程師","1. 與雲端廠商對接、溝通需求、架構雲服務系統。
2. 雲端應用服務功能開發。
3. 與內部工程單位串接車上各項軟體服務需求。
4. 掌握行業技術發展趨勢與合規要求變化。

隨著雲端運算技術的快速發展，全端工程師在現今數位時代扮演著極為重要的角色，並具有相當高的發展前景。此職位旨在聘請一位對雲端技術充滿熱情、能夠開發及維護雲端應用服務的專業人士。

我們誠摯地邀請符合上述條件的求職者加入我們，一同迎接未來的挑戰與發展機會。,不拘,IoT、Node.js、VueJS、Git、AngularJS、ReactJS、Github、Sass
提升專業能力
提升專業能力,軟體工程系統開發、軟體程式設計、系統架構規劃、系統整合分析、資料庫軟體應用","全端工程師
、雲端工程師
、後端工程師",時薪190元以上,依公司規定,台中市東區六順路109號,"https://maps.google.com.tw/?q=%E9%82%91%E6%96%B9%E9%86%AB%E7%99%82%E5%99%A8%E6%9D%90%E4%BC%81%E6%A5%AD%E7%A4%BE@24.1254268,120.700062&z=17",邑方醫療器材企業社
https://www.104.com.tw/job/7w2je?app_jobsource=m_time4jobs&jobsource=new_map,系統工程師(75-台中),"1. 客戶服務工作，負責客戶端軟體系統之規劃、建置與維護
2. 協助客戶端軟體系統問題除錯 
3. 撰寫客戶所需之軟體技術文件 
4. 提供客戶產品使用之教育訓練 
5. 完成主管交辦事項

※薪資依學經歷敘薪,1. 需具備 Windows、Linux伺服器、資料庫操作能力
2. 需具備讀寫英文郵件及閱讀原文手冊之能力
3. 面試時會針對系統基礎能力進行測驗
4. 會直接面對客戶，故需有良好的應對態度
5. 能真正關心客戶與客戶及公司共同成長.,Linux、Windows Server 2012、MS SQL
提升專業能力
提升專業能力,伺服器網站管理維護、作業系統基本操作、資料庫軟體應用、系統架構規劃與維護","MIS程式設計師
、其他資訊專業人員
、系統分析師","月薪31,000元以上",需出差，一年累積時間約一個月以下,台中市北區中清路一段370號12樓,"https://maps.google.com.tw/?q=%E5%87%8C%E7%BE%A4%E9%9B%BB%E8%85%A6%E8%82%A1%E4%BB%BD%E6%9C%89%E9%99%90%E5%85%AC%E5%8F%B8@24.1614658,120.6752748&z=17",凌群電腦股份有限公司
https://www.104.com.tw/job/84o3c?app_jobsource=m_time4jobs&jobsource=new_map,MIS資訊工程師★每年調薪,"1.管理與維護公司網頁(Opencart)、網路和資料，並進行備份工作。
2.負責偕同外包商或內部同仁，開發與使用者互動介面上的軟體程式工作。
3.幫用戶端設定好電腦工作環境，維護電腦系統效能，保持系統正常運作並進行除錯。
4.控管、備份網路伺服器內的檔案，並設定用戶端權限，以確保檔案安全。
5.設定事務機、門禁、通訊、電腦周邊硬體系統的網絡連線。
6.監控、通訊系統運作，並建立危機處理的標準流程。
7.建立使用手冊及程序，並對使用者進行教育訓練。
8.與使用者和管理階層溝通，評估系統修改及建立新系統的需求。
9.其他主管交辦事項,不拘,Git、AJAX、PHP、MySQL、HTML、JavaScript、jQuery、CSS
提升專業能力
提升專業能力,軟體程式設計、網路程式設計","網路管理工程師
、系統工程師
、資訊設備管制人員","月薪35,000元以上",無需出差外派,台中市北區華信街8號1樓,"https://maps.google.com.tw/?q=IDEAHOUSE_%E5%90%88%E6%BE%A4%E4%BC%81%E6%A5%AD%E6%9C%89%E9%99%90%E5%85%AC%E5%8F%B8@24.1619373,120.6740041&z=17",IDEAHOUSE_合澤企業有限公司
https://www.104.com.tw/job/8afql?app_jobsource=m_time4jobs&jobsource=new_map,學習型的實習生（資訊軟體系統類）,"★非在學學生請勿投遞，此實習機會僅提供實習時數。

★可配合學校實習生計畫，請於自傳最後說明實習時數及期程。 

【實習內容】：
★藉由參與實務工作，學習相關產業領域專業技能，未來就業可順利接軌，充實就業即戰力。
★在職期間將規劃各類專業課程，同步提升職場軟實力。 


1. 確保公司的資訊設備運作正常
2. 管理與維護公司的網路基礎架構和系統
3. 監控事件和事故以確保安全和性能
4. 提供技術支援和培訓給其他部門的員工
5. 處理和解決資訊設備相關的問題

資訊設備管制人員在公司中扮演著重要的角色，負責確保資訊設備的適當運作和安全性。這個職位具有良好的發展前景，因為隨著公司業務擴張，資訊設備管制人員的需求也越來越大。
歡迎符合上述條件的人才加入我們的團隊，請將您的履歷發送至指定電子郵箱。,不拘,不拘,不拘","AI工程師
、資訊設備管制人員
、軟體工程師",部分工時(月薪)0元,無需出差外派,台中市東區六順路109號,"https://maps.google.com.tw/?q=%E9%82%91%E6%96%B9%E9%86%AB%E7%99%82%E5%99%A8%E6%9D%90%E4%BC%81%E6%A5%AD%E7%A4%BE@24.1254268,120.700062&z=17",邑方醫療器材企業社
https://www.104.com.tw/job/8vd09?app_jobsource=m_time4jobs&jobsource=new_map,網路管理工程師,"1. 設定、檢修網路設備。
2. 規劃網路管理機制。
3. 控管、備份網路伺服器內的檔案，並設定用戶端權限，以確保檔案安全。
4. 監控系統運作，並建立危機處理的標準流程。
5. 分析、解決用戶端通訊問題。
6. 負責資訊安全的管制。
7. 設定電腦周邊硬體系統的網絡連線。
8. 提供用戶端人員網路系統操作的教育訓練。
9. 依照企業需求，規劃、架設及管理各種伺服器。,未填寫,TCP/IP
提升專業能力
提升專業能力,作業系統基本操作、電腦設備裝配、安裝與維護網路安全系統、網路系統配置、網路設備設定安裝","網路管理工程師
、資安工程師
、資訊設備管制人員","月薪38,000~45,000元",無需出差外派,台中市北區進化北路238號14樓之3,"https://maps.google.com.tw/?q=%E6%80%9D%E9%82%A6%E7%A7%91%E6%8A%80%E8%82%A1%E4%BB%BD%E6%9C%89%E9%99%90%E5%85%AC%E5%8F%B8@24.1632304,120.6840225&z=17",思邦科技股份有限公司
https://www.104.com.tw/job/8r9vf?app_jobsource=m_time4jobs&jobsource=new_map,前端工程師,"職務說明:
- 負責開發與優化基於 React.js 的前端應用程式。
- 具備 SEO 最佳化及 Server-Side Rendering（SSR）開發經驗，提升網站性能與搜尋引擎排名。
- 具備良好的團隊協作能力，與設計師、後端工程師合作，打造優質的使用者體驗。

工作內容:
1. 使用 React.js 開發與維護 Web 應用程式，確保高效能與良好可維護性。
2. **優化前端效能**，包含網頁載入速度、瀏覽器兼容性及 SEO 友善度。
3. **實作 SSR（Server-Side Rendering）**，提升應用程式的 SEO 及載入速度。
4. 與 UI/UX 設計團隊合作，將設計稿轉化為高品質的前端介面。
5. 撰寫 *可重用的元件* 及維護前端架構，提高開發效率與程式品質。
6. 研究前端技術趨勢，提升開發效率，優化使用者體驗。
7. 與後端團隊協作，整合 API 並確保前後端資料流順暢。

必要條件
- 熟練使用 React.js 任一種技術。
- 熟悉前端框架與常用的工具、狀態管理、UI庫。
- 熟悉 *SEO* 及 **SSR**，有 Nuxt.js 或 Next.js 開發經驗。
- 具備 *HTML5 / CSS3 / JavaScript / TypeScript* 開發能力。
- 熟悉 **前端效能優化**，如 Lazy Loading、Code Splitting、Pre-rendering 等技術。
- 熟悉 Git 版本控制，具備良好的團隊協作能力。
- 能夠掌握開發時程與流程，確保提交代碼品質,未填寫,JavaScript、SEO、Node.js、ReactJS、VueJS
提升專業能力
提升專業能力,軟體工程系統開發、軟體程式設計、資料庫系統管理維護","軟體工程師
、Internet程式設計師","月薪40,000~60,000元",無需出差外派,台中市西區臺灣大道二段2號6樓之5,"https://maps.google.com.tw/?q=%E6%A8%82%E8%8F%93%E8%B3%87%E8%A8%8A%E6%9C%89%E9%99%90%E5%85%AC%E5%8F%B8@24.1481853,120.6735865&z=17",樂菓資訊有限公司
https://www.104.com.tw/job/8q4ks?app_jobsource=m_time4jobs&jobsource=new_map,電腦課-資訊工程師,"1.負責院區電腦中心輪班作業。
2.負責院區相關電腦設備請修處理及使用者諮詢服務。
3.機房主機系統監控操作與批次作業執行，維護機房設備正常運轉及確保資訊安全。,不拘,不拘,不拘","資訊設備管制人員
、網路管理工程師","月薪34,000~44,000元",無需出差外派,台中市大里區東榮路483號,"https://maps.google.com.tw/?q=%E5%A4%A7%E9%87%8C%E4%BB%81%E6%84%9B%E9%86%AB%E9%99%A2_%E4%BB%81%E6%84%9B%E9%86%AB%E7%99%82%E8%B2%A1%E5%9C%98%E6%B3%95%E4%BA%BA@24.1090639,120.6804704&z=17",大里仁愛醫院_仁愛醫療財團法人
https://www.104.com.tw/job/8vbil?app_jobsource=m_time4jobs&jobsource=new_map,遊戲前端開發工程師(Cocos Creator Game Developer),"1.參與遊戲功能模組的開發與迭代更新，實現核心玩法邏輯與 UI 互動效果。
2.配合前端組長完成技術方案實現，確保程式碼效能與可維護性。,不拘,Android、iOS
提升專業能力
提升專業能力,遊戲開發、系統架構規劃、軟體工程系統開發、軟體程式設計","軟體工程師
、全端工程師
、遊戲工程師","月薪50,000~75,000元",無需出差外派,台中市北區民權路559號10樓之3 (鴻運金企業大樓),"https://maps.google.com.tw/?q=%E6%84%9B%E5%8B%9D%E7%A7%91%E6%8A%80%E6%9C%89%E9%99%90%E5%85%AC%E5%8F%B8@24.1618387,120.6702905&z=17",愛勝科技有限公司
https://www.104.com.tw/job/8ueg1?app_jobsource=m_time4jobs&jobsource=new_map,系統整合人員,"【職務定位】
系統整合人員是企業數位化與流程優化的核心角色，將負責 補教事業 × 資產管理事業 的內部系統規劃與串接，確保業務營運高效與穩定。此職位需要跨部門協作，從行銷招生、租賃管理到行政後勤，建立數位化系統、維護硬體設備，並支援行政接送，是公司運營升級的關鍵夥伴。


1. 系統串接與規劃
 規劃與維護 BotBonnie 系統，整合行銷自動化與客服流程。
 建置、管理 幫賣系統，支援銷售與客戶管理。

2. 系統開發與表單設計
 開發與維護 Kintone 系統，支援補教與資產管理業務。
 建立與優化 Google 表單 / Google Sheets，串接工作流程與報表。

3. 資料與系統維護
 建立與維護 禮品管理系統，追蹤贈品發放與存貨。
 建立與維護 圖書館系統，支援教育事業的資源管理。

4. 硬體設備管理
 協助公司辦公室（太平 × 北屯）硬體設備的安裝、維護與異常排除。
 支援網路、印表機、電腦設備的日常管理。

5. 行政庶務支援
 協助主管安排與執行各項專案需求。
 支援校內/公司活動的系統面或後勤需求。
 需具備駕照，能執行 行政接送與臨時外出支援。,不拘,不拘,系統導入、系統架構規劃與維護、商業智慧、系統架構規劃、系統維護操作、作業系統基本操作、電腦設備裝配、資訊設備操作檢修","系統工程師
、MIS程式設計師
、其他資訊專業人員","月薪32,000~42,000元",無需出差外派,台中市太平區新福路,"https://maps.google.com.tw/?q=%E8%8A%83%E5%8D%9A%E7%BE%8E%E8%AA%9E_%E8%8A%83%E5%8D%9A%E9%A1%A7%E5%95%8F%E8%82%A1%E4%BB%BD%E6%9C%89%E9%99%90%E5%85%AC%E5%8F%B8@24.1541365,120.7040661&z=17",芃博美語_芃博顧問股份有限公司
https://www.104.com.tw/job/8tk6p?app_jobsource=m_time4jobs&jobsource=new_map,軟體客服工程師,"歡迎加入我們的客服團隊，協助客戶使用公文系統與 AI 應用服務。
這份工作能讓你熟悉公文系統流程，並實際接觸 AI 與產品邏輯。
你將從實務中累積系統與溝通力，培養跨領域思維，為未來開啟更多可能。

1. 系統測試 安裝建置
2. 文件撰寫 教材編列 
3. 教育訓練授課
4. 系統上線 駐地輔導
5. 電話客戶服務與支援
6. AI後台管理與應用支援
7. 有相關經驗佳


【即便您對公文系統領域尚不熟悉，也無須擔心。我們已規劃完善的培訓機制：】
1、專屬課程，帶您快速掌握公文知識與系統操作。
2、專屬 Leader 全程輔導，隨時解答問題，協助您融入並持續成長。
3、循序漸進的學習檢視，讓您在實務中逐步累積信心與專業能力。,不拘,Windows 10、Word、LibreOffice Writer、PowerPoint、Excel
提升專業能力
提升專業能力,作業系統基本操作、功能測試(function test)、使用者測試(Usability test)、問題追蹤處理(Bug tracking)、軟體整合測試、測試計劃及測試報告書撰寫","電話客服
、客服工程師
、軟體工程師","月薪38,000元以上",需出差，一年累積時間約七個月以上,台中市北屯區文心路四段83號16樓,"https://maps.google.com.tw/?q=%E5%B8%9D%E7%B7%AF%E7%B3%BB%E7%B5%B1%E6%95%B4%E5%90%88%E8%82%A1%E4%BB%BD%E6%9C%89%E9%99%90%E5%85%AC%E5%8F%B8@24.1741733,120.673008&z=17",帝緯系統整合股份有限公司
https://www.104.com.tw/job/7wsjs?app_jobsource=m_time4jobs&jobsource=new_map,網路資安維護,"1. 設定、檢修網路設備。
2. 規劃網路管理機制。
3. 控管、備份網路伺服器內的檔案，並設定用戶端權限，以確保檔案安全。
4. 監控系統運作，並建立危機處理的標準流程。
5. 分析、解決用戶端通訊問題。
6. 負責資訊安全的管制。
7. 設定電腦周邊硬體系統的網絡連線（如：印表機）。
8. 提供用戶端人員網路系統操作的教育訓練。
9. 依照企業需求，規劃、架設及管理各種伺服器。
10.能夠與客戶、廠商進行良好溝通與協調，即時解決技術問題。

加分條件
1.具 IoT（物聯網）系統開發或應用實務經驗者尤佳。,不拘,DHCP、DNS、Ethernet、Firewall、LAN、TCP/IP
提升專業能力
提升專業能力,不拘","系統工程師
、網路安全分析師
、網站行銷企劃","月薪32,000~42,000元",無需出差外派,台中市北屯區文心路四段81號5樓之2,"https://maps.google.com.tw/?q=%E5%8A%9B%E5%AD%B8%E8%82%A1%E4%BB%BD%E6%9C%89%E9%99%90%E5%85%AC%E5%8F%B8@24.1742468,120.6727036&z=17",力學股份有限公司
https://www.104.com.tw/job/8q7u9?app_jobsource=m_time4jobs&jobsource=new_map,鼎新workflow資訊工程師,"1.MIS 程式維護,熟Visual Studio 者佳
2.熟鼎新Workflow , 能教學者佳,不拘,C#、JavaScript、HTML、Visual Studio、鼎新
提升專業能力
提升專業能力,軟體程式設計","MIS程式設計師
、軟體工程師
、軟體助理工程師",待遇面議,無需出差外派,台中市北區文心路四段200號11樓之6,"https://maps.google.com.tw/?q=%E5%8F%B0%E6%98%87%E5%9C%8B%E9%9A%9B%E8%82%A1%E4%BB%BD%E6%9C%89%E9%99%90%E5%85%AC%E5%8F%B8@24.1731888,120.6766202&z=17",台昇國際股份有限公司
https://www.104.com.tw/job/8ll7r?app_jobsource=m_time4jobs&jobsource=new_map,Tech Lead / 全端開發專家,"奇點無限是一家以「數學最佳化」與「資料科學」為核心技術的軟體公司，致力於智慧交通及綠色物流領域。透過頂尖數學家與工程師的合作，提供全球永續發展的最佳化解決方案。


【職務說明】
我們正在尋找一位技術領袖（Tech Lead），負責帶領開發團隊，設計並實施高效的系統架構，同時親自參與全端開發工作。在快速發展的創新環境中，您將以技術實力驅動專案成功，推動團隊實現台灣智慧交通與綠色物流配送最佳化的新里程碑，共同實現永續發展的願景。
這個職位非常適合對新創充滿熱情，並渴望前瞻性職涯發展的您！

※ 投遞此職缺需附上作品集 ※


【職責內容】
• 技術領導與團隊管理：帶領團隊協調跨部門合作，確保專案高效執行與成功交付。
• 全端技術開發：設計並實作穩定高效的前後端架構，必要時支援技術實作。
• 雲端架構與效能優化：設計可擴展雲端架構，提升系統效能與穩定性。
• 資訊安全管理：預防並解決安全風險，保護用戶與公司數據安全。
• 技術支持與商業優化：提供技術方案支持業務需求，並優化相關流程。



【基本條件】
1. 全端開發能力：
• 精通 HTML、CSS、JavaScript（ES6+）、TypeScript，以及 Vue.js 等框架，具備 SPA 和 RWD 經驗。
• 熟悉 Node.js 與 API 設計，具備 SQL 與 NoSQL 資料庫管理能力。
• 具備微服務架構與分佈式系統經驗。
2. 雲端架構與效能優化：
• 熟悉 AWS、Azure 或 GCP，具備雲端架構設計與效能優化經驗。
3. 資訊安全：
• 熟悉資料加密與身份驗證技術，能有效設計防範機制。
4. 團隊管理與專案推進：
• 有敏捷開發與 DevOps 實踐經驗，能有效領導團隊並協調資源。


【加分條件】
• 基本了解或具備 Optimization 背景。
• 具備物流或供應鏈管理經驗。
• 基本了解並能運用人工智慧、大數據處理或機器學習技術。
• 具備商業敏銳度，能優化技術方案支持業務發展。
• 能自主學習新技術並應用於實際問題，定期更新技術知識與測試新技術。
• 具備架構設計經驗，能夠主導並設計高效的系統架構。
• 具有大流量高併發處理經驗，能有效應對高負載情境。


【應徵方式】
請提供以下資訊，幫助我們更了解你：

簡歷：分享你的技術經驗與成就。
GitHub 或作品連結：展示你的程式碼與專案成果。
應徵動機：用簡短文字告訴我們，你希望在團隊中實現什麼。


如果您具備上述條件，擁有豐富的想像力與創新思維，並希望在充滿挑戰的環境中，運用數學與資料科學，與我們共同開創智慧交通與綠色物流的未來，立即加入我們！,1. 具備商業思維
2. 具備最佳化(Optimization)經驗
3. 具備軟體架構師(Software architect)能力
4. 熟悉規劃與設計系統開發流程
5. 熟悉Linux開發管理維運
6. 熟悉公有雲部署服務維運
7. 追蹤舊技術的迭代與新技術的發展，並評估是否能夠導入公司使用或是促使團隊升級
8. 熟悉雲端平台的解決方案
9. 能夠評估各方案的開發資源與營運成本,不拘,不拘","全端工程師
、資料科學家
、演算法工程師",待遇面議,無需出差外派,台中市北屯區文心路四段696號8樓之一,"https://maps.google.com.tw/?q=%E5%A5%87%E9%BB%9E%E7%84%A1%E9%99%90%E8%82%A1%E4%BB%BD%E6%9C%89%E9%99%90%E5%85%AC%E5%8F%B8@24.1716088,120.6873763&z=17",奇點無限股份有限公司
https://www.104.com.tw/job/8s5r6?app_jobsource=m_time4jobs&jobsource=new_map,【總管理處】資訊室主管,"統籌集團資訊系統與基礎設施之建置、維運與資安管理，確保各事業單位營運流程穩定、安全、高效，並推動數位轉型與資訊制度化，提升集團整體營運韌性與管理效率。
一、資訊系統管理：
      • 負責ERP、文件管理系統、工地資訊系統、簽核流程等主要系統之維運與改善。
      • 規劃與執行資訊系統導入、升級或整合專案。
二、基礎設施維運：
      • 管理公司伺服器、網路設備、資料備份與復原機制。
      • 維護總部與各辦公室的硬體與網路環境穩定性。
三、資安與法遵：
      • 建立資訊安全政策與制度，監控潛在風險與異常事件。
      • 確保個資保護與合規性（如GDPR、個資法等）。
四、部門管理與協作：
      • 組織與管理資訊團隊（內部人員或外包廠商），分派任務與追蹤成果。
      • 跨部門協調IT需求與專案進度，確保符合營運需求與時程。
五、策略與預算規劃：
      • 制定年度資訊計畫、預算編列與成本控管。
      • 提出中長期資訊建設策略與資源配置建議。,不拘,不拘,不拘","MIS／網管主管
、軟體專案主管","月薪55,000~65,000元",無需出差外派,台中市西區梅川西路一段23號,"https://maps.google.com.tw/?q=%E6%99%A8%E7%A6%8E%E7%87%9F%E9%80%A0%E8%82%A1%E4%BB%BD%E6%9C%89%E9%99%90%E5%85%AC%E5%8F%B8@24.1426748,120.6674196&z=17",晨禎營造股份有限公司
https://www.104.com.tw/job/6he27?app_jobsource=m_time4jobs&jobsource=new_map,網路管理工程師(台中),"1. 系統建置與維護 (Windows, Linux)   
2. 網路相關設備之安裝、設定、測試與維護 (Firewall...等)
3. 資料庫系統操作、安裝、配置 (MSSQL,MYSQL)
4. 監控系統運作，並建立危機處理的標準流程
5. 分析、解決用戶網路系統通訊問題 
6. 精通程式語言尤佳，肯學習，溝通能力佳，EQ佳，主動積極，抗壓性強,不拘,Linux、PHP、MySQL
提升專業能力
提升專業能力,不拘","系統工程師
、資訊設備管制人員","月薪35,000~60,000元",無需出差外派,台中市西區台中市西區台灣大道二段181號,"https://maps.google.com.tw/?q=%E8%80%80%E7%B7%AF%E7%A7%91%E6%8A%80%E6%9C%89%E9%99%90%E5%85%AC%E5%8F%B8@24.1518186,120.6684121&z=17",耀緯科技有限公司
https://www.104.com.tw/job/8sm4p?app_jobsource=m_time4jobs&jobsource=new_map,資訊人員,"1.了解組織相關系統並解決使用者系統操作問題。
2.相關PC硬體及Window作業系統問題排除。
3.有基本程式開發能力。
4.熟基本SQL查詢語法。
5.其他主管交辦事項。,不拘,C#、ASP.NET、PHP、MS SQL
提升專業能力
提升專業能力,伺服器網站管理維護、電腦設備裝配、資料庫軟體應用、資料庫系統管理維護、資料庫程式設計","MIS程式設計師
、資訊設備管制人員
、系統工程師","月薪30,000~35,000元",無需出差外派,台中市北區北平路一段33號,"https://maps.google.com.tw/?q=%E4%B8%AD%E8%8F%AF%E6%B0%91%E5%9C%8B%E5%84%B2%E8%93%84%E4%BA%92%E5%8A%A9%E5%8D%94%E6%9C%83@24.171743,120.6681028&z=17",中華民國儲蓄互助協會
https://www.104.com.tw/job/8trf2?app_jobsource=m_time4jobs&jobsource=new_map,網路管理師 (工作地點：台中慈濟醫院),"◆ 網路管理師 (工作地點：台中慈濟醫院)
1.大學（含）以上，資訊管理、資訊工程系所畢業。
2.網路資安設備（Firewall、WAF、Router、Switch、AP）管理/維護/障礙排除
3.網路可靠度監測系統管理/維護
4.協助資訊設備故障排除 
5.具備三年以上實務網路管理經驗
6.具備網路管理證照CCNA尤佳
7.主管交辦事項
8.需輪班
9.依個別資歷、工作表現、職務內容等， 每月提供經驗年資薪、技術津貼、每季提供績效獎金。
====================================================
※慈濟醫療資訊介紹：
   醫療是系統的主人：恪守正規軟體工程規劃　慈濟醫院達標數位化IT
    https://reurl.cc/o5M6Lv
   我們正在尋找勇於接受技術挑戰、⾃我要求⾼度成⻑的夥伴～
   我們提供最激勵⼈⼼的員⼯福利、培訓和發展計劃，創造⼀個能充分發揮潛⼒的環境， 
   期待追求⾃我挑戰、求新求變的夥伴加入。
   透過「Mentor」導師制、「Coaching」教練制之人才培育制度，推動新人培訓，讓資 
   深 具經驗之人員或主管進行業務指導和經驗傳授，提供新人在入職初期能夠按照前人步 
   驟、循序漸進的適應公司職務與文化，並且可同時增進新舊同事之間的交流、提供除了 
   制式規定之外的支持與關懷協助。
   歡迎有【熱忱】、【追求極致】、【樂於團隊合作】的夥伴⼀同打造先進的醫療資訊！
   我們要成為最頂尖的醫療資訊人才，你準備好作台灣醫療資訊的領頭羊了嗎？
   慈濟醫療資訊竭誠歡迎您的加入～
====================================================,未填寫,Firewall、Routers
提升專業能力
提升專業能力,網路設備設定安裝、安裝與維護網路安全系統、網路系統配置、規劃與管理防火牆、網路規劃管理","系統工程師
、網路管理工程師",待遇面議,需出差，一年累積時間未定,台中市潭子區豐興路一段66號,"https://maps.google.com.tw/?q=%E4%BD%9B%E6%95%99%E6%85%88%E6%BF%9F%E9%86%AB%E7%99%82%E8%B2%A1%E5%9C%98%E6%B3%95%E4%BA%BA@24.1950043,120.7219905&z=17",佛教慈濟醫療財團法人
https://www.104.com.tw/job/7yp48?app_jobsource=m_time4jobs&jobsource=new_map,(DR41- ) 軟韌體工程師/高級工程師/技術副理/技術經理(台中),"IP Camera系統軟韌體開發
1. 周邊Driver撰寫及除錯
2. 系統整合及驗證
3. 應用程式開發,未填寫,不拘,不拘","軟體工程師
、韌體工程師",待遇面議,無需出差外派,台中市北屯區崇德路二段252號7F,"https://maps.google.com.tw/?q=%E7%B6%A0%E5%9F%BA%E4%BC%81%E6%A5%AD%E8%82%A1%E4%BB%BD%E6%9C%89%E9%99%90%E5%85%AC%E5%8F%B8@24.1749323,120.6859182&z=17",綠基企業股份有限公司
https://www.104.com.tw/job/89xv6?app_jobsource=m_time4jobs&jobsource=new_map,【台中】新創軟體公司 徵 技術主管CTO,"1、技術戰略與規劃
制定公司技術發展策略及長期規劃，依據產業趨勢推動技術創新與產品升級。
2、研發體系管理
領導技術團隊進行系統的架構設計、核心模組開發及技術攻關，確保系統穩定性、擴展性與資訊安全。
3、專案與產品管理
參與公司重大專案的技術方案設計與審核，確保技術方案的可行性、先進性與擴展性，滿足客戶需求與專案目標。
4、針對專案過程中的技術難題提供指導，協調資源以解決技術瓶頸，確保專案順利交付並達到業界領先水準。
5、與產品、業務團隊協作，將市場需求轉化為技術落地方案，推動產品商業化發展。
6、團隊建置與人才管理
組建並管理高效技術團隊（涵蓋軟體、資安、運維、測試等），
7、建立技術團隊的考核與晉升制度，激發創新能力與團隊向心力。
8、跨部門協作與決策
參與公司決策，提供技術面向的戰略建議，支援業務拓展與客戶合作。
9、定期向 COO、CEO 及董事會報告技術進展與戰略執行情況,加分項目
1. 需要有0-1的項目經驗
2. 有新創公司經驗
3. 有海外工作經歷優先,不拘,不拘",軟體專案主管,"月薪150,000~200,000元",,台中市北區,"https://maps.google.com.tw/?q=%E5%8F%B0%E7%81%A3%E8%8B%B1%E7%89%B9%E8%89%BE%E5%80%AB%E4%BA%BA%E5%8A%9B%E8%B3%87%E6%BA%90%E6%9C%89%E9%99%90%E5%85%AC%E5%8F%B8@24.1573171,120.6832556&z=17",台灣英特艾倫人力資源有限公司
https://www.104.com.tw/job/8un6a?app_jobsource=m_time4jobs&jobsource=new_map,兼職資訊網路管理/美工,"1. 設定、檢修網路設備。
2. 規劃網路管理機制。
3. 控管、備份網路伺服器內的檔案，並設定用戶端權限，以確保檔案安全。
4. 監控系統運作，並建立危機處理的標準流程。
5. 分析、解決用戶端通訊問題。
6. 負責資訊安全的管制。
7. 設定電腦周邊硬體系統的網絡連線（如：印表機）。
8. 提供用戶端人員網路系統操作的教育訓練。
9. 依照企業需求，規劃、架設及管理各種伺服器。
10.負責產品的技術維運工作，保障產品整體高效能高可用狀態
11.負責系統發佈、部署、優化、監控、日誌等系統和流程的建設
12.優化服務設計和技術架構滿足業務增長
13.與產品行銷，討論銷售及營運需求與問題，提出改善建議，一同解決
14.熟悉美工軟體並繪製所需EDM,不拘,不拘,不拘","網路管理工程師
、資訊設備管制人員
、MIS／網管主管",時薪250元取得專屬你的薪水報告,依公司規定,台中市大里區仁化路,"https://maps.google.com.tw/?q=%E8%81%96%E5%A8%81%E5%B0%8F%E5%AE%A2%E8%BB%8A%E7%A7%9F%E8%B3%83%E6%9C%89%E9%99%90%E5%85%AC%E5%8F%B8@24.0945028,120.7095001&z=17",聖威小客車租賃有限公司
https://www.104.com.tw/job/8ozmc?app_jobsource=m_time4jobs&jobsource=new_map,總部 | 資深資訊工程師,"1.資訊相關軟硬體、ERP、網路相設備安裝、設定及故障排除。 
2.使用者的權限控管，包括帳號設定、角色分配和權限管理。
3.資訊設備管理、日常維護、升級及系統備份作業計劃。 
4.企業內部資訊系統之規劃、開發、維護、串接。
5.公司網路管理、定期審查防火牆log。
6.公司網站系統之變更管理。
7.具策略思維與專案整合能力。
8.主管交辦事項。,不拘,不拘,伺服器網站管理維護、作業系統基本操作、資料備份與復原、電腦設備裝配、資訊設備操作檢修、資訊設備環境設定、系統架構規劃、系統維護操作、系統整合分析、軟硬體設備成本控制、資料庫程式設計、系統架構規劃與維護、資料庫系統管理維護、軟體程式設計、資料庫軟體應用、企業資源規劃管理(ERP)、軟硬體設備預算與採買規劃、系統導入、安裝與維護網路安全系統、網路安全架構分析與設計","系統工程師
、MIS／網管主管
、軟體工程師","月薪60,000~70,000元",無需出差外派,台中市北區民權路474號(與健行路交叉口),"https://maps.google.com.tw/?q=%E5%96%AB%E8%8C%B6%E5%B0%8F%E8%88%96_%E6%96%B9%E5%9C%93%E5%9C%8B%E9%9A%9B%E4%BA%8B%E6%A5%AD%E8%82%A1%E4%BB%BD%E6%9C%89%E9%99%90%E5%85%AC%E5%8F%B8@24.1590691,120.6706279&z=17",喫茶小舖_方圓國際事業股份有限公司
https://www.104.com.tw/job/3nkxh?app_jobsource=m_time4jobs&jobsource=new_map,韌體設計工程師,"系統韌體研發，卓越開發能力者，保障月薪5萬以上。,不拘,MCU
提升專業能力
提升專業能力,韌體程式設計","電子產品系統工程師
、韌體工程師",待遇面議,無需出差外派,台中市潭子區雅潭路一段218號,"https://maps.google.com.tw/?q=%E9%91%AB%E7%99%BC%E7%A7%91%E6%8A%80%E8%82%A1%E4%BB%BD%E6%9C%89%E9%99%90%E5%85%AC%E5%8F%B8@24.2166065,120.6994671&z=17",鑫發科技股份有限公司
https://www.104.com.tw/job/8tid2?app_jobsource=m_time4jobs&jobsource=new_map,資訊室-軟體工程師,"【我們提供】
✽端午獎金、中秋獎金、年終獎金 (依全薪計算)
✽生日獎金、結婚獎金、生育獎金、傷病急難補助、喪葬補助
✽員工聚餐補助
✽員工及眷屬醫療費優免、免費員工健檢
✽各類進修補助及完整教育訓練
✽員工社團活動

【我們的工作】
1.醫療資訊系統分析設計及程式開發、測試、維護。
2.使用 Python Django 開發。
3.系統線上問題排除、電話輪值。
4.現有資訊系統維護與更新。

作為醫院的重要後勤人員，我們的行政團隊與臨床單位緊密合作，力求成為支持醫療人員的最佳後盾。誠摯邀請優秀且具企圖心的您，與我們一起開創未來！

★挑戰 | 突破 | 翻轉 | 創新 ，我們正在尋找您★
長安醫院核心價值「醫德、醫術、品質」，我們的團隊主動積極、重視團結合作，鼓勵創新思考，期待您的加入，與我們一起創造醫界新氣象！,1.可獨立作業進行需求訪談、系統分析與設計。
2.熟 SQL Server 語法，具設計資料表與效能最佳化能力。
3.具 3 年以上醫療資訊系統開發實務經驗者佳，並提供佐證資料。
4.有使用 AI 工具輔助開發習慣。
5.熟悉Python Django語法。,Python、Django、PL/SQL
提升專業能力
提升專業能力,電子設備操作簡修、軟體程式設計、結構化程式設計、模組化系統設計、系統整合分析、軟體工程系統開發、系統架構規劃、資料庫程式設計、資料庫軟體應用",軟體工程師,"月薪35,000~50,000元",無需出差外派,台中市太平區永平路一段9號,"https://maps.google.com.tw/?q=%E9%95%B7%E5%AE%89%E9%AB%94%E7%B3%BB%E9%80%A3%E9%8E%96%E7%A4%BE%E5%8D%80%E9%86%AB%E9%99%A2_%E9%95%B7%E5%AE%89%E9%86%AB%E9%99%A2@24.1309618,120.7196371&z=17",長安體系連鎖社區醫院_長安醫院
https://www.104.com.tw/job/786bo?app_jobsource=m_time4jobs&jobsource=new_map,FAE軟硬體，工程師《台中》,"【工作內容】
1. 熟悉業務端作業流程、產品或專案上所需之相關軟硬體故障排除
2. Desktop C# 軟體程式開發、維護
3. 網頁技術,PHP,Jquery,CSS,.Net,python
4. 撰寫並提供客戶正確的產品規格與應用資訊，以供客戶參考
5. 追蹤進度，包括試用、試點、量產出貨等各階段客戶端的問題點，並加以收集、處理
6. 協助客戶端問題排解,軟硬體解決方案
7. 負責技術支援文件的更新維護
8. 有醫院數位病理生命科學相關經驗尤佳

【必備條件】
1. 具 Desktop C# 程式維護經驗
2. 網頁技術 jquery,html,css
3. 架構性強
4. 溝通力強
5. 軟硬體整合能力,1. 相關數位病理生命科學相關優先考慮；
2. 具備C#,PHP,JQUERY,CSS等程式設計語言的編程能力；
3. 具備較強的邏輯思維能力和問題分析解決能力；
5. 具備良好的溝通能力和團隊協作能力。,ASP.NET、C#、PHP、WinForm、jQuery、CSS
提升專業能力
提升專業能力,系統架構規劃、系統整合分析、軟體工程系統開發、軟體程式設計、資料庫系統管理維護","軟體工程師
、FAE工程師
、業務支援工程師",待遇面議,需出差外派，一年累積時間約六個月以下,台中市北屯區文心路四段450號,"https://maps.google.com.tw/?q=%E5%9C%8B%E7%A5%A5%E8%B2%BF%E6%98%93%E8%82%A1%E4%BB%BD%E6%9C%89%E9%99%90%E5%85%AC%E5%8F%B8@24.172212,120.682312&z=17",國祥貿易股份有限公司
https://www.104.com.tw/job/7xe3e?app_jobsource=m_time4jobs&jobsource=new_map,1MC1-人工智慧暨機器人創新中心 演算法開發工程師(三維建模),"負責開發和優化三維建模和處理的相關演算法，涵蓋三維物件生成、幾何重建、資料處理及優化。此職位需具備數學建模、電腦圖學及深度學習的相關知識，並能將這些技術應用於醫療影像處理之三維建模場景。

主要職責：
1.負責三維模型的構建工作，並將3D模型物件導入至指定系統環境，如Unity、Omniverse、ROS等平台。
2.基於醫療影像、掃描數據或其他參考來源，製作逼真且精確的三維人體部位模型，如骨骼、牙齒、肌肉或器官等。
3.開發與建立客製化的數位協作系統，針對3D模型應用進行專用模型開發，並進行相應的程式串接，確保模型正常運行。
4.配合部門研發專案需求，提供技術支援，完成相應的計畫報告撰寫。

具備條件：
1.熟悉任一建模軟體，如Blender、3ds Max、Maya、Unity、Omniverse等，具備三維模擬建置能力與相關經驗。
2.熟練使用C/C++/Python程式語言，有三維模型操作和程式開發能力。

加分項：
• 具備醫療或解剖學建模項目經驗
• 具備醫學影像（如CT、MRI）數據處理或三維重建經驗
• 具備控制機械手臂的能力，有機器學習模型訓練相關之經驗,未填寫,不拘,不拘",演算法工程師,待遇面議,無需出差外派,台中市北區育德路2號,"https://maps.google.com.tw/?q=%E4%B8%AD%E5%9C%8B%E9%86%AB%E8%97%A5%E5%A4%A7%E5%AD%B8%E9%99%84%E8%A8%AD%E9%86%AB%E9%99%A2@24.1571781,120.6804958&z=17",中國醫藥大學附設醫院
https://www.104.com.tw/job/6hub4?app_jobsource=m_time4jobs&jobsource=new_map,韌體設計工程師,"1.韌體程式設計規畫撰寫 
2.相關產品程式維護
3.相關零件評估選用,熟ARM Cortex-M、8051、PIC系列單晶片佳
熟數位通訊理論者佳,MCU、C、ARM
提升專業能力
提升專業能力,韌體工程開發、軟體整合測試、韌體整合測試、軟體程式設計、韌體程式設計、微電腦軟體設計、電子電路設計","韌體工程師
、軟體工程師
、電子工程師","月薪45,000~60,000元",無需出差外派,台中市大里區工業十路2號,"https://maps.google.com.tw/?q=%E5%A5%95%E5%82%91%E9%9B%BB%E5%AD%90%E8%82%A1%E4%BB%BD%E6%9C%89%E9%99%90%E5%85%AC%E5%8F%B8@24.1002969,120.7197149&z=17",奕傑電子股份有限公司
https://www.104.com.tw/job/78idn?app_jobsource=m_time4jobs&jobsource=new_map,網頁前端工程師(台中),"1.遊戲官網、手機網頁及行動App內頁面程式開發
2.負責網站前端開發並與後端工程師配合完成專案
3.與設計師配合開發前端組件，維護並優化前端頁面效能,不拘,HTML、JavaScript、CSS、VueJS
提升專業能力
提升專業能力,不拘","Internet程式設計師
、網頁設計師
、遊戲工程師","月薪30,000~60,000元",無需出差外派,台中市西區台灣大道二段181號,"https://maps.google.com.tw/?q=%E8%80%80%E7%B7%AF%E7%A7%91%E6%8A%80%E6%9C%89%E9%99%90%E5%85%AC%E5%8F%B8@24.1517585,120.6683736&z=17",耀緯科技有限公司
https://www.104.com.tw/job/8bp8f?app_jobsource=m_time4jobs&jobsource=new_map,CIS 系統網路工程師 (中南區),"1. 負責系統及網路專案建置與維護 (基礎建置/網路資安與應用/虛擬化/超融合系統…)
2. 負責客戶端系統/網路相關技術支援服務及維護
3. 協助專案管理與相關文件撰寫 (SOW/SOP/Proposal…)
4. 主管交辦事項,1. 具服務熱忱、耐心、求知欲高及親和力者佳
2. 具冷靜思考、邏輯能力強、負責向上及學習能力者佳
3. 具系統、網路或虛擬化產品VMware、NUTANIX相關證照者佳,Vmware、Routers、VLAN、VPN
提升專業能力
提升專業能力,不拘","網路管理工程師
、產品售後技術服務
、業務支援工程師","月薪40,000元以上",需出差，一年累積時間約一個月以下,台中市西區臺灣大道二段103號8樓,"https://maps.google.com.tw/?q=%E5%AE%8F%E7%87%81%E8%B3%87%E8%A8%8A%E8%82%A1%E4%BB%BD%E6%9C%89%E9%99%90%E5%85%AC%E5%8F%B8@24.1498879,120.6706821&z=17",宏燁資訊股份有限公司
https://www.104.com.tw/job/73eyj?app_jobsource=m_time4jobs&jobsource=new_map,前端工程師,"【工作內容】
1. 參與企業專案開發及系統維護。
2. ReactJS程式開發或NodeJS程式開發。
3. 使用者教育訓練，系統問題協助及排除。
4. 資訊文件撰寫。
5. 新技術學習和研究。
6. 主管交辦事項。

【其它條件】
1. 具備開發及維護大型系統經驗。
2. 前後端分離開發經驗和模組開發經驗。
3. 多前端框架的實務經驗。
4. 熟悉MySQL或MSSQL資料庫。
5. RESTful API開發經驗。,不拘,Node.js、ReactJS、VueJS
提升專業能力
提升專業能力,不拘","軟體工程師
、前端工程師
、全端工程師","月薪34,000~45,000元",無需出差外派,台中市北屯區昌平路二段20之2號,"https://maps.google.com.tw/?q=%E8%A3%95%E8%BB%92%E9%A3%9F%E5%93%81_%E8%8C%97%E6%B3%B0%E9%A3%9F%E5%93%81%E5%AF%A6%E6%A5%AD%E8%82%A1%E4%BB%BD%E6%9C%89%E9%99%90%E5%85%AC%E5%8F%B8@24.191276,120.6837026&z=17",裕軒食品_茗泰食品實業股份有限公司
https://www.104.com.tw/job/83cnk?app_jobsource=m_time4jobs&jobsource=new_map,IT Infra工程師,"【關於職位需求/情況】
1. 具溝通能力；能獨立作業。
2. 須配合各區辦公室建置出差。

【您的工作內容】
1. 內部網路設備規畫與實施，包含防火牆、交換器、無線網路設備等。
2. 支援軟體與硬體工程師進行系統部署與維護。
3. 建立與維護監控系統、排程任務與自動化報表。
4. 作為軟硬體角色的備援支援者，確保系統穩定運作。
5. 熟悉Windows/Linux伺服器、虛擬化技術（如VMware、Hyper-V）。
6. 具備系統監控、備份與資安防護經驗。
7. 能整合多種工具產出自動化報表與通知流程。
8. 內部主機架構規畫與實施，包含伺服器、儲存設備等。
9. 資訊設備採購規畫與實施，包含網路、伺服器及資安設備等規畫、採購。
10. 提供各部門人員服務，包含網路、伺服器及儲存設備設定與障礙排除。
11. 完成主管交辦事項。,未填寫,英文打字75~100、中文打字75~100、Word、PowerPoint、Excel、Windows 10、Windows 7
提升專業能力
提升專業能力,資訊設備環境設定、安裝與維護網路安全系統、網路系統配置、網路設備設定安裝、伺服器網站管理維護、規劃與管理防火牆、電腦設備裝配、資訊設備操作檢修、資料備份與復原、網路配線工具使用、企業資源規劃管理(ERP)、系統維護操作、作業系統基本操作、網路系統危機管理","資安工程師
、系統工程師
、網路管理工程師","月薪38,000~50,000元",需出差，一年累積時間約一個月以下,台中市北屯區環中路一段485號,"https://maps.google.com.tw/?q=%E5%9E%9A%E9%8B%90%E7%B3%BB%E7%B5%B1%E7%A7%91%E6%8A%80%E8%82%A1%E4%BB%BD%E6%9C%89%E9%99%90%E5%85%AC%E5%8F%B8@24.2006432,120.6921852&z=17",垚鋐系統科技股份有限公司
https://www.104.com.tw/job/7xgu4?app_jobsource=m_time4jobs&jobsource=new_map,Senior Software Engineer 資深研發軟體工程師,"(1) 熟悉C/C++程式開發
(2) 熟悉Windows/Linux程式開發者尤佳
(3) 一年以上程式設計/軟體測試相關經驗尤佳
(5) 依不同經驗及能力來負責系統之分析(SA)、設計(SD)以及程式撰寫(PG)。
(6) 備平行程式開發的基本知識，可預防常見的 race condition。
(7) 熟悉Multi-Thread 和 Socket Programming
(8) 熟悉Modern C++
(9) 熟悉Git版控。,未填寫,Linux、C、C++
提升專業能力
提升專業能力,軟體工程系統開發、軟體程式設計",軟體工程師,待遇面議,無需出差外派,台中市北區忠明路424號8F之1,"https://maps.google.com.tw/?q=%E7%91%9E%E6%80%9D%E8%B3%87%E8%A8%8A%E8%82%A1%E4%BB%BD%E6%9C%89%E9%99%90%E5%85%AC%E5%8F%B8@24.1627113,120.669397&z=17",瑞思資訊股份有限公司
https://www.104.com.tw/job/7ef49?app_jobsource=m_time4jobs&jobsource=new_map,【台中】C#軟體研發工程師 Senior,"你是否渴望在一個充滿挑戰和創造力的環境中，成為一名卓越的C#後端研發工程師？我們正在尋找具有熱情和專業的人才，加入我們充滿活力的軟體平台團隊，共同開發平台後端與微服務架構，並設計高併發的解決方案。

作為一家技術領先的軟體平台公司，我們致力於提供創新且高效的解決方案，滿足商業平台擴張與微服務架構的需求。作為C#後端研發工程師，你將成為這個目標實現的關鍵角色。

我們期待找到以下具備技能和特質的伙伴：
1.扎實的C#開發基礎：
   精通C#語言和.NET框架，熟悉開發平台Web API與微服務架構。具備良好的程式質量和效能優化意識。
2.架構設計與優化能力：
   具有設計高併發解決方案的經驗，能夠設計可擴展且穩定的系統架構。熟悉微服務架構的設計原則和最佳實踐。
3.優秀的問題解決能力：
   能夠快速識別並解決複雜的技術問題，具備良好的邏輯思維和分析能力。能夠在壓力下保持冷靜，並找到最佳解決方案。
4.團隊合作精神：
   善於與多個團隊成員合作，包括前端工程師、DBA、SRE等，以實現共同的目標。具備良好的溝通和協調能力，能夠積極參與團隊討論和分享。
5.學習和創新的態度：
   對於新技術和工具保持持續的學習和探索，並能夠將新知識應用於工作中。勇於嘗試新的想法和解決方案，推動產品的創新和發展。

加入我們的團隊，你將有機會參與開發引人注目的軟體平台，影響數百萬用戶的體驗。我們提供優越的工作環境和良好的成長機會，讓你的才華得以充分展現和發展。

如果你渴望成為C#後端研發領域的佼佼者，我們誠摯地邀請你加入我們的團隊。我們期待與你見面，一同創造更多觸手可及的美好生活。


1.熟ASP.NET Core C#
2.熟Git版本控制
3.具備 OOP / Design Pattern 概念尤佳
4.有redis、Rabbit MQ、EF.core 經驗尤佳
5.團隊採scrum開發模式，有DDD領域驅動開發模式 經驗尤佳
6.團隊採用自動化持續交付或持續部署(CI/CD)

團隊訓練
1.定期舉辦內部/外部技術研討與訓練
2.定期內部/外部教育訓練
3.享有豐富線上教育系統資源(skill/flow),不拘,ASP.NET、C#、MySQL
提升專業能力
提升專業能力,不拘","軟體工程師
、網頁設計師
、Internet程式設計師","月薪40,000~100,000元",無需出差外派,台中市北區太原北路130號11樓,"https://maps.google.com.tw/?q=%E6%99%BA%E7%94%9F%E6%B4%BB%E7%A7%91%E6%8A%80%E8%82%A1%E4%BB%BD%E6%9C%89%E9%99%90%E5%85%AC%E5%8F%B8@24.1653425,120.6701508&z=17",智生活科技股份有限公司
https://www.104.com.tw/job/8pper?app_jobsource=m_time4jobs&jobsource=new_map,後端工程師-線上面試,"【條件要求】
1.2年以上工作經驗
2.能獨立開發、維護平台
3.熟悉任一物件導向程式語言
4.熟悉 Web 程式開發及 HTTP protocol
5.熟悉 SQL 或 NoSQL 資料庫
6.基礎 Linux 指令
7.基礎 Git
8.對程式品質、程式可維護性、 Testable code 有堅持
9.有 CI/CD 相關經驗
10.有使用過 GCP/AWS 服務的經驗




【工作內容】
1.平台的功能或商業邏輯開發及維護
2.第三方服務串接（Facebook, Line, Instagram, PubNub…等)
3.國內外金物流服務串接（不限於台灣）
4.優化系統效能、重構與除錯
5.撰寫技術文件與單元測試
6.與前端、PM、QA 團隊協作，確保專案順利進行
7.直播互動及串流服務的開發及維護
8.良好的問題解決能力和程式碼優化技巧。
9.能獨立開發、維護平台



【加分條件】
1.熟悉 PHP Laravel框架
2.有參與過 Open Source 專案或寫過 Package
3.有串接第三方服務的經驗
4.有大型系統或高併發架構經驗者佳
5.有參與開源專案或技術部落格經驗



【休假制度】
周休二日
依公司配合開新發項目時,會特殊事情會需要加班,加班費照遵照勞基法給予,不拘,CSS、MySQL、PHP、JavaScript、HTML
提升專業能力
提升專業能力,軟體程式設計、資料庫程式設計、系統架構規劃、網路程式設計","後端工程師
、前端工程師
、軟體工程師",待遇面議,無需出差外派,台中市北區中清路一段100號10樓之5,"https://maps.google.com.tw/?q=%E7%97%9E%E5%AE%A2%E7%A7%91%E6%8A%80%E6%9C%89%E9%99%90%E5%85%AC%E5%8F%B8@24.1536484,120.677503&z=17",痞客科技有限公司
https://www.104.com.tw/job/8mr4o?app_jobsource=m_time4jobs&jobsource=new_map,C# WinForm 軟體工程師,"1. 負責讀卡機之程式維護及改版
2. 進行軟體測試、修改與維護  
3. 修正系統問題並提出解決方案
4. 處理學校遇到讀卡問題 
5. 必需有 C# WinForm 實際開發經驗
6. 熟悉.NET Core  
7. 熟悉 MSSQL 
8.讀卡機事務改版完成後，除了原本讀卡機持續維運外，將會安排其他系統開發或調整維運。

※ 績效獎金另計,不拘,AJAX、ASP.NET、C#、MS SQL、HTML、JavaScript、jQuery、Excel、PowerPoint、Visio、Word、WinForm、Visual Studio
提升專業能力
提升專業能力,軟體程式設計、資料庫程式設計",軟體工程師,"月薪40,000~50,000元",需出差，一年累積時間約三個月以下,台中市太平區樹孝路485號,"https://maps.google.com.tw/?q=%E6%94%BF%E9%AB%98%E6%9C%89%E9%99%90%E5%85%AC%E5%8F%B8@24.1584482,120.7202754&z=17",政高有限公司
https://www.104.com.tw/job/8m574?app_jobsource=m_time4jobs&jobsource=new_map,資料庫管理人員,"1. 依據使用者需求，參與資料庫架構的設計，並針對整體系統架構提供建議，以創建最佳資料庫架構。
2. 管理各項資料庫資源使用，包含使用數量、權限管理、使用空間、系統資源（CPU、Memory、IO）等。
3. 熟知mssql server 。
4. 具備基本會計知識及尤佳。
5. 協同系統管理部門、網路管理部門，提供正常資料庫維運。
6. 主管交辦事項。,不拘,MS SQL、Excel、Word
提升專業能力
提升專業能力,代辦會計相關事項、資料庫系統管理維護、資料庫軟體應用","資料庫管理人員
、MIS程式設計師
、記帳／出納／一般會計","月薪36,500~45,000元",無需出差外派,台中市北屯區建功巷29-12號(後辦公室),"https://maps.google.com.tw/?q=%E5%AE%8F%E8%A3%95%E9%96%8B%E7%99%BC%E8%82%A1%E4%BB%BD%E6%9C%89%E9%99%90%E5%85%AC%E5%8F%B8@24.1848682,120.7137651&z=17",宏裕開發股份有限公司
https://www.104.com.tw/job/6megu?app_jobsource=m_time4jobs&jobsource=new_map,Laravel 後端工程師,"職缺描述：
––
 - 主開發語言為PHP / Laravel
 - 與團隊協作開發與維護指定專案的後端部分
 - 相關學歷/經歷/作品(Side Project可)/專案經驗或工作經驗，至少擁有一項

基本條件：
––
01. 「熟悉」PHP 8.2+，「熟悉」OOP

02. 「熟悉」Laravel 10+ Framework
 - 最少熟悉官方文件所提到的內容
 - 其他不會的地方要肯問或具有閱讀技術文章解決問題的能力

03. 熟悉LNMP(Linux/Nginx/MySQL/PHP)

04. 團隊合作(與PM/前端)及良好的協作與溝通能力

05. 具備自我精進良好心態

加分條件(具有下列條件其中之一有加分者，越多點加越多分)：
––
01. 具備不同資料庫的經驗，如 MySQL，PostgreSQL 或 NoSQL（MongoDB）

02. 熟悉Golang，有實務開發經驗

03. 熟悉CI/CD，Docker，有自動化佈署相關經驗 (K8s, Jenkins等)

04. 熟悉AWS Cloud Infrastructure 應用部署(GCP亦可)

05. 具Web Service相關開發經驗及資訊安全處理經驗

福利與制度：
––
- 彈性上下班制度。(09:00~18:00 彈性時間)。
- 平行化管理，不限制穿著。
- 不定期員工聚餐、康樂活動。
- 明亮寬敞的辦公環境。
- 冰箱、飲水機、咖啡機等完善設備。
- 每日200元午餐費用補助。
- 喝不完的飲料、吃不完的零食。,不拘,AWS、PostgreSQL、MySQL、PHP、Git、Github、OOP、Linux
提升專業能力
提升專業能力,軟體程式設計、資料庫程式設計、資料庫系統管理維護、模組化系統設計、網路程式設計、結構化程式設計、伺服器網站管理維護、測試計劃及測試報告書撰寫、測試環境建置規劃、軟體整合測試、問題追蹤處理(Bug tracking)、使用者測試(Usability test)、安全性測試(Security test)、功能測試(function test)、軟體品質與保證、軟體工程系統開發、系統架構規劃、資訊設備環境設定、資料備份與復原、作業系統基本操作","Internet程式設計師
、軟體工程師
、其他資訊專業人員","月薪44,000~120,000元",無需出差外派,台中市北區崇德路一段631號,"https://maps.google.com.tw/?q=%E6%B0%B8%E6%81%86%E5%9C%8B%E9%9A%9B%E7%B6%B2%E8%B7%AF%E6%9C%89%E9%99%90%E5%85%AC%E5%8F%B8@24.1673028,120.6848634&z=17",永恆國際網路有限公司
https://www.104.com.tw/job/8spev?app_jobsource=m_time4jobs&jobsource=new_map,C++遊戲開發工程師(C++ Game Developer),"1.根據業務需求進行線上遊戲服務的迭代開發。
2.線上服務狀況排查與除錯。
3.與客戶端跟後台端根據業務需求進行跨部門開發。
4.改善舊有系統內執行效能不佳的服務功能。,不拘,C++、MySQL、TCP/IP、UDP、Git、Visual Studio、C、PostgreSQL、STL
提升專業能力
提升專業能力,軟體程式設計、資料庫程式設計、資料庫軟體應用、遊戲開發","後端工程師
、遊戲工程師","年薪1,000,000~1,500,000元",無需出差外派,台中市北區民權路559號10樓之3 (鴻運金企業大樓),"https://maps.google.com.tw/?q=%E6%84%9B%E5%8B%9D%E7%A7%91%E6%8A%80%E6%9C%89%E9%99%90%E5%85%AC%E5%8F%B8@24.1618387,120.6702905&z=17",愛勝科技有限公司
https://www.104.com.tw/job/8qiib?app_jobsource=m_time4jobs&jobsource=new_map,系統工程師,"仁大資訊為一專業的系統整合維運公司，提供客戶端全方位的軟硬體系統
整合、維運、開發等服務。歡迎對IT產業具熱忱的夥伴加入仁大的團隊!

◆ 你將在團隊參與 
1. 負責代理產品(如：PC / NB / Server/資安產品)的系統硬體功能測試、問題分析及處理
2 系統整合資料彙整、技術文件撰寫、售後技術支援與客服問題進度追蹤
3. 其他主管交辦事項

◆ 我們期待優秀的〝系統工程師〞具備這樣的能力 ◆
1. 2年以上工作經驗，熟悉SI產業佳
2. 具備電腦硬體、伺服器或資安產品系統整合與軟硬體模組知識
3. 跨部門溝通、產品問題分析及解決方案研議
4. 良好抗壓性、分析能力、邏輯清晰、反應迅速
5. 具備IT維運基礎技能，具備網路相關證照者佳

***此職務依經歷及面談結果核定任用之職稱、薪資***
工作地點：台中優先 (新竹、台南亦可談，依應徵者居住地而定),不拘,不拘,電腦設備裝配、作業系統基本操作、資料備份與復原、資訊設備操作檢修、資訊設備環境設定","系統工程師
、資訊設備管制人員
、電腦組裝／測試",待遇面議,需出差，一年累積時間未定,台中市北區中清路一段370號3樓,"https://maps.google.com.tw/?q=%E4%BB%81%E5%A4%A7%E8%B3%87%E8%A8%8A%E8%82%A1%E4%BB%BD%E6%9C%89%E9%99%90%E5%85%AC%E5%8F%B8@24.1615069,120.6755427&z=17",仁大資訊股份有限公司
https://www.104.com.tw/job/85w80?app_jobsource=m_time4jobs&jobsource=new_map,PHP後端工程師Backend Engineer,"【招募背景】
1. 有相關工作學習經驗

2. PHP / Laravel 進行網站開發

3. Restful API 開發經驗

4. 關連式資料庫 MySQL / 非關聯式資料庫 MongoDB 相關語法

5. 對於Docker 有實作開發經驗

6. 具備獨立debug/閱讀最新技術文件能力

7. 熟悉雲端布署與架構( GCP / AWS)
 
【加分項目】
1. Clean Architecture

2. Load Balance /SNS / SQS / Serverless Function /CI /CD

3. WebSocket


【個人特質】

1. 具視覺傳達溝通能力與美學素養，邏輯清楚，良好的流程設計概念

2. 對程式開發有熱情，願意主動嘗試新技術

3. 開發效率、自我管理、解決問題的能力

4. 能與團隊緊密合作，以確保開發與需求相符,未填寫,Linux、Git、PHP、MySQL
提升專業能力
提升專業能力,軟體工程系統開發、軟體程式設計、資料庫程式設計",後端工程師,待遇面議,無需出差外派,台中市北屯區文心路四段752之2號(宏台企業大樓3樓),"https://maps.google.com.tw/?q=%E6%96%B0%E5%8A%A0%E5%9D%A1%E5%95%86%E5%86%95%E5%89%B5%E6%9C%89%E9%99%90%E5%85%AC%E5%8F%B8@24.1715934,120.6884834&z=17",新加坡商冕創有限公司
https://www.104.com.tw/job/8s7ep?app_jobsource=m_time4jobs&jobsource=new_map,後端開發工程師 【保障年薪14個月】,"【 About  Us 】
廣告行銷產業變動快速，是具備高度競爭力的產業。我們的團隊節奏快，管理風格扁平、重視團隊合作與溝通協作，歡迎有挑戰精神的您加入我們的團隊，共同在資訊洪流中展穩腳步並且茁壯成長！

【後端開發工程師 Back-End Developer】從系統部署到 API 開發，一手包辦！
我們在尋找一位能獨立掌握系統管理與後端開發的後端工程師，協助提升開發效率與系統穩定性。

【工作內容 / 你將負責】
◤ 網站後端開發與系統維護
   使用 Python（Flask／Django）或 Node.js（Express）撰寫與維護 RESTful API。
   具備兩年以上後端開發與維運經驗，負責版本控管、功能優化與穩定性維護。
◤ 伺服器管理與雲端部署
   管理與部署 AWS、GCP 或 GoDaddy 等雲端／主機環境，熟悉 EC2、網域與 DNS 設定流程。
   理解 Linux／Windows 系統操作，處理日常維運、Log 監控與錯誤排查。
   熟悉 Docker 與 CI/CD 概念，能協助建置自動化流程與開發環境。
◤ 資料庫與自動化系統管理
   設計與管理關聯式資料庫，優化查詢效能、備份與資料安全機制。
   撰寫自動化任務與系統排程（如備份、資源清理、報表生成），提升運營效率。
◤ 系統安全與連線穩定性保障
   建立與管理反向代理（如 NGINX）、配置 HTTPS 憑證，確保網站安全連線與可用性。
   進行系統 Debug、錯誤追蹤與效能監控，迅速排除異常狀況。

【必備技能 / 我們希望你】
◆ 具備2年以上後端管理維護經驗
◆ 熟悉任一主流程式語言：Python 或 Node.js，並具備 RESTful API 開發經驗。
◆ 有實際操作過 AWS 、 GCP或Godaddy 等雲端服務，以及基本的 Linux 系統管理經驗。
◆ 熟悉伺服器部署、反向代理（如 Nginx）、HTTPS 憑證申請與安裝。
◆ 熟悉 Git 版本控制，具備基本的 Docker/CI/CD 概念。
◆ 邏輯清晰、擅長問題解決，能與主管密切溝通進度與挑戰。
◆ 積極學習：持續吸收新技術並主動研究更好的解法。

【加分技能】

【你會喜歡這裡，因為我們】
☆ 重視創意與溝通，尊重每個人的專業與聲音。
☆ 我們重視效率，追求成果勝過加班時數。
☆ 我們提倡員工自主性，鼓勵成員在工作中主動思考並持續成長。
☆ 鼓勵開放討論與積極回饋，任何人都可以提出好點子。
☆ 成果導向：您的努力會被看見。在這裡，回報與表現成正比。
☆ 鼓勵成員持續學習新知與優化流程，一起進化不間斷。
☆ 只要你對職涯有積極成長的規劃與期待，我們非常樂意提供舞台與機會。

★具競爭力的公司福利★
◇固定年終獎金2個月
◇三節禮金
◇生日禮金
◇每年穩定調薪
◇每年享有12天(以上)特休+不扣薪病假5天
◇不定期部門聚餐
◇團康活動(運動類、益智桌遊、藝術創作)
◇員工活動

★成為正式員工額外享有★
◇一年2次績效考核獎金
◇員工團體保險
◇年度健康檢查
◇健身房補助方案,未填寫,Node.js、Python、Linux、AWS、DNS、Git、Github
提升專業能力
提升專業能力,伺服器網站管理維護、資訊設備操作檢修","後端工程師
、前端工程師
、全端工程師","月薪55,000~70,000元",無需出差外派,台中市北屯區,"https://maps.google.com.tw/?q=%E8%B5%AB%E7%88%BE%E5%A2%A8%E6%80%9D%E8%A1%8C%E9%8A%B7%E6%9C%89%E9%99%90%E5%85%AC%E5%8F%B8@24.1815237,120.6861019&z=17",赫爾墨思行銷有限公司
https://www.104.com.tw/job/2soh4?app_jobsource=m_time4jobs&jobsource=new_map,高階程式設計師,"對電玩開發有濃厚興趣，必須熟悉電腦程式語言，若熟悉網路相關程式設計者佳，熟悉C#優先錄取。持有經濟部能力鑑定證書者 優先面試。,未填寫,Linux、Android、iOS、C、C#、C++、MySQL、HTML、JavaScript、CSS、Excel、Word、中文打字20~50、英文打字20~50
提升專業能力
提升專業能力,不拘","遊戲工程師
、軟體工程師","月薪35,000~70,000元",無需出差外派,台中市西區臺灣大道二段186號18樓,"https://maps.google.com.tw/?q=%E5%BC%98%E7%85%9C%E7%A7%91%E6%8A%80%E4%BA%8B%E6%A5%AD%E8%82%A1%E4%BB%BD%E6%9C%89%E9%99%90%E5%85%AC%E5%8F%B8@24.1513769,120.6700861&z=17",弘煜科技事業股份有限公司
https://www.104.com.tw/job/8qb8d?app_jobsource=m_time4jobs&jobsource=new_map,｜總部｜弱電工程師,"1. 資訊與弱電設備問題判斷及異常排除。
2. 硬體、軟體維護及其他系統周邊裝置的安裝與故障排除 。
3. 有線與無線網路設備（Firewall、Router、Switch）管理/維護/障礙排除。
4. 安防與門禁等弱電設備管理/維護/障礙排除。
5. 機房與用戶端IT設備異常處理。
6. 安防系統(CCTV/門禁系統)施工規劃、建置、管理及維護。
7. 網路機房設備建置、安裝、設定，維護客戶網路系統之正常運作。
8. 其他主管交辦事項。,不拘,不拘,不拘","網路管理工程師
、電機工程技術員","月薪42,000~50,000元",無需出差外派,台中市中區民權路162號,"https://maps.google.com.tw/?q=%E5%8F%B0%E4%B8%AD%E9%B3%B3%E5%87%B0%E9%85%92%E5%BA%97_%E9%B3%B3%E5%87%B0%E9%85%92%E5%BA%97%E7%AE%A1%E7%90%86%E9%A1%A7%E5%95%8F%E8%82%A1%E4%BB%BD%E6%9C%89%E9%99%90%E5%85%AC%E5%8F%B8@24.1409692,120.6766386&z=17",台中鳳凰酒店_鳳凰酒店管理顧問股份有限公司
https://www.104.com.tw/job/8s69q?app_jobsource=m_time4jobs&jobsource=new_map,【保障年薪14個月】網頁切版工程師,"【 About  Us 】
廣告行銷產業變動快速，是具備高度競爭力的產業。我們的團隊節奏快，管理風格扁平、重視團隊合作與溝通協作，歡迎有挑戰精神的您加入我們的團隊，共同在資訊洪流中展穩腳步並且茁壯成長！

【網頁切版工程師 】讓設計完美重現於每一個畫面！
我們正在尋找一位注重細節、具備紮實切版技術的網頁切版工程師，能完美還原設計師的 Figma 視覺稿，轉化為穩定、兼容、結構清晰的前端頁面。

【工作內容 / 你將負責】
◤ 依照設計師提供的Figma設計檔，撰寫語意正確的 HTML/CSS 程式碼精準還原設計稿。
◤ 實作 RWD 響應式網頁，確保網站在桌機、平板與手機上皆有良好體驗。
◤ 解決不同瀏覽器（Chrome、Safari、Edge、Firefox 等）間的相容性與排版問題。
◤ 與設計師、前端工程師密切合作，優化版面視覺動線與結構化等細節。

【必備技能 / 我們希望你】
◆ 設計、資訊、數位相關科系畢業尤佳，或具備相關實務經驗者亦可。
◆ 熟練使用 HTML、CSS、JS 並具備 RWD 切版經驗、本職位著重切版技術。
◆ 對於切版結構與語意標籤有邏輯思維，理解可維護性的 CSS 架構。
◆ 細心負責，能獨立作業。
◆ 具跨部門溝通經驗(如設計、前端) 團隊密切配合與積極反饋能力。

【你會喜歡這裡，因為我們】
☆ 重視創意與溝通，尊重每個人的專業與聲音。
☆ 我們重視效率，追求成果勝過加班時數。
☆ 我們提倡員工自主性，鼓勵成員在工作中主動思考並持續成長。
☆ 鼓勵開放討論與積極回饋，任何人都可以提出好點子。
☆ 成果導向：您的努力會被看見。在這裡，回報與表現成正比。
☆ 鼓勵成員持續學習新知與優化流程，一起進化不間斷。
☆ 只要你對職涯有積極成長的規劃與期待，我們非常樂意提供舞台與機會。

★具競爭力的公司福利★
◇固定年終獎金2個月
◇三節禮金
◇生日禮金
◇每年穩定調薪
◇每年享有12天(以上)特休+不扣薪病假5天
◇不定期部門聚餐
◇團康活動(運動類、益智桌遊、藝術創作)
◇員工活動

★成為正式員工額外享有★
◇一年2次績效考核獎金
◇員工團體保險
◇年度健康檢查
◇健身房補助方案,不拘,HTML、JavaScript、CSS
提升專業能力
提升專業能力,網頁語法撰寫","前端工程師
、Internet程式設計師
、網頁設計師","月薪36,000~42,000元",無需出差外派,台中市北屯區,"https://maps.google.com.tw/?q=%E8%B5%AB%E7%88%BE%E5%A2%A8%E6%80%9D%E8%A1%8C%E9%8A%B7%E6%9C%89%E9%99%90%E5%85%AC%E5%8F%B8@24.1815237,120.6861019&z=17",赫爾墨思行銷有限公司
https://www.104.com.tw/job/8potn?app_jobsource=m_time4jobs&jobsource=new_map,網頁工程師,"1. 設計與製作客戶公司形象網站。
2. 使用各種軟體製作專案網頁。
3. 與協作客戶的相關人員配合，一同執行專案。
4. 負責網頁程式的開發設計與修正更新。
5. 協調其他美術設計師，進行網站連結設計之相關事項。
6. 負責網頁程式的維護與更新。
7. 主管交辦事項處理,具獨立負責專案經驗, 且能有效分配工作（含協作人員管理）者優先洽談,Adobe XD、Figma、WBS、CSS、VueJS、Node.js、AngularJS
提升專業能力
提升專業能力,不拘","網頁設計師
、前端工程師
、後端工程師","月薪38,000~48,000元",無需出差外派,台中市西區自治街155號7F-2,"https://maps.google.com.tw/?q=%E5%85%83%E5%AE%89%E8%BF%85%E7%A7%91%E6%8A%80%E6%9C%89%E9%99%90%E5%85%AC%E5%8F%B8@24.1414797,120.6676526&z=17",元安迅科技有限公司
https://www.104.com.tw/job/8pqda?app_jobsource=m_time4jobs&jobsource=new_map,IPAS 淨零碳規劃管理師(初級)講師-台中三民分校,"【業界經驗】業界五年以上相關經驗﹅能夠獨立開發專案﹅專案經驗分享。
【授課經驗】具備一年以上教學經驗尤佳，若無則需準備教材試教以確認教學能力。
【證照需求】IPAS 淨零碳規劃管理師(初級)。,不拘,不拘,不拘","講師
、AI工程師
、電腦補習班老師","時薪500~1,000元",依公司規定,台中市北區三民路三段112號5樓,"https://maps.google.com.tw/?q=%E8%81%AF%E6%88%90%E9%9B%BB%E8%85%A6%E8%82%A1%E4%BB%BD%E6%9C%89%E9%99%90%E5%85%AC%E5%8F%B8(%E8%81%AF%E6%88%90%E9%9B%BB%E8%85%A6%2F%E8%81%AF%E6%88%90%E5%A4%96%E8%AA%9E)@24.1496394,120.6842319&z=17",聯成電腦股份有限公司(聯成電腦/聯成外語)
https://www.104.com.tw/job/8pqd3?app_jobsource=m_time4jobs&jobsource=new_map,IPAS AI應用規畫師(初級+中級)講師-台中三民分校,"【業界經驗】業界五年以上相關經驗﹅能夠獨立開發專案﹅專案經驗分享。
【授課經驗】具備一年以上教學經驗尤佳，若無則需準備教材試教以確認教學能力。
【證照需求】IPAS AI應用規畫師(初級)。,不拘,不拘,AI、機器學習、生成式AI、深度學習","講師
、AI工程師
、電腦補習班老師","時薪600~1,200元",依公司規定,台中市北區三民路三段112號5樓,"https://maps.google.com.tw/?q=%E8%81%AF%E6%88%90%E9%9B%BB%E8%85%A6%E8%82%A1%E4%BB%BD%E6%9C%89%E9%99%90%E5%85%AC%E5%8F%B8(%E8%81%AF%E6%88%90%E9%9B%BB%E8%85%A6%2F%E8%81%AF%E6%88%90%E5%A4%96%E8%AA%9E)@24.1496394,120.6842319&z=17",聯成電腦股份有限公司(聯成電腦/聯成外語)
https://www.104.com.tw/job/8darz?app_jobsource=m_time4jobs&jobsource=new_map,【台中】委工資訊處理助理管理師,"1.負責客戶委工資料維護並產出生產所需之相關文件，使資料正確並即時投入生產線。
2.維護委工資料及列印流程卡。
3.實施MAPPING作業處理, 並提供針測單。
4.執行客戶工單變更作業。
5.處理特急件工單。,1.具資料處理實務經驗佳
2.個人特質需求 : 細心、耐心、負責
3.上班時間-晚班:15:30~24:00,不拘,不拘","物管／資材
、資料輸入人員
、資訊助理","月薪35,800~44,800元",無需出差外派,台中市潭子區中山廠,"https://maps.google.com.tw/?q=Siliconware%20Precision%20Industries%20Co.%2C%20Ltd._%E7%9F%BD%E5%93%81%E7%B2%BE%E5%AF%86%E5%B7%A5%E6%A5%AD%E8%82%A1%E4%BB%BD%E6%9C%89%E9%99%90%E5%85%AC%E5%8F%B8@24.1972647,120.7022582&z=17","Siliconware Precision Industries Co., Ltd._矽品精密工業股份有限公司"
https://www.104.com.tw/job/7q3xf?app_jobsource=m_time4jobs&jobsource=new_map,線上客服大夜班人員,"工作內容
1.線上回復客戶問題.
2.具備基本電腦操作知識及打字速度
3.邏輯清晰能處理顧客問題
4.推廣及開發新客戶
5.完成主管交辦事項
6.環境整潔

公司福利
1.勞保.健保
2.三節禮金
3.不定期聚餐
4.零食茶水吃到飽
5.團體績效獎金
6.月休6天 (休假天數)


上班環境單純.同事好相處.
沒有業績壓力.團隊共同努力
細心.熱情.喜歡與人互動 
想挑戰高薪者 趕快投履歷~~,不拘,不拘,不拘","國內業務
、資訊設備管制人員
、文件管理師","月薪30,000~45,000元",無需出差外派,台中市大里區德芳路一段80巷93號,"https://maps.google.com.tw/?q=%E8%B2%A1%E7%A5%9E%E9%87%91%E6%B5%81%E6%9C%89%E9%99%90%E5%85%AC%E5%8F%B8@24.1131162,120.6871647&z=17",財神金流有限公司
https://www.104.com.tw/job/844zk?app_jobsource=m_time4jobs&jobsource=new_map,程式設計師-高雄,"1.熟悉Python 語言
2.對程式開發及軟體工程具有熱情,願意嘗試新技術及架構
3.熟悉資料庫操作尤佳
4.可接受新尖兵培育計畫培訓三個月為優先對象,不拘,Python
提升專業能力
提升專業能力,不拘","軟體工程師
、AI工程師","月薪32,000~50,000元",無需出差外派,台中市中區綠川西街135號12樓之1,"https://maps.google.com.tw/?q=%E5%85%A8%E5%9F%9F%E7%A7%91%E6%8A%80%E6%9C%89%E9%99%90%E5%85%AC%E5%8F%B8@24.1391989,120.6836672&z=17",全域科技有限公司
https://www.104.com.tw/job/7rewx?app_jobsource=m_time4jobs&jobsource=new_map,系統開發部-機器學習工程師,"◆職務內容：
1.參與機器學習專案開發、資料科學相關研發任務並應用於金融場景
2.利用機器學習模型來優化公司內部流程、提升服務品質
3.資深工程師 : 具2年以上機器學習、演算法、模型設計開發經驗。

◆其它技能/專長:
1.熟悉Tensorflow、Keras、Python，有實作過深度學習的方法。
2.熟悉數理分析統計或LLM大語言模型。  
3.模型API開發與設計(RESTful API) 。
4.具NLP模型、影像辨識相關經驗者佳。  
5.熟悉Linux、Docker環境演算法開發。
6.機器學習研發運用於金融業場景。
7.具敏捷開發經驗者佳。

★薪資說明：
薪資含午餐津貼，本行於正常工作日供應員工午餐，每人每月3,000元，並由服務單位統一處理，無提供午餐者發放中食費3,000元。

為加速招募流程進行，請務必同時投遞人力銀行職缺與登錄本行官網履歷
--------------------------------------------------------------------------
台中商業銀行官網-招募專區
https://www.tcbbank.com.tw/employ/RecruitsSys/Job_Statute.asp,具金融相關工作經驗者，依薪資證明、相關證照等條件，彈性敘薪進用。,tensorflow、Keras、Python、Linux、NLP
提升專業能力
提升專業能力,不拘","軟體工程師
、機器學習工程師","月薪43,000~65,000元",無需出差外派,台中市中區,"https://maps.google.com.tw/?q=%E5%8F%B0%E4%B8%AD%E5%95%86%E6%A5%AD%E9%8A%80%E8%A1%8C%E8%82%A1%E4%BB%BD%E6%9C%89%E9%99%90%E5%85%AC%E5%8F%B8@24.1402601,120.6818181&z=17",台中商業銀行股份有限公司
https://www.104.com.tw/job/8rcyv?app_jobsource=m_time4jobs&jobsource=new_map,儲能 EMS韌體開發工程師/ 軟體工程師,"【基礎能力】 
1.進行韌體系統分析和優化，提高效能 
2. 韌體演算法開發和撰寫 
3. 支援產品開發階段的韌體問題處理 
4. SDK軟韌體開發及維護
5.儲能產品研發階段相關測試程式開發


【工作內容】 
1. 建構/優化儲能控制系統 (EMS) ，並持續開發/擴展系統功能。 
2. 支援及維護既有電力相關設備通訊開發 (PCS/BMS/錶前錶後等)，確保設備穩定互通。 
3. 協助EMS相關的維運平台開發及維護，確保運行效率與數據準確性。
4.具資料庫操作與SQL語法有一定熟悉度
5.協助儲能/電池/智慧電網等新能源智能系統AI模型需求訪談與前導分析。
 

【工作技能】 
1. 電力與能源技術 – 瞭解電力系統基礎、儲能技術、微電網與分散式能源、電力電子等相關技術。
2. 通訊協議 - 熟悉Modbus、CAN、MQTT、Echonet Lite等常用通訊協議，以整合能源相關設備。 
3. 軟體開發與邊緣運算: 
- EMS系統開發：使用 Python 及 C++ 開發EMS核心邏輯。 
- 資料庫管理：使用 SQL儲存與查詢能源數據。 
- 邊緣運算：結合雲端AI預測負載及發電數據與邊緣運算結果進行最適化  充放電策略。
4. 網路與資安
- 網路架構：掌握TCP/IP、VPN、MQTT等，確保設備與雲端的穩定通訊。
- 資料保護：符合ISO 27001、IEC 62443等資安標準，防止能源數據被駭客攻擊或竄改。

歡迎符合條件的申請者投遞履歷表和相關文件，期待與您共事。,不拘,Python、TCP/IP
提升專業能力
提升專業能力,軟體程式設計、軟體工程系統開發、系統架構規劃、資料庫軟體應用","韌體工程師
、通訊軟體工程師
、軟韌體測試工程師",時薪190元以上,依公司規定,台中市東區六順路109號,"https://maps.google.com.tw/?q=%E9%82%91%E6%96%B9%E9%86%AB%E7%99%82%E5%99%A8%E6%9D%90%E4%BC%81%E6%A5%AD%E7%A4%BE@24.1254268,120.700062&z=17",邑方醫療器材企業社
https://www.104.com.tw/job/8culn?app_jobsource=m_time4jobs&jobsource=new_map,軟體開發工程師（工作地點：台中慈濟醫院）,"◆ 軟體開發工程師（工作地點：台中慈濟醫院）
1.大學（含）以上，醫學資訊、資訊科學、資訊管理、資訊工程相關科系畢業。
2.工作經驗不拘，有資訊相關產業背景尤佳。
3.具資料庫、演算法知識及資訊技能:  Java，PHP，Python, Visual Basic.Net,ASP.Net, MSSQL， Oracle，MySQL， Javascript, CSS 。
4.學習能力強， 對程式開發及軟體工程具有熱情，願意嘗試新的技術及架構。
5.具良好的溝通能力，團隊配合度高。
6.依個別資歷、工作表現、職務內容等， 每月提供經驗年資薪、技術津貼、每季提供績效獎金。
 ====================================================
 ※慈濟醫療資訊介紹：
   醫療是系統的主人：恪守正規軟體工程規劃　慈濟醫院達標數位化IT
    https://reurl.cc/o5M6Lv
   我們正在尋找勇於接受技術挑戰、⾃我要求⾼度成⻑的夥伴～
   我們提供最激勵⼈⼼的員⼯福利、培訓和發展計劃，創造⼀個能充分發揮潛⼒的環境， 
   期待追求⾃我挑戰、求新求變的夥伴加入。
   透過「Mentor」導師制、「Coaching」教練制之人才培育制度，推動新人培訓，讓資 
   深 具經驗之人員或主管進行業務指導和經驗傳授，提供新人在入職初期能夠按照前人步 
   驟、循序漸進的適應公司職務與文化，並且可同時增進新舊同事之間的交流、提供除了 
   制式規定之外的支持與關懷協助。
   歡迎有【熱忱】、【追求極致】、【樂於團隊合作】的夥伴⼀同打造先進的醫療資訊！
   我們要成為最頂尖的醫療資訊人才，你準備好作台灣醫療資訊的領頭羊了嗎？
   慈濟醫療資訊竭誠歡迎您的加入～
====================================================,未填寫,ASP.NET、C#、Java、PHP、Python、MS SQL、MySQL、Oracle、JavaScript、CSS
提升專業能力
提升專業能力,軟體程式設計、網路程式設計、資料庫程式設計、資料庫軟體應用","軟體工程師
、系統分析師
、Internet程式設計師","月薪37,000元以上",需出差，一年累積時間未定,台中市潭子區豐興路一段66號,"https://maps.google.com.tw/?q=%E4%BD%9B%E6%95%99%E6%85%88%E6%BF%9F%E9%86%AB%E7%99%82%E8%B2%A1%E5%9C%98%E6%B3%95%E4%BA%BA@24.1941709,120.7203818&z=17",佛教慈濟醫療財團法人
https://www.104.com.tw/job/8pa48?app_jobsource=m_time4jobs&jobsource=new_map,電腦設備維護技師(國光店),"1.維護電腦系統效能，保持系統正常運作。
2.記錄各系統維護及異動的相關資訊。
3.負責執行電腦軟、硬體及其他系統周邊裝置的安裝及維修。
4.生財電子設備(磅秤機/收銀機)故障排除與問題解決。
5.收集電腦作業所需輸入之資料，並分送輸出資訊給相關單位，同時進行使用者操作訓練。
6.需輪班輪休,月休8-9天,歡迎二度就業民眾,不拘,不拘,電腦設備裝配、資訊設備操作檢修","資訊設備管制人員
、網路管理工程師
、電子設備裝修工",時薪190元以上,依公司規定,台中市大里區國光路二段710號,"https://maps.google.com.tw/?q=%E5%A4%A7%E8%B2%B7%E5%AE%B6%E8%82%A1%E4%BB%BD%E6%9C%89%E9%99%90%E5%85%AC%E5%8F%B8%E5%A4%A7%E9%87%8C%E5%9C%8B%E5%85%89%E5%88%86%E5%85%AC%E5%8F%B8@24.1158028,120.6798415&z=17",大買家股份有限公司大里國光分公司
https://www.104.com.tw/job/8j5d3?app_jobsource=m_time4jobs&jobsource=new_map,資深軟體工程師 (LabVIEW),"1.LabVIEW軟體架構設計與功能開發
2. 自動化設備，程式/平臺開發與維護開發 (工具: LabVIEW)
3. 因應製程需求，進行程式開發、維護及修改
4.軟體維護與問題追蹤並與不同團隊討論軟體交握與串接
5.LabVIEW客製化專案功能需求討論與開發
6.依客戶反饋優化測試並偵除錯誤,不拘,C++、LabVIEW、PLC
提升專業能力
提升專業能力,軟體工程系統開發、資料庫程式設計、自動化系統設計整合","軟體工程師
、自動控制工程師
、通訊軟體工程師",待遇面議,無需出差外派,台中市潭子區潭富路二段81巷42號,"https://maps.google.com.tw/?q=%E5%85%B8%E7%B2%B2%E6%99%BA%E8%83%BD%E8%87%AA%E5%8B%95%E5%8C%96%E6%9C%89%E9%99%90%E5%85%AC%E5%8F%B8@24.223132,120.69617&z=17",典粲智能自動化有限公司
https://www.104.com.tw/job/6r8l5?app_jobsource=m_time4jobs&jobsource=new_map,助理程式設計師,"1. 處理主管交辦事務。
2. 協助測試程式、保證程式品質與撰寫專案文件。
3. 協助客戶處理系統程式問題。
4. 修正現有程式、電子表單、界面。
5. 電子簽核表單與流程設計。
6. 設計、開發新的網頁程式及界面。
7. 程式功能需求分析。
8. 開發以網路為基礎的應用程式（Web-based asp.net c# angular .net core ionic）。
9. 無經驗者有開發程式工作興趣者。
10.  可能需出差及遠端作業，具高度自律，認真負責，可獨立作業者佳。,不拘,Angular、AngularJS、CSS、jQuery、JavaScript、HTML、MS SQL、Visual Studio .net、Visual Studio、C#、ASP.NET
提升專業能力
提升專業能力,模組化系統設計、資料庫軟體應用、系統整合分析、網路程式設計、結構化程式設計、軟體程式設計、測試計劃及測試報告書撰寫、壓力測試(stress test)、測試環境建置規劃、軟體整合測試、問題追蹤處理(Bug tracking)、使用者測試(Usability test)、安全性測試(Security test)、功能測試(function test)、軟體工程系統開發","Internet程式設計師
、軟體工程師","月薪30,000~39,999元",需出差，一年累積時間未定,台中市東區復興路四段60號八樓,"https://maps.google.com.tw/?q=%E5%86%A0%E6%B0%B8%E9%A8%B0%E5%9C%8B%E9%9A%9B%E6%9C%89%E9%99%90%E5%85%AC%E5%8F%B8@24.1348789,120.6844779&z=17",冠永騰國際有限公司
https://www.104.com.tw/job/865t1?app_jobsource=m_time4jobs&jobsource=new_map,維運駐點工程師(台中-北屯),"負責駐點單位網路、電腦周邊維運

※薪資依學經歷敘薪,不拘,不拘,不拘","MES工程師
、網路管理工程師
、電腦組裝／測試",待遇面議,無需出差外派,台中市北屯區,"https://maps.google.com.tw/?q=%E5%87%8C%E7%BE%A4%E9%9B%BB%E8%85%A6%E8%82%A1%E4%BB%BD%E6%9C%89%E9%99%90%E5%85%AC%E5%8F%B8@24.1815237,120.6861019&z=17",凌群電腦股份有限公司
https://www.104.com.tw/job/8uhju?app_jobsource=m_time4jobs&jobsource=new_map,嵌入式軟體工程師 - Web伺服器與通訊層,"1,Web伺服器與通訊層開發:設計、實作並整合輕量級嵌入式 Web 伺服器,作為核心系統與人機介面（HMI）之間的橋樑,定義 API 與資料格式（如 JSON、REST、WebSocket）,在資源受限的環境中,確保資料交換的安全性與穩定性.
2,系統整合與驗證:將 Web 伺服器整合至嵌入式 Linux 環境,與主應用程式團隊合作,確保穩定整合,與多平台的驗證與除錯作業.
3,協作與支援:撰寫技術文件與維護流程,確保長期可維護性,支援其他技術團隊於原型設計、驗證與量產階段.
4,平台演進:評估適用於嵌入式系統的 Rust 框架,協助平台長期連線策略的規劃與實施.,技術能力：
精通 Rust 程式設計與除錯，並具備 C 語言基礎,熟悉資源受限環境的最佳化技巧,理解輕量級 Web 技術（HTTP、REST API、WebSocket）,熟悉嵌入式 Linux 環境,熟悉 ARM 架構 SoC 或 RISC-V 架構，具備硬體／軟體整合經驗,熟悉通訊協定（Ethernet/IP、Modbus、CAN）.

其他相關能力：
具備獨立解決問題的能力與主動性,能適應技術導向、多專案並行的工作環境,能以英文與多元文化團隊合作溝通.,MCU、C、C++、Python
提升專業能力
提升專業能力,軟體工程系統開發、軟體程式設計","韌體工程師
、軟體工程師",待遇面議,無需出差外派,台中市北屯區三甲東街221號,"https://maps.google.com.tw/?q=%E6%96%B0%E5%8A%A0%E5%9D%A1%E5%95%86%E9%9B%85%E8%BF%AA%E5%85%8B%E8%82%A1%E4%BB%BD%E6%9C%89%E9%99%90%E5%85%AC%E5%8F%B8%E5%8F%B0%E7%81%A3%E5%88%86%E5%85%AC%E5%8F%B8@24.172133,120.7178734&z=17",新加坡商雅迪克股份有限公司台灣分公司
https://www.104.com.tw/job/8pqd5?app_jobsource=m_time4jobs&jobsource=new_map,IPAS 資訊安全工程師(初級)講師-台中三民分校,"【業界經驗】業界五年以上相關經驗﹅能夠獨立開發專案﹅專案經驗分享。
【授課經驗】具備一年以上教學經驗尤佳，若無則需準備教材試教以確認教學能力。
【證照需求】IPAS 資訊安全工程師(初級)。,不拘,不拘,AI、機器學習、生成式AI、深度學習","講師
、AI工程師
、電腦補習班老師","時薪500~1,000元",依公司規定,台中市北區三民路三段112號5樓,"https://maps.google.com.tw/?q=%E8%81%AF%E6%88%90%E9%9B%BB%E8%85%A6%E8%82%A1%E4%BB%BD%E6%9C%89%E9%99%90%E5%85%AC%E5%8F%B8(%E8%81%AF%E6%88%90%E9%9B%BB%E8%85%A6%2F%E8%81%AF%E6%88%90%E5%A4%96%E8%AA%9E)@24.1496394,120.6842319&z=17",聯成電腦股份有限公司(聯成電腦/聯成外語)
https://www.104.com.tw/job/8pzz9?app_jobsource=m_time4jobs&jobsource=new_map,軟體客服助理工程師,"工作內容：
1.客戶廠商的對應窗口,規劃開發專案流程,監控進度回報,及驗收測試功能。
2.定期對內回報專案進度,針對內需進行調整更改專案內容。
3.維護APP 或 網站即時針對問題處理。


技能要求:
1.一年以上後端開發相關經驗。

2.具系統架構發想，流程規劃經驗。

3.瞭解前端語言基礎：
如：HTML、CSS、JavaScript

4.後端開發技術：
服務器端程式語言：如Node.js (JavaScript), Python, Java, PHP等
伺服器技術：如Apache, Nginx等
資料庫技術：如MySQL, PostgreSQL, MongoDB等
RESTful API設計和開發

5.資料庫技術：
SQL語法以及資料庫管理與操作
了解NoSQL（如MongoDB）以及能夠選擇適當的資料庫技術來解決問題

6.版本控制（Version Control）:
如Git和GitHub或其他版本控制系統

7.基礎架構與雲端技術：
對於如AWS, GCP, Azure等雲服務平台的基礎知識,不拘,不拘,軟體程式設計、資料庫程式設計、系統整合分析","軟體助理工程師
、全端工程師
、後端工程師","月薪34,000元以上",無需出差外派,台中市北區頂厝里進化北路238號10樓之3,"https://maps.google.com.tw/?q=%E6%9A%A2%E6%B5%81%E8%B3%87%E8%A8%8A%E6%9C%8D%E5%8B%99%E8%82%A1%E4%BB%BD%E6%9C%89%E9%99%90%E5%85%AC%E5%8F%B8@24.1632304,120.6840225&z=17",暢流資訊服務股份有限公司
https://www.104.com.tw/job/8v5fr?app_jobsource=m_time4jobs&jobsource=new_map,資訊系統整合人員,"本職位負責公司內部 ERP 系統操作與維護，並兼管 資訊系統管理與優化。
需具備跨部門溝通協調能力，能協助各單位進行 ERP 流程改善、使用者教育訓練，以及公司整體資訊系統維運。
【主要工作內容】
 1. 負責 SAP ERP 系統操作、維護與使用者支援。
 2. 參與 ERP 版本升級與系統整合。
 3. 協助建立與維護 操作手冊與標準作業流程 (SOP)。
 4. 蒐集各部門使用需求，協助流程優化與報表製作。
 5. 適度管理公司內部資訊系統、資料備份與資安
 6. 與外部軟體或系統供應商聯繫，處理維運與問題排除。,不拘,不拘,系統整合分析、專案溝通╱整合管理、軟體整合測試","系統工程師
、其他資訊專業人員
、系統分析師","月薪50,000元以上",無需出差外派,台中市大里區慈善路128號,"https://maps.google.com.tw/?q=%E9%87%91%E5%AF%B6%E8%9B%8B%E5%93%81%E7%A7%91%E6%8A%80%E8%82%A1%E4%BB%BD%E6%9C%89%E9%99%90%E5%85%AC%E5%8F%B8@24.0930583,120.6944289&z=17",金寶蛋品科技股份有限公司
https://www.104.com.tw/job/8ij61?app_jobsource=m_time4jobs&jobsource=new_map,技術支援工程師,"1.遊戲機檯及系統之操作設定、故障解決、問題分析、追蹤、處理回報
2.提供FAE無法處理之問題之技術支援
3.新產品及新技術導入之窗口 
4.了解客戶需求，並提供原廠適當的建議及回饋
5.國外代理商之技術窗口
6.熟悉Windows、Linux系統日常操作，服務維運與效能調校。 
7.網路相關設備安裝、維護、維修、問題排除。
8.視訊串流、監控相關技術研究與應用、佈署 
9.CDN操作設定,測試及維護 
10.有良好的溝語言溝通能力和分析能力。 
11.有責任心及團隊精神，思維嚴謹、邏輯性強。 
12.具備良好的服務意識，以及較強的責任心和執行力。,1. 良好的表達與溝通能力，能與團隊合作並達成團隊目標 
2. 積極負責的工作態度、具抗壓性、可獨立工作，擁有追根究底的精神 


加分條件: 
1. 具有基本網管能力 
2. 具有MS-SQL 查詢資料能力 
3. 有導入資訊系統相關經驗，可Release SOP或使用手冊給客戶 
4. 具有相關證照(多益 600分以上 或 全民英檢 中高級以上 或 其它相關英檢証書、網管相關證書...等)
5. 常見之見監控系統使用，如prometheus, zabbix。,Excel、Word
提升專業能力
提升專業能力,不拘","系統工程師
、網路管理工程師
、MIS程式設計師","月薪42,000~60,000元",需出差，一年累積時間未定,台中市北屯區,"https://maps.google.com.tw/?q=%E6%9D%B1%E6%98%87%E4%BC%91%E9%96%92%E6%9C%89%E9%99%90%E5%85%AC%E5%8F%B8@24.1815237,120.6861019&z=17",東昇休閒有限公司
https://www.104.com.tw/job/6bs9v?app_jobsource=m_time4jobs&jobsource=new_map,Node.js / Javascript 工程師,"We are looking for a developer who likes a challenge and is not afraid of ambitious goals. We are an innovative 
company striving to always improve to provide brighter futures for our clients, employees and businesses. 

The Role: 
- participate in the architecture and design of the front-end/back-end of web applications 
- deliver high quality code to production 

Requirements: 
- Experience with Javascript/NodeJs. Preferrably with ES6 

Nice to Have: 
- Experience with Docker 
- Experience with Client side libraries 
- Experience with SASS css 

Why join us? 
- Fast and continuous growth 
- Use industry best practices and modern programming tools. Javascript fullstack environment 
- great working environment 
- mandarin not required 

協助工程師完成電商軟體系統 
有以下三項使用經驗者佳 
1、Html5 
2、CSS3 
3、Javascript/NodeJS 

期待…… 
具團隊合作精神 
有獨立解決問題能力 
態度積極負責 
有同理心好相處 
歡迎加入我們的團隊！,未填寫,JavaScript
提升專業能力
提升專業能力,不拘","Internet程式設計師
、軟體工程師
、MIS程式設計師",待遇面議,無需出差外派,台中市北屯區崇德十路一段491號1樓,"https://maps.google.com.tw/?q=%E5%A4%A7%E7%AD%86%E8%B3%87%E8%A8%8A%E8%82%A1%E4%BB%BD%E6%9C%89%E9%99%90%E5%85%AC%E5%8F%B8@24.1881975,120.6834992&z=17",大筆資訊股份有限公司
https://www.104.com.tw/job/8uair?app_jobsource=m_time4jobs&jobsource=new_map,Flutter APP 工程師 (AioT 智能家居平台開發),"Flutter APP 工程師 (AioT 智能家居平台開發)

我們正在開發一套基於 Home Assistant / KNX / Homekit 核心的 MAX’Is 平台，後端採用 Python，部署於 AWS 雲端，並整合 Flutter 前端 App。
您將負責 Flutter APP 的架構設計與開發，並參與智慧家庭/智慧建築生態系統的完整產品開發。

工作內容
1.使用 Flutter 開發跨平台 APP，實現智慧家居控制介面。
2.與後端（HTTP API  / MQTT API）進行串接。
3.Flutter 3.35.Ｘ以後版本的框架架構，提升程式碼可維護性與擴充性。
4.依照Figma設計圖去刻產品 UI，APP版本和10.1吋版本。
5.Pub.dev第三方套件，客製化需求開發。

⸻

必備技能
• 3 年以上 Flutter APP 開發經驗。
• 熟悉 Riverpod 等狀態管理框架。
• 熟悉 Flutter Widget Lifecycle 與 自定義元件開發。
• 熟悉 Git / GitLab 版本控制。
• 熟悉 APP 多螢幕自適應設計（平板 / 手機）。
• 熟悉 HTTP API 串接。

⸻

加分技能
• 熟悉 MQTT / Home Assistant / KNX / HomeKit 整合。
• 熟悉 BLoC / Provider等其他狀態管理工具。
• 熟悉 SQLite / Hive / ObjectBox 等 Flutter 端資料儲存方案。
• 有智慧家庭、IoT 或 AioT 專案經驗。
• 熟悉 SWIFT/OC...等原生開發。,不拘,不拘,不拘","iOS工程師
、Android工程師
、前端工程師","月薪60,000~130,000元",無需出差外派,台中市大里區夏元路6號,"https://maps.google.com.tw/?q=%E7%91%9E%E5%8F%B8%E6%99%BA%E6%85%A7%E6%95%B4%E5%90%88%E8%82%A1%E4%BB%BD%E6%9C%89%E9%99%90%E5%85%AC%E5%8F%B8@24.0910696,120.6785364&z=17",瑞司智慧整合股份有限公司
https://www.104.com.tw/job/8bap3?app_jobsource=m_time4jobs&jobsource=new_map,軟體開發工程師（潭子廠）,"工作內容：
1.現場系統試機 
2.CNC MACRO程式撰寫
3.PLC版本管控 
4.熟悉FANUC或三菱人機編寫尤佳
5.控制器功能開發,不拘,不拘,軟體程式設計、CNC程式設計與程式模擬","CNC電腦程式編排人員
、軟體工程師","月薪35,000~50,000元",無需出差外派,台中市潭子區聚興村興豐山莊東三巷40號 (近台中警察總局),"https://maps.google.com.tw/?q=%E5%90%8D%E9%99%BD%E6%A9%9F%E6%A2%B0%E8%82%A1%E4%BB%BD%E6%9C%89%E9%99%90%E5%85%AC%E5%8F%B8@24.200436,120.7275569&z=17",名陽機械股份有限公司
https://www.104.com.tw/job/8oevo?app_jobsource=m_time4jobs&jobsource=new_map,【台中】Mobile App Native研發工程師｜跨平台整合,"【關於我們】
我們致力於打造穩定、靈活且符合用戶需求的行動應用程式，應用已在多個場域穩定運作。產品架構採用跨平台技術為核心，輔以原生模組強化效能與功能整合。我們正在尋找具備 iOS / Android 原生開發能力 的工程師，一起打造強化使用者體驗的行動應用。

【你將負責的工作內容】
●開發與維護 原生模組與 plugin，支援跨平台應用的功能延伸
●整合第三方 SDK（例如：推播、地圖、掃碼、支付、IoT等）至行動應用中
●優化現有應用的效能與穩定性，針對不同裝置進行相容性調整
●分析與解決與行動裝置平台相關的技術問題
●協助產品與前端開發團隊理解原生功能限制與整合方式

【我們希望你具備】
●具備 2 年以上 Android（Java/Kotlin）或 iOS（Swift/Obj-C）開發經驗
●熟悉 mobile SDK 整合流程與原生開發的 Debug 工具
●了解 hybrid app 與原生 app 的差異，願意協助其橋接與優化
●有原生 plugin / module 開發經驗（如：React Native Module、Flutter Plugin、Cordova Plugin 、或其他 Plugin 架構者尤佳）
●具良好的團隊溝通協作能力，能與其他技術角色無縫合作

【加分項目】
●有開發過跨平台應用的經驗（如：React Native、Flutter、Cordova、Capacitor、Electron、或其他）
●熟悉行動裝置硬體整合（例如：藍牙、NFC、感測器等）
●具備 Web 前端（如 Vue/React）與後端（如 Node.js、.NET、Java）獨立開發經驗，能理解跨端整體系統設計

【為什麼加入我們？】
●工程團隊有明確技術規劃與產品目標
●結合原生與跨平台的技術實踐空間，工程成就感高
●接觸實際使用者回饋，讓你開發的功能真正被需要

如果你擅長原生開發，並樂於解決 mobile 跨層整合的挑戰，我們誠摯邀請你加入！,不拘,不拘,不拘",軟體工程師,"月薪60,000~100,000元",無需出差外派,台中市北區太原北路130號11樓,"https://maps.google.com.tw/?q=%E6%99%BA%E7%94%9F%E6%B4%BB%E7%A7%91%E6%8A%80%E8%82%A1%E4%BB%BD%E6%9C%89%E9%99%90%E5%85%AC%E5%8F%B8@24.1653425,120.6701508&z=17",智生活科技股份有限公司
https://www.104.com.tw/job/7li0w?app_jobsource=m_time4jobs&jobsource=new_map,後端開發工程師(台中),"工作主要內容：
1. Web 系統開發維護
2. 熟悉 PHP、MySQL 等後端程式及資料庫語言
3. 與相關人員配合，協同執行專案及產品開發
4. 與其他成員 code review 、撰寫技術開發相關文件。
5. 需有至少1年實務開發經驗(作過中大型資訊系統 尤佳)
6. 使用Gitlab版本控制

加分：
1. 懂Linux系統，並了解如何處理server架設
2. 懂AWS、GCP、Azure等雲端平台操作與架設

我們希望你：
1. 個性主動積極、富責任感、具備良好溝通能力。
2. 以精進技術為目標，願意嚐試各種不同的開發專案。

備註
面試需備有作品或案例並且demo 說明,不拘,Linux、C++、Java、PHP、MySQL、JavaScript、CSS
提升專業能力
提升專業能力,不拘","軟體工程師
、Internet程式設計師
、遊戲工程師","月薪40,000~80,000元",無需出差外派,台中市西區台中市西區台灣大道二段181號,"https://maps.google.com.tw/?q=%E8%80%80%E7%B7%AF%E7%A7%91%E6%8A%80%E6%9C%89%E9%99%90%E5%85%AC%E5%8F%B8@24.1517842,120.6683797&z=17",耀緯科技有限公司
https://www.104.com.tw/job/8vbif?app_jobsource=m_time4jobs&jobsource=new_map,資深遊戲前端開發工程師(Senior Cocos2d-x Game Developer),"1.參與遊戲功能模組的開發與迭代更新，實現核心玩法邏輯與 UI 互動效果。
2.配合前端組長完成技術方案實現，確保程式碼效能與可維護性。,不拘,iOS、Android
提升專業能力
提升專業能力,遊戲開發、系統架構規劃、軟體工程系統開發、軟體程式設計","軟體工程師
、遊戲工程師
、前端工程師","月薪75,000~100,000元",無需出差外派,台中市北區民權路559號10樓之3 (鴻運金企業大樓),"https://maps.google.com.tw/?q=%E6%84%9B%E5%8B%9D%E7%A7%91%E6%8A%80%E6%9C%89%E9%99%90%E5%85%AC%E5%8F%B8@24.1618387,120.6702905&z=17",愛勝科技有限公司
https://www.104.com.tw/job/8k3yd?app_jobsource=m_time4jobs&jobsource=new_map,KNX(PLC)技術工程師(台中) 歡迎新鮮人！,"工作內容
1.KNX ETS 控制程式撰寫與測試，運用KNX設備，以滿足智慧家庭控制系統的需求。
2.執行智慧家庭軟硬體系統相關專案。
3.設計與建置智慧家庭系統的現場網路通訊架構。
4.進行專案系統建置及智慧家庭系統的維護工作。
5.需配合出差，並進行現場測試與調整。

未來上班地點：聯聚中雍大廈
台中市西屯區市政北七路98號30樓

有PLC經驗佳,不拘,MCU、C++、Python、HTML、Firmware
提升專業能力
提升專業能力,電力工程裝修與控制","業務支援工程師
、機電技師／工程師
、韌體工程師","月薪45,000元以上",無需出差外派,台中市大里區夏元路6號,"https://maps.google.com.tw/?q=%E7%91%9E%E5%8F%B8%E6%99%BA%E6%85%A7%E6%95%B4%E5%90%88%E8%82%A1%E4%BB%BD%E6%9C%89%E9%99%90%E5%85%AC%E5%8F%B8@24.0910696,120.6785364&z=17",瑞司智慧整合股份有限公司
https://www.104.com.tw/job/74khs?app_jobsource=m_time4jobs&jobsource=new_map,資安系統助理工程師_台中,"1.資安產品專案的專案導入，包含規劃、建置、維護與問題排除。 
2.建立資安產品相關測試環境，包含虛擬化建置與管理。 
3.撰寫工作進度報告、操作手冊、維護手冊、教育訓練等技術文件。 
4.資安產品介紹及簡報。,1.良好人際溝通能力，樂於主動學習與分享討論，抗壓性及穩定性高。 
2.熟悉TCP/IP Protocol及網路架構知識。 
3.具備Windows/Linux系統基本操作能力。 
4.具備Office文書處理軟體基本操作能力。 
5.具備英文技術文件基本閱讀能力。 
6.認同藍隊文化，對抓駭客有極高熱忱與興趣者；經成長與考核後，亦可升任為二線資安系統工程師。,不拘,不拘","網路安全分析師
、系統工程師
、資安工程師","月薪34,000元以上",無需出差外派,台中市北區文心路四段208-1號4F,"https://maps.google.com.tw/?q=%E6%BC%A2%E6%98%95%E7%A7%91%E6%8A%80%E8%82%A1%E4%BB%BD%E6%9C%89%E9%99%90%E5%85%AC%E5%8F%B8@24.1729251,120.677373&z=17",漢昕科技股份有限公司
https://www.104.com.tw/job/hchq?app_jobsource=m_time4jobs&jobsource=new_map,業務助理,"—職責要求—
1.提供客戶諮詢維護/上線輔導/系統規劃等
2.回覆處理線上客戶問題，並將客戶需求適時與相關單位討論
3.提供潛在客戶之資訊需求規劃與建議
4.維繫既有客戶系統使用狀況以及聯絡續約請款事宜，並協助完成年度客戶續約作業
5.協助業務進行輔導案件所需支援

—具備條件—
1.口齒清晰、反應靈敏、談吐表達能力流暢
2.善於溝通協調，能快速釐清用戶問題
3.具基本電腦操作技能
4.能獨立作業，具責任感,不拘,Excel、Word
提升專業能力
提升專業能力,文書處理╱排版能力、行政事務處理、報表彙整與管理、電話接聽與人員接待事項、文件檔案資料處理、轉換及整合工作","業務助理
、資訊助理","月薪33,000~45,000元",無需出差外派,台中市北屯區松明街68號1樓,"https://maps.google.com.tw/?q=%E5%8D%9A%E7%A7%91%E8%B3%87%E8%A8%8A%E8%82%A1%E4%BB%BD%E6%9C%89%E9%99%90%E5%85%AC%E5%8F%B8@24.1860959,120.699637&z=17",博科資訊股份有限公司
https://www.104.com.tw/job/82s8a?app_jobsource=m_time4jobs&jobsource=new_map,資料庫管理師(DBA),"1.Oracle ERP與DB日常維運與問題診斷。
2. Linux / Oracle DB相關日誌分析，監控管理。
3. 資料庫物件與應用系統變更與管理。
4. DB執行效能分析，調校優化。
5. ISMS管理制度及資通安全規範之日常工作落實。,-熟悉Windows AD Domain
-熟悉 Windows Server 管理
-熟悉 Oracle Database 管理
-樂觀細心/主動學習/樂於經驗分享與交流
-具高度責任感及成就動機/具團隊協作意識,AIX、Linux、Windows Server 2019、Oracle
提升專業能力
提升專業能力,伺服器網站管理維護、作業系統基本操作、資料備份與復原、資訊設備操作檢修、資訊設備環境設定","系統工程師
、網路管理工程師",待遇面議,需出差，一年累積時間約一個月以下,台中市潭子區建國路22號,"https://maps.google.com.tw/?q=%E6%88%90%E9%9C%96%E4%BC%81%E6%A5%AD%E8%82%A1%E4%BB%BD%E6%9C%89%E9%99%90%E5%85%AC%E5%8F%B8@24.2190426,120.7000104&z=17",成霖企業股份有限公司
https://www.104.com.tw/job/67x57?app_jobsource=m_time4jobs&jobsource=new_map,演算法工程師(數學家工程師),"這裡是數學愛好者的理想職場。如果您對於數學在現實怎麼應用有高度熱情，我們正在徵求能將各種實際問題（如物流配送、貨櫃裝櫃、產線排程...)以數學形式表達，並發展演算法求解的高手。如果您具有數學、工工、交通運輸，資訊工程背景，且對於作業研究、數學規劃、NP問題和軟體開發有高度熱忱，又想做世界級題目的，一定要丟履歷過來！

奇點無限的AI Routing在日前的美國離散數學與理論電腦科學中心(DIMACS)舉辦的VRP挑戰賽擊敗Google AI團隊與日本黑貓宅急便團隊，目前世界排名第9。,在學時修過作業研究、數學規劃、最佳化、演算法
能將問題模式化並發展演算法解題
能將演算法以API提供其他應用程式呼叫
了解機器學習更佳,Linux、Github、C、C++
提升專業能力
提升專業能力,系統架構規劃、軟體工程系統開發、軟體程式設計、演算法設計","演算法工程師
、數學研究員",待遇面議,無需出差外派,台中市北屯區文心路四段696號8樓之一,"https://maps.google.com.tw/?q=%E5%A5%87%E9%BB%9E%E7%84%A1%E9%99%90%E8%82%A1%E4%BB%BD%E6%9C%89%E9%99%90%E5%85%AC%E5%8F%B8@24.171622,120.687356&z=17",奇點無限股份有限公司
https://www.104.com.tw/job/8ks6u?app_jobsource=m_time4jobs&jobsource=new_map,產業應用發展部-產業應用開發課(課級主管),"1.部門管理與技術教育訓練
2.新技術研究與整合開發
3.協助專案規劃與執行
4.依專案需求定義規格，開發應用模組與系統整合
5.主管交辦事項,不拘,不拘,專案時間╱進度控管、專案規劃執行╱範圍管理、專案溝通╱整合管理、系統整合分析、軟體工程系統開發、軟體程式設計、資料庫軟體應用","軟體專案主管
、其他工程研發主管
、硬體工程研發主管",待遇面議,需出差，一年累積時間約一個月以下,台中市潭子區南二路16之1號,"https://maps.google.com.tw/?q=%E5%84%84%E5%A8%81%E9%9B%BB%E5%AD%90%E7%B3%BB%E7%B5%B1%E8%82%A1%E4%BB%BD%E6%9C%89%E9%99%90%E5%85%AC%E5%8F%B8@24.217386,120.7028094&z=17",億威電子系統股份有限公司
https://www.104.com.tw/job/8vh61?app_jobsource=m_time4jobs&jobsource=new_map,【AI團隊】資深軟體工程師,"加入麒發科技（Architech AI）意味著踏入一個前所未有的學習領域，這裡利用尖端生成式人工智能技術，致力於開發創新未來的工具。在麒發科技，您將學習到業界內外尋找不到的獨特知識和技能，從而成為一名炙手可熱的專業人才。

【工作內容】
- 設計、實作並維護可自動化、加速軟體開發的基礎設施系統。
- 撰寫乾淨、可維護、結構良好的程式碼（跨語言/平台）。
- 建立穩健的測試框架與自動化驗證流程（單元、整合、端對端）。
- 以第一性原理拆解需求與問題，制定假設、定義度量指標並評估 trade-offs。
- 與產品工程合作，確保基礎設施符合實際開發需求。
- 與語言模型（AI）協作，依據 spec 驅動開發，進行 code review 與測試驗證。
- 專案自規劃到落地全程負責，確保品質與可追蹤性。
- 需 5 年以上軟體開發相關工作經驗

【希望您具備的技能】
- 精通至少一種系統層級程式語言（如 Python、Go、Rust、C++ 之一）。
- 具備優異的問題解決能力與扎實的邏輯、數學基礎。
- 具深度思考能力：能清楚定義問題、建立模型、推導解法，並以資料/測試驗證。
- 具完整負責並成功交付軟體專案之經驗。
- 具備與語言模型協作開發經驗，熟悉以 spec 驅動開發流程。
- 熟練 code review 與測試流程，能確保 AI 產出程式碼之正確性與可靠性。
- 能獨立作業，對精準度與責任感有高度要求。

【關於麒發科技 Architech AI】
麒發科技致力於打造新世代的 AI 設計工具，至今已吸引來自 150 個國家、超過 100 萬名建築師與室內設計師 使用。我們在全球建築與設計產業中，正穩步建立屬於自己的位置。

期待對 AI 以及設計充滿熱情的您加入，一起創造設計產業的未來。,不拘,Python
提升專業能力
提升專業能力,軟體程式設計、系統架構規劃","軟體工程師
、AI工程師","月薪80,000~120,000元",無需出差外派,台中市北屯區綏遠路二段72號8樓,"https://maps.google.com.tw/?q=%E9%BA%92%E7%99%BC%E7%A7%91%E6%8A%80%E6%9C%89%E9%99%90%E5%85%AC%E5%8F%B8@24.1708627,120.6816158&z=17",麒發科技有限公司
https://www.104.com.tw/job/7ef1r?app_jobsource=m_time4jobs&jobsource=new_map,【台中】Web前端研發工程師 Senior,"你是否對於創造出精美、功能豐富的網站和App充滿熱情？我們正在尋找一位擁有創新思維和卓越技能的Web前端研發工程師，加入我們充滿活力的軟體平台團隊。

作為一家領先的軟體平台公司，我們致力於提供創新且高效的解決方案，滿足平台對於網頁和App的需求。作為Web前端研發工程師，你將成為這個目標實現的關鍵角色。

我們期待找到以下具備技能和特質的伙伴：
1.堅實的技術基礎：精通HTML、CSS和JavaScript等前端開發語言，並熟悉常用的前端框架和工具。對於網頁性能優化和響應式設計有深入的理解。
2.創意與設計思維：具有良好的美學觸覺和設計能力，能夠將設計師的想法轉化為網頁和App 的具體實現。關注用戶體驗，提供直覺且優雅的界面設計。
3.優秀的問題解決能力：能夠快速識別並解決複雜的技術問題，具備良好的邏輯思維和分析能力。能夠在壓力下保持冷靜，並找到最佳解決方案。
4.團隊合作精神：善於與多個團隊成員合作，包括設計師、後端工程師等，以實現共同的目標。具備良好的溝通和協調能力，能夠積極參與團隊討論和分享。
5.學習和創新的態度：對於新技術和工具保持持續的學習和探索，並能夠將新知識應用於工作中。勇於嘗試新的想法和解決方案，推動產品的創新和發展。

加入我們的團隊，你將有機會參與開發引人注目的產品，影響數百萬用戶的網頁和App體驗。我們提供優越的工作環境和良好的成長機會，讓你的才華得以充分展現和發展。

如果你渴望成為Web前端研發領域的佼佼者，我們誠摯地邀請你加入我們的團隊，我們期待與你見面，一同創造更多觸手可及的美好生活。




- 與設計溝通操作流程及頁面可行性 、與 Backend Engineer 協作開發
- 熟悉 Vue、Nuxt前端框架
- 熟悉 JavaScript (ES6) 、HTML5 及 CSS3
- 具備 Git、webpack使用經驗
- 具備 SASS/SCSS 開發經驗
- SPA（single page application)開發、除錯

《加分項目》
• 良好的 coding style
• 良好的測試習慣與測試經驗
• Web Socket
• 具 node.js 實務開發經驗,不拘,HTML、JavaScript、CSS
提升專業能力
提升專業能力,不拘","網頁設計師
、Internet程式設計師","月薪40,000~100,000元",無需出差外派,台中市北區太原北路130號11樓,"https://maps.google.com.tw/?q=%E6%99%BA%E7%94%9F%E6%B4%BB%E7%A7%91%E6%8A%80%E8%82%A1%E4%BB%BD%E6%9C%89%E9%99%90%E5%85%AC%E5%8F%B8@24.1653425,120.6701508&z=17",智生活科技股份有限公司
https://www.104.com.tw/job/8ac9g?app_jobsource=m_time4jobs&jobsource=new_map,Golang 後端開發工程師,"職缺描述：
––
 - 主開發語言為Golang
 - 與團隊協作開發與維護指定專案的後端部分
 - 相關學歷/經歷/作品(Side Project可)/專案經驗或工作經驗，至少擁有一項

基本條件：
––
01. 熟悉 Golang，三年以上實務開發經驗。

02. 熟悉 API 設計及開發。

03. Game Server 撰寫經驗。

04. 有高併發、高可用、分散式服務開發經驗。

05. 團隊合作(與 PM / 前端)及良好的協作與溝通能力。

06. 具備自我精進良好心態。

加分條件(具有下列條件其中之一有加分者，越多點加越多分)：
––
01. 具備不同資料庫的經驗，如 MySQL，PostgreSQL 或 NoSQL（MongoDB）

02. 熟悉 CI / CD，有自動化佈署相關經驗 (K8s, Docker, Jenkins等)

03. 熟悉 AWS Cloud Infrastructure 應用部署(GCP亦可)

04. 具 Web Service 相關開發經驗及資訊安全處理經驗

05. 熟悉 PHP 8+ 或任意 PHP 框架

福利與制度：
––
- 彈性上下班制度。(09:00~18:00 彈性時間)。
- 平行化管理，不限制穿著。
- 不定期員工聚餐、康樂活動。
- 明亮寬敞的辦公環境。
- 冰箱、飲水機、咖啡機等完善設備。
- 每日200元午餐費用補助。
- 喝不完的飲料、吃不完的零食。,不拘,AWS、PostgreSQL、MySQL、Go、Git、Github、OOP、Linux、PHP
提升專業能力
提升專業能力,軟體程式設計、資料庫程式設計、資料庫系統管理維護、模組化系統設計、網路程式設計、結構化程式設計、伺服器網站管理維護、測試環境建置規劃、軟體整合測試、問題追蹤處理(Bug tracking)、使用者測試(Usability test)、安全性測試(Security test)、功能測試(function test)、軟體品質與保證、軟體工程系統開發、系統整合分析、系統架構規劃、資訊設備環境設定、資料備份與復原、作業系統基本操作","Internet程式設計師
、軟體工程師
、其他資訊專業人員","月薪44,000~120,000元",無需出差外派,台中市北區崇德路一段631號,"https://maps.google.com.tw/?q=%E6%B0%B8%E6%81%86%E5%9C%8B%E9%9A%9B%E7%B6%B2%E8%B7%AF%E6%9C%89%E9%99%90%E5%85%AC%E5%8F%B8@24.1673028,120.6848634&z=17",永恆國際網路有限公司
https://www.104.com.tw/job/874dn?app_jobsource=m_time4jobs&jobsource=new_map,Python後端工程師,"Familiar with:

1. Web API exp.

2. Linux exp.

3. Git

4. 熟python或Django 或 寫過template 語言

5. 優秀的作品集 (能展示您過去的開發案例與決策思考過程)



個人特質:

1. 具視覺傳達溝通能力與美學素養，邏輯清楚，良好的流程設計概念

2. 對程式開發有熱情，願意主動嘗試新技術

3. 開發效率、自我管理、解決問題的能力

4. 能與團隊緊密合作，以確保開發與需求相符,不拘,Git、Python、Django
提升專業能力
提升專業能力,軟體工程系統開發、軟體程式設計、網路程式設計、網頁語法撰寫","軟體工程師
、網頁設計師
、全端工程師",待遇面議,無需出差外派,台中市北屯區文心路四段752之2號(宏台企業大樓3樓),"https://maps.google.com.tw/?q=%E6%96%B0%E5%8A%A0%E5%9D%A1%E5%95%86%E5%86%95%E5%89%B5%E6%9C%89%E9%99%90%E5%85%AC%E5%8F%B8@24.1715934,120.6884834&z=17",新加坡商冕創有限公司
https://www.104.com.tw/job/7yp4l?app_jobsource=m_time4jobs&jobsource=new_map,(DR41- ) 演算法工程師(台中),"1. Video Analysis演算法開發與驗證
2. 將演算法實作於系統中，並協助除錯與最佳化
3. 產品功能技術評估,未填寫,不拘,不拘","演算法工程師
、軟體工程師",待遇面議,無需出差外派,台中市北屯區崇德路二段252號7F,"https://maps.google.com.tw/?q=%E7%B6%A0%E5%9F%BA%E4%BC%81%E6%A5%AD%E8%82%A1%E4%BB%BD%E6%9C%89%E9%99%90%E5%85%AC%E5%8F%B8@24.1749323,120.6859182&z=17",綠基企業股份有限公司
https://www.104.com.tw/job/8on0e?app_jobsource=m_time4jobs&jobsource=new_map,【台中】品質推進工程師（Quality Advocate / QA Engineer）,"我們正在找這樣的你：
我們正在尋找一位 對品質充滿熱情，願意探索與實驗新方法的 QA 工程師 ，我們相信「品質」不該只是最後階段的驗收，而應是整體產品流程的一環。 因此，我們正在尋找一位 對品質工作充滿熱情、喜歡解決問題、願意導入與實驗新方法的 QA 工程師，你將與開發、產品與設計團隊緊密合作，不只是「測試者」，更是「品質推進者」。

 你的工作內容將包含：
●深入理解產品邏輯與使用場景，與 PM、RD、設計等團隊夥伴密切合作
●規劃測試策略、建立測試計畫，進行功能性測試與探索式測試
●導入與維護自動化測試流程（如 API/UI 測試），提升測試效率
●對異常進行追蹤與回報，並與開發協作問題排除
●協助優化開發與部署流程，提升整體交付品質（可參與 CI/CD 品質節點設計）
●觀察並持續優化 QA 團隊流程與測試工具，提出改善建議，推動團隊學習與成長

 我們希望你具備以下特質：
●有 2 年以上軟體測試經驗（手動或自動皆可）
●熟悉功能測試、回歸測試、探索式測試等基本測試概念
●有測試流程規劃與優化經驗者佳
●具備 API 測試、撰寫測試腳本（Postman / Python / JS / Java 任一）經驗為佳
●對測試自動化、CI/CD 整合、測試左移（shift-left）概念有興趣或實作經驗
●擅長團隊合作，勇於溝通，能在變動中找到秩序
●最重要的是：你願意主動學習、分享經驗，並推動 QA 團隊變得更好！

加分項目（非必備）：
●有導入自動化測試框架經驗（如 Selenium、Playwright、Appium）
●有使用版本控制（Git）與 Issue Tracker 工具經驗
●了解 DevOps、持續交付的流程與概念
●具備硬體/韌體測試、IoT 產品測試經驗尤佳

我們提供你：
●有挑戰性的產品研發環境，多樣的應用與整合機會
●開放討論與持續改善文化，鼓勵失敗與嘗試
●有彈性的工作模式與職涯發展制度
●團隊支持你的學習與創新，QA 團隊有空間實驗與導入改善計畫
●優渥薪資與完整福利制度（年終、獎金、訓練補助等）

加入我們，一起重新定義 QA 的角色
如果你已經不滿足於只執行測試指令，而是想用自己的方式守護產品品質、推動流程優化與團隊進步，那就來吧！
請投遞你的履歷、過往作品或測試策略樣本（若有），讓我們一起打造更有品質感的研發文化。,不拘,不拘,不拘","軟體工程師
、軟韌體測試工程師","月薪50,000~80,000元",無需出差外派,台中市北區太原北路130號11樓,"https://maps.google.com.tw/?q=%E6%99%BA%E7%94%9F%E6%B4%BB%E7%A7%91%E6%8A%80%E8%82%A1%E4%BB%BD%E6%9C%89%E9%99%90%E5%85%AC%E5%8F%B8@24.1653425,120.6701508&z=17",智生活科技股份有限公司
https://www.104.com.tw/job/8vcs3?app_jobsource=m_time4jobs&jobsource=new_map,AI工程師,"1. 負責AI模型的開發、訓練與部署（含文字、影像或語音資料處理）。
2. 應用深度學習（Deep Learning）與機器學習（Machine Learning）技術於公司專案。
3. 建立與維護資料處理流程（Data Pipeline），包含資料蒐集、清理與標註。
4. 進行模型效能評估與優化，撰寫技術文件。
5. 負責公司內部AI專案的專案管理。與後端工程師、客戶端開發人員共同整合AI模組至公司軟體系統。
6. 研究與引進最新AI框架與模型（如 LLM、LangChain、RAG、OpenAI API、Hugging Face、TensorFlow、PyTorch 等）。,不拘,LLM、MS SQL、MySQL、Power BI、Google Trend、PowerPoint、Project、Visio、Word、Xmind、ChatGPT、Canva、Line、ASP、PHP、Python、tensorflow、PyTorch、Keras、Microsoft Azure
提升專業能力
提升專業能力,AI、軟體工程系統開發、軟體程式設計、系統整合分析、資料庫軟體應用、專案規劃執行╱範圍管理、政府專案執行","AI工程師
、全端工程師
、數據分析師／資料分析師","月薪45,000~55,000元",無需出差外派,台中市北屯區文心路三段447號5樓D室,"https://maps.google.com.tw/?q=%E6%97%AD%E7%A5%90%E7%A7%91%E6%8A%80%E8%82%A1%E4%BB%BD%E6%9C%89%E9%99%90%E5%85%AC%E5%8F%B8@24.1736735,120.668852&z=17",旭祐科技股份有限公司
https://www.104.com.tw/job/7h3ss?app_jobsource=m_time4jobs&jobsource=new_map,Frontend Engineer 前端工程師,"***此職缺需與國外團隊溝通合作，應試者需具備基本英文溝通能力(讀寫居多)***


【Roles and Responsibilities】

● Work with product owners, designers, to craft or understand the messaging and
aesthetic for each product that is to be developed.
● Enhance and develop web applications that adhere to design standards and
functional specifications.
● To propose solutions that strike a balance between functional and aesthetic design.
● Conceptualizing creative ideas by producing sample sites or wireframes.
● Establishing design guidelines, standards, best practices for frontend development
and maintaining brand consistency throughout the design.
● Work with backend developers to produce services-oriented, responsive web
applications.
● Work with product owners and backend developers to solve usability and any
foreseeable performance issues.
● Developing skills and expertise in appropriate software/programming languages to
keep our stacks and technologies up to date.


【Qualifications】

● Minimum 1 years of relevant frontend development experience.
● Proficiency in front-end development tools/languages such as HTML5, SCSS/LESS,
JavaScript, TypeScript, Next.js and React.
● Expreince with Figma
● Expreince with Node.js and Express is a plus
● Expreince with Docker is a plus
● Expreince with GA/GTM/Google Ad Manager is a plus
● Good understanding of SEO principles and cross-browser compatibility issues.
● Experience with responsive and adaptive design and excellent in CSS and markups.,不拘,ReactJS
提升專業能力
提升專業能力,不拘","軟體工程師
、Internet程式設計師
、軟體專案主管","月薪40,000~65,000元",無需出差外派,台中市北屯區文心路三段447號11樓之3,"https://maps.google.com.tw/?q=%E5%8B%81%E6%B8%B8%E6%9C%89%E9%99%90%E5%85%AC%E5%8F%B8@24.1736774,120.6686102&z=17",勁游有限公司
https://www.104.com.tw/job/8ul7y?app_jobsource=m_time4jobs&jobsource=new_map,永續助理（兼職/工讀生）,"【關於 全星國際 營業部門】
ESG 永續經營 / 碳盤查與減量策略 / ISO 管理系統輔導 / 企業淨零路徑
我們致力於提供企業淨零轉型的完整解方，透過ISO 14064 碳盤查等專業輔導，協助客戶在永續新賽局中創造競爭優勢。我們期待對永續發展有熱忱、細心的夥伴加入，一同引領企業實踐綠色轉型，創造實質的永續價值。

【職務內容】
1.蒐集、整理客戶執行溫室氣體盤查等專案所需的基礎數據與佐證文件。
2.執行溫室氣體排放量計算，部分客戶問題解答。 
3.準備客戶會議資料，並記錄會議決議與行動項目。
4. 統籌教育訓練專案課程規劃與執行(例如：內部講師課程、管理培訓) 。
5. 有政府標案、產業輔導案…等各類補助案撰寫與執行經驗為佳。
6. 執行主管指定之其他專案工作。
7. 積極進取、負責、有獨立執行能力。,不拘,Excel、Outlook、PowerPoint、Word、ChatGPT、Canva、Facebook、Instagram、Line、EDM
提升專業能力
提升專業能力,專案規劃執行╱範圍管理、專案溝通╱整合管理、專案管理架構及專案說明、提案與簡報技巧、政府專案執行、ISO文件發行管理、溫室氣體盤查、產品碳足跡盤查、輸入資料與原始文件檔案比對審核","業務助理
、專案助理
、資訊助理","月薪28,590~28,800元",依公司規定,台中市西區西屯路一段167巷26號,"https://maps.google.com.tw/?q=%E5%85%A8%E6%98%9F%E5%9C%8B%E9%9A%9B%E8%82%A1%E4%BB%BD%E6%9C%89%E9%99%90%E5%85%AC%E5%8F%B8@24.1527414,120.6693616&z=17",全星國際股份有限公司
https://www.104.com.tw/job/8l2ii?app_jobsource=m_time4jobs&jobsource=new_map,Cocos Creator前端工程師【全遠端工作】,"1.使用cocos完成場景建置、cocos2d-JS開發HTML5遊戲
2.熟悉JavaScript、TypeScript 語法以及HTML5標準相關之前端技術。
3.良好的物件導向觀念,寫作習慣良好,程式碼清晰易讀。
4.熟悉Cocos Creator打包與發怖。
5.具Cocos Creator或Egret等相關HTML5 Engine開發經驗者佳。
6.有手遊開發經驗者佳(Android/IOS)。
7.規劃執行軟體架構及模組之設計,並控管軟體設計進度。
8.技術文術文件撰寫。
9.其他主管交辦事項。,不拘,HTML、JavaScript
提升專業能力
提升專業能力,軟體工程系統開發、軟體程式設計","前端工程師
、軟體工程師
、遊戲工程師","月薪35,000~80,000元",無需出差外派,台中市大里區,"https://maps.google.com.tw/?q=%E6%98%9F%E7%A9%8E%E6%95%B8%E4%BD%8D%E8%A1%8C@24.1046899,120.6812114&z=17",星穎數位行
https://www.104.com.tw/job/8uzt9?app_jobsource=m_time4jobs&jobsource=new_map,應用程式開發工程師,"1.軟體測試及驗證文件撰寫
2.產品應用程式開發維護
3.前端網頁開發維護
4.主管交辦事項,不拘,C#、WinForm、Visual Studio .net、Qt
提升專業能力
提升專業能力,不拘","全端工程師
、前端工程師",待遇面議,無需出差外派,台中市大里區工業九路118號4樓,"https://maps.google.com.tw/?q=%E9%82%A6%E7%9D%BF%E7%94%9F%E6%8A%80%E8%82%A1%E4%BB%BD%E6%9C%89%E9%99%90%E5%85%AC%E5%8F%B8@24.0988511,120.7169482&z=17",邦睿生技股份有限公司
https://www.104.com.tw/job/8t0sc?app_jobsource=m_time4jobs&jobsource=new_map,【台中】網頁設計師,"【工作內容】：
1. 美術編輯/平面圖設計
2. 熟悉Photoshop、Illustrator等軟體操作，能獨立製作需要的圖片
3. 具有wordpress網頁設計相關經驗，如：WordPress 版型及外掛運用及設定。
4. 了解基礎CSS與RWD網頁設計概念。
5. 視專案需求，與 PM 合作，確保設計理念與客戶需求一致。
6. 具有溝通能力，也願意傾聽他人的意見。
7. 配合協助處理主管交辦事項。


【加分項目】：
熟悉HTML & CSS語法，不倚賴前端框架可獨立進行網頁切版者尤佳。


如果你熱愛學習、有責任感、樂於溝通、邏輯佳、能適應節奏快速的工作環境，利聚數位非常歡迎你成為團隊的一份子！,不拘,Adobe Photoshop、Illustrator、CSS、HTML
提升專業能力
提升專業能力,不拘","網頁設計師
、前端工程師
、視覺設計師","月薪37,000~46,000元",無需出差外派,台中市北區崇德路一段629號10樓之2,"https://maps.google.com.tw/?q=%E5%88%A9%E8%81%9A%E6%95%B8%E4%BD%8D%E8%A1%8C%E9%8A%B7%E6%9C%89%E9%99%90%E5%85%AC%E5%8F%B8@24.1674929,120.6847339&z=17",利聚數位行銷有限公司
https://www.104.com.tw/job/8fge7?app_jobsource=m_time4jobs&jobsource=new_map,Python 工程師 （智慧社區 / 智慧家庭整合） (台中),"主要職務內容：
■ 參與 REXLiTE NVR 與相關 Python 開源產品的 開發、設計、優化與維運，確保系統穩定與持續升級。
■ 與合作夥伴及內部團隊協作，推動新功能落地，並提升產品的 商業化應用 與使用體驗。
■ 負責 MAX'Is 平台整合，包含 Home Assistant 與各類設備的 API 串接與通訊調校。
■ 建構 高效、可重複利用且可擴展的系統模組，提升專案開發速度與維護性。
■ 支援客戶端技術服務，協助解決實際應用場景中的問題。

職務需求
■ 至少3年Python開發經驗。
■ 熟悉 熟悉不同設備和服務的 API 整合，能夠編寫自定義組件或整合現有服務。
■ 熟悉 Python，2年以上相關開發經驗。
■ 熟悉 SQL 資料庫操作，能在 Home Assistant 中使用 SQLite 或其他資料庫儲存與查詢數據。
■ 具備 智慧家庭相關知識，能處理 Home Assistant 與 IoT 設備的通訊與整合問題。

加分項
■ LLM模型開發經驗（目前我們的專案會把LLM模型加入語音辨識功能）
■ 對軟硬體整合建置有經驗或興趣。
■ AWS / Azure / GCP 任意一種雲端使用經驗。

未來上班地點：聯聚中雍大廈
台中市西屯區市政北七路98號30樓,不拘,Python、JavaScript、CSS、VueJS
提升專業能力
提升專業能力,軟體工程系統開發、軟體程式設計、資料庫程式設計、資料庫軟體應用","前端工程師
、後端工程師
、數據分析師／資料分析師","月薪50,000~110,000元",無需出差外派,台中市大里區夏元路6號,"https://maps.google.com.tw/?q=%E7%91%9E%E5%8F%B8%E6%99%BA%E6%85%A7%E6%95%B4%E5%90%88%E8%82%A1%E4%BB%BD%E6%9C%89%E9%99%90%E5%85%AC%E5%8F%B8@24.0910696,120.6785364&z=17",瑞司智慧整合股份有限公司
https://www.104.com.tw/job/8skhq?app_jobsource=m_time4jobs&jobsource=new_map,SEO 工程師,"我們正在尋找一位具備策略思維與實戰經驗的資深 SEO 工程師。
如果你對數據敏銳、熱愛研究演算法、熟悉網站架構與內容優化，並有帶過 SEO 成功專案，這個職缺就是為你量身打造！

1. 負責技術 SEO 優化，包括提升網站載入速度、設計結構化資料、以及維護網站地圖（Sitemap），並與前端及後端工程師密切協作，確保網站符合 SEO 最佳實務標準。
2. 建置並管理外部連結資源，並針對網站內容提供優化建議，提升網站在搜尋引擎中的排名與曝光度。
3. 定期追蹤及分析 SEO 成效，運用 Google Analytics 4（GA4）、Google Search Console 等數據工具製作詳盡報告，並針對競爭對手分析，提出優化策略與行動方案。
4. HTML、CSS、JavaScript、Wordpress等，系統面進行網站優化。,不拘,SEO、Google Analytics、CSS、HTML、jQuery
提升專業能力
提升專業能力,廣告企劃案╱文案撰寫、市場趨勢分析、網站流量成效追蹤、結構化程式設計、社群媒體經營管理","社群行銷
、行銷企劃
、數據分析師／資料分析師","月薪40,000~60,000元",無需出差外派,台中市北屯區東山路一段372-1號,"https://maps.google.com.tw/?q=%E7%BE%A9%E8%81%96%E9%A6%99%E4%BC%81%E6%A5%AD%E6%9C%89%E9%99%90%E5%85%AC%E5%8F%B8@24.1765206,120.7280829&z=17",義聖香企業有限公司
https://www.104.com.tw/job/6o6o4?app_jobsource=m_time4jobs&jobsource=new_map,1A80-資訊室 系統工程師,"1. 電腦主機系統監控及維護
2. 資料庫系統監控及維護
3. 全院網路系統監控及維護
4. 資訊機房安全管理
5. 維護廠商支援管理,不拘,不拘,不拘","資料庫管理人員
、系統工程師","月薪40,000元以上",無需出差外派,台中市北區育德路2號,"https://maps.google.com.tw/?q=%E4%B8%AD%E5%9C%8B%E9%86%AB%E8%97%A5%E5%A4%A7%E5%AD%B8%E9%99%84%E8%A8%AD%E9%86%AB%E9%99%A2@24.1571781,120.6804958&z=17",中國醫藥大學附設醫院
https://www.104.com.tw/job/7a5t0?app_jobsource=m_time4jobs&jobsource=new_map,Python AI程式設計兼任講師_台中站前認證中心,"【業界經驗】至少有python開發經驗3年以上。
【授課經驗】若有尤佳，若無則需準備教材試教以確認教學能力。
【其它】
+ 熟 Python程式語言、Scipy、Spark、SQL Server資料庫、資料探勘、統計分析相關經驗。
+ 需有作品or開發程式範例。
【注意事項】 
             實際鐘點依科目、經歷...等條件有所差異，最終以記載於委任書之核定鐘點為準。,不拘,Python
提升專業能力
提升專業能力,軟體程式設計、資料庫程式設計","電腦補習班老師
、全端工程師
、AI工程師","時薪350~1,000元",依公司規定,台中市中區建國路123號3F,"https://maps.google.com.tw/?q=%E8%81%AF%E6%88%90%E9%9B%BB%E8%85%A6%E8%82%A1%E4%BB%BD%E6%9C%89%E9%99%90%E5%85%AC%E5%8F%B8(%E8%81%AF%E6%88%90%E9%9B%BB%E8%85%A6%2F%E8%81%AF%E6%88%90%E5%A4%96%E8%AA%9E)@24.137451,120.6842567&z=17",聯成電腦股份有限公司(聯成電腦/聯成外語)
https://www.104.com.tw/job/8vh60?app_jobsource=m_time4jobs&jobsource=new_map,【AI團隊】資深前端軟體工程師,"加入麒發科技（Architech AI）意味著踏入一個前所未有的學習領域，這裡利用尖端生成式人工智能技術，致力於開發創新未來的工具。在麒發科技，您將學習到業界內外尋找不到的獨特知識和技能，從而成為一名炙手可熱的專業人才。

【工作內容】
1. 使用 ReactJS 開發高效且可重用的前端組件與應用程序。
2. 優化應用以達成最佳性能與流暢的使用者體驗。
3. 與後端工程師協作，整合 API 與外部資料來源。
4. 依據產品需求與設計稿，實作新功能與 UI。
5. 參與程式碼審查，維持高品質與良好團隊合作。
6. 主動關注前端技術趨勢，學習並應用新技術。

【期望您擁有的特質】
1. 具備主動探索與學習的態度，特別對前端與新興技術有熱情。
2. 對使用者體驗與程式品質有高標準。
3. 樂於與團隊協作、溝通清晰且負責任。
4. 具備解決問題與自我驅動的能力。
5. 願意嘗試並實踐創新（如 AI 工具應用）。

【希望您具備的技能】
1. 5 年以上前端開發經驗
2. 精通 ReactJS、生態系（Hooks、Context、Router、Redux 等）。
3. 熟悉 JavaScript (ES6+) 與 TypeScript。
4. 理解前端性能優化、響應式設計與跨瀏覽器相容性。
5. 熟悉 RESTful API 整合與前後端協作模式。
6. 具備 AI 技術應用或工具整合經驗者佳（如 Cursor）。

【關於麒發科技 Architech AI】
麒發科技致力於打造新世代的 AI 設計工具，至今已吸引來自 150 個國家、超過 100 萬名建築師與室內設計師 使用。我們在全球建築與設計產業中，正穩步建立屬於自己的位置。

期待對 AI 以及設計充滿熱情的您加入，一起創造設計產業的未來。,不拘,Node.js、ReactJS
提升專業能力
提升專業能力,軟體程式設計、AI、軟體工程系統開發","前端工程師
、全端工程師
、AI工程師","月薪80,000~120,000元",無需出差外派,台中市北屯區文昌二街2巷11號8樓,"https://maps.google.com.tw/?q=%E9%BA%92%E7%99%BC%E7%A7%91%E6%8A%80%E6%9C%89%E9%99%90%E5%85%AC%E5%8F%B8@24.171849,120.68019&z=17",麒發科技有限公司
https://www.104.com.tw/job/88cx9?app_jobsource=m_time4jobs&jobsource=new_map,前端工程師,"【工作內容】 
1.　與視覺設計師合作完成網站建置。 
2.　負責網頁前端作業。 
3.　與網頁前端切版工程師協作開發網站界面。
4.　主管交辦事項。

【必備技能】
1.　相關工作經驗 1年以上。
2.　熟悉Vue3、HTML、JavaScript、Bootstrap語法，可獨立進行網頁開發。
3.　串接API經驗。
4.　與用戶、主管、程式開發人員合作溝通協調，推進產品開發。

【加分技能】
1.　熟悉網站UI/UX觀念。
2.　好溝通能力，願意傾聽他人的意見相互溝通配合。
3.　對 RWD (Responsive Web Design) 響應式網站技術熟悉。
4.　熟悉其它架構Angular，可獨立進行網頁開發。
5.　Git版本控制經驗。,不拘,HTML、JavaScript、CSS、VueJS
提升專業能力
提升專業能力,不拘","Internet程式設計師
、軟體工程師
、前端工程師","月薪35,000~60,000元",無需出差外派,台中市北屯區,"https://maps.google.com.tw/?q=%E9%A0%86%E4%B9%85%E8%B3%87%E8%A8%8A%E6%9C%89%E9%99%90%E5%85%AC%E5%8F%B8@24.1815237,120.6861019&z=17",順久資訊有限公司
https://www.104.com.tw/job/8n5nu?app_jobsource=m_time4jobs&jobsource=new_map,電控開發高階主管,"1.主導永磁同步馬達（PMSM）及無刷直流馬達（BLDC）的驅動系統開發案，包含功率電子、電源管理、驅動電路 及磁場導向控制（FOC）、六步換相控制等產品實現。
2.熟悉DC-DC、AC-DC電路設計，包括逆變器、功率開關（如 MOSFET、IGBT）的選型與應用風險管理。
3.熟悉 CAN、UART、SPI、I2C 等通訊協定及相關開發工具（如 STM32CubeIDE、MATLAB/Simulink）。
4.具備電磁干擾分析(EMI)及電磁相容性(EMC)設計與測試經驗
5.跨部門協作與溝通-
   ①與企劃、研發及生產團隊緊密合作，進行產品設計、驗證與量產導入
   ②進行技術評審與決策，並向高層管理團隊匯報技術進展與風險評估

✔學歷與經驗：
    ①電機工程、自動化控制、電子工程或相關領域本科以上學歷，碩士以上尤佳
    ②至少 5年以上馬達驅動器或電機控制系統開發經驗，其中 2年以上團隊管理或專案領
        導經驗

✔分析與測試能力：
    ①熟練使用示波器、功率分析儀等測試工具進行調試與性能驗證
    ②具備故障排除邏輯手法的引導與系統穩定性分析經驗

✔產品研發與技術面管理：
   ①工作任務指派與協調、技職教育訓練擬定及執行
   ②規劃與推動電控產品的技術路線和開發進度，確保項目如質如期。
   ③管理產品開發過程中的風險與挑戰，並制定有效的技術解決方案

✔加分條件：
   ①具備高速電機（如無人機電機、伺服電機）控制經驗者優先考慮
   ②熟悉功能安全標準（如 IEC 61508、IEC62061）者尤佳,不拘,不拘,PCB電路板圖表繪製、電路板佈局規劃、電子產品系統測試、電子電路設計","硬體工程研發主管
、硬體研發工程師
、韌體工程師",待遇面議,需出差，一年累積時間未定,台中市大里區仁化路261號,"https://maps.google.com.tw/?q=%E5%8A%9B%E5%B1%B1%E5%B7%A5%E6%A5%AD%E8%82%A1%E4%BB%BD%E6%9C%89%E9%99%90%E5%85%AC%E5%8F%B8@24.0941497,120.7140391&z=17",力山工業股份有限公司
https://www.104.com.tw/job/8vavr?app_jobsource=m_time4jobs&jobsource=new_map,儲備工程師,"1. 負責醫療器材產品之 3D 數位設計與相關軟體操作。
2. 協助與客戶討論設計案例，根據臨床需求進行客製化調整。
3. 建立與維護技術資料檔案，確保設計紀錄完整。
4. 配合主管交辦事項，協助公司日常營運與相關技術支援。

本職位主要從事醫療領域的 3D 設計與設備操作，偶爾需協助公司基本行政或營運事務。
工作內容單純、學習空間充足，團隊氛圍輕鬆開放，適合喜歡結合科技與醫療創新的你，一起打造更精準、安全的醫療器材。,不拘,Excel、PowerPoint、Windows 10、Word、SolidWorks、AutoCad 2D、AutoCad 3D
提升專業能力
提升專業能力,不拘","助理工程師
、醫療器材研發工程師
、軟體助理工程師","月薪33,000~40,000元",無需出差外派,台中市西區臺灣大道二段186號20樓之2 A室,"https://maps.google.com.tw/?q=%E5%89%B5%E6%BA%96%E7%A7%91%E6%8A%80%E8%82%A1%E4%BB%BD%E6%9C%89%E9%99%90%E5%85%AC%E5%8F%B8@24.1513769,120.6700861&z=17",創準科技股份有限公司
https://www.104.com.tw/job/5fbmv?app_jobsource=m_time4jobs&jobsource=new_map,【永慶14期山西榮德】找想轉換跑道的業務員,"轉換行業，是冒險？是機會？

很少人會知道，選擇一份事業，不應考慮工作好不好做、輕不輕鬆，而是該考量在工作的過程中，它將為你人生帶來怎麼樣的價值？當你做出了選擇，下一個該評估的，則是你將遇到具備哪些特質的主管（老師）和團隊氛圍？

公司設置新人底薪，非常重視教育訓練，非常非常重視，可以保證您來到陌生的環境，
不會不知所措，有課程、有店長、有師徒、有方向，讓您打造非凡人生。
我們重視的理念，希望你來一起打拼
1. 我們重視公平、友善、團隊合作、工作氛圍，沒有一般仲介業的勾心鬥角
2. 誠信作業，不用擔心被逼迫要欺騙客戶，欺騙同事
3. 每一個步驟的教學、功課、實戰、實際案例研討，不會沒人理你不會有老鳥欺負
4. 熱情、積極、友善、團隊合作、溝通、誠信.......歡迎你的加入

1.本公司執行協理，原本在電子業工作，轉職後，新人前9個月累積成交總房價超過
6000萬，2年後創業，打造永慶不動產北平店，創造中區店業績第6名。
2.公司有位男同事，本來是蓋房子的工班，加入本公司首年，
累積成交房價將近4000萬。
3.公司有位女同事，本來是藥局的櫃檯小姐，加入本公司首年，
累積成交房價將近3000萬。
4.公司有位新人，本來從事賣衣服行業，初加入2個月，月月成交。
5. 隨著累積之後，第二年第三年，有人達到年薪將近200萬
6. 下一個就是你....

回顧過去2021年至10月，永慶北平店交出了一份亮眼的成績單
1. 成交超過190個案子，協助超過190個家庭找到幸福。
2. 業績4200萬，等於成交房屋總價超過10億5千6百8拾3萬.....。
3. 公司平均每月成交19間房子，每月超過7成的同仁成交，績效大幅勝過同業。
4. 永慶北平捷運加盟店平均每月成交業績超越中區平均店績效近2倍。
..........

工作內容
1. 為他人找到幸福、實現購屋成家的夢想。
2. 提供不動產買賣仲介服務
3. 你/妳的工作還包括了學習與成長
4. 你/妳的工作還包括了分享與教導
5. 提供感動式不動產買賣仲介服務
6. 提供專業在地感動式不動產生涯規劃仲介服務,未填寫,Internet Explorer、PowerPoint、Word
提升專業能力
提升專業能力,顧客關係管理、客戶資料更新維護、業務或通路開發、業績目標分配與績效達成、業績與管理報表撰寫、廣告業務銷售能力、客戶情報蒐集、產品介紹及解說銷售","通訊軟體工程師
、網路管理工程師
、業務支援工程師","月薪33,000~200,000元",無需出差外派,台中市北屯區山西路二段580號,"https://maps.google.com.tw/?q=14%E6%9C%9F%E5%B1%B1%E8%A5%BF%E6%A6%AE%E5%BE%B7%E5%8A%A0%E7%9B%9F%E5%BA%97_%E6%AC%A3%E5%B2%B3%E4%B8%8D%E5%8B%95%E7%94%A2%E6%9C%89%E9%99%90%E5%85%AC%E5%8F%B8@24.1828478,120.6773624&z=17",14期山西榮德加盟店_欣岳不動產有限公司
https://www.104.com.tw/job/89o0s?app_jobsource=m_time4jobs&jobsource=new_map,Front-End Engineer 前端軟體工程師【台中】,"◆熟悉Web前端模組與關聯，維護網路流量分析與DDoS偵測軟體產品功能 
◆增進軟體品質，增加或改善軟體模組與產品的功能 
◆ 進入專案，執行軟體開發設計實作 
◆ 進行良好的團隊合作, 達成任務,◆工作需求: 
-有撰寫Web UI相關經驗。
-能根據 UI/UX 的設計, 切出需求所需的 layout 以及組件 ◦ 
-了解 HTML/JavaScript/CSS/Sass/Angular ◦ 熟悉javascript/typescript, git, unit testing。

◆加分條件:
-有 ES5/ES6 前端框架與後端 API 串接經驗 ◦ 
-後端設計: nodejs/express, restful APIs, graphQL

◆面試可自備作品或是部分撰寫的程式碼及說明文件,Git、HTML、JavaScript、CSS、Sass、Node.js、Angular
提升專業能力
提升專業能力,軟體程式設計","軟體工程師
、Internet程式設計師",待遇面議,無需出差外派,台中市北屯區崇德路二段128號15FB2,"https://maps.google.com.tw/?q=%E5%A8%81%E7%9D%BF%E7%A7%91%E6%8A%80%E8%82%A1%E4%BB%BD%E6%9C%89%E9%99%90%E5%85%AC%E5%8F%B8@24.1710339,120.68562&z=17",威睿科技股份有限公司
https://www.104.com.tw/job/8ul1p?app_jobsource=m_time4jobs&jobsource=new_map,資訊專員,"1. 規劃、制訂資安架構，並執行推動辦理事項
2. 內/外部資訊安全查核及追蹤矯正改善情形
3. 確保所有系統及設備穩定運作，迅速處理技術問題及故障排除。
4. 監控設備管理及維護事項
5. 維護網路環境、話機設備維護與電腦軟硬體應用系統正常運行
6. 負責資訊安全與個人資訊管理相關法令合規作業
7. 主管交辦事項,不拘,不拘,網路安全架構分析與設計、規劃與管理入侵防護系統（IPS）、規劃與管理防火牆、網路系統危機管理、伺服器網站管理維護、資料備份與復原、系統架構規劃與維護、安裝與維護網路安全系統、資訊設備環境設定、資料庫系統管理維護、資訊設備操作檢修、網路設備設定安裝、網路系統配置","資安工程師
、網路安全分析師
、資安主管","月薪35,000~40,000元",無需出差外派,台中市北區中清路一段521號,"https://maps.google.com.tw/?q=%E9%80%9A%E8%B1%AA%E5%A4%A7%E9%A3%AF%E5%BA%97_%E6%9F%8F%E6%A8%82%E7%94%9F%E6%B4%BB%E7%AE%A1%E7%90%86%E9%A1%A7%E5%95%8F%E8%82%A1%E4%BB%BD%E6%9C%89%E9%99%90%E5%85%AC%E5%8F%B8@24.167656,120.6726912&z=17",通豪大飯店_柏樂生活管理顧問股份有限公司
https://www.104.com.tw/job/8hikl?app_jobsource=m_time4jobs&jobsource=new_map,PHP高階開發工程師,"職責
1.維護並改進現有的自研PHP框架，提升框架的穩定性與靈活性，以滿足不斷變化的業務需求。
2.參與設計與實現公司核心系統與微服務架構，確保系統的高可擴展性和高可用性。
3.管理並優化MySQL與MongoDB資料庫，確保資料存取的效率和可靠性。
4.配置並管理Redis，進行數據快取及分佈式處理，提升系統的性能與穩定性。
5.使用OpenSearch進行大數據的快速檢索與分析，支持業務決策。
6.使用Git進行代碼版本控制，管理代碼庫並支持多分支開發流程。
7.配置並維護Jenkins持續集成與部署流程，確保開發和部署的自動化與穩定性。
8.了解AWS S3服務和OpenSearch，並能夠有效地運用這些工具支持公司業務需求。,1.精通PHP開發，擁有多年PHP後端開發經驗。
2.具有維護和修改自研框架的實際經驗。
3.熟悉系統與微服務架構設計，具備分佈式系統設計能力。
4.深入了解MySQL和MongoDB資料庫，具備資料結構設計與優化經驗。
5.熟悉Redis的應用，具備高效數據處理能力。
6.具備OpenSearch的應用經驗，能夠處理大規模數據檢索與分析需求。
7.熟悉Git版本控制和Jenkins持續集成工具。
8.了解AWS S3和OpenSearch的功能，能夠有效地運用這些工具支持業務需求。,Jenkins、Git、PHP、MySQL、AWS
提升專業能力
提升專業能力,不拘","後端工程師
、Internet程式設計師
、全端工程師","月薪60,000~80,000元",無需出差外派,台中市北區進化北路392-2號12樓之二,"https://maps.google.com.tw/?q=%E5%BB%A3%E5%A0%B4%E6%95%B8%E4%BD%8D%E6%9C%8D%E5%8B%99%E8%82%A1%E4%BB%BD%E6%9C%89%E9%99%90%E5%85%AC%E5%8F%B8@24.1633451,120.6773109&z=17",廣場數位服務股份有限公司
https://www.104.com.tw/job/87auu?app_jobsource=m_time4jobs&jobsource=new_map,Oracle ERP 資深分析師,"1. 維護集團OracleEBS配銷及財務模組的相關設定與運作正常
2. 協助集團OracleEBS配銷及財務模組與週邊系統的整合應用
3. 負責規劃分析與設計集團相關管理報表
4. 掌握集團商業運作模式中的相關資料萃取與管理能力
5. 協助整合跨部門資源與負責專案時程管理
6. 協助推動新系統上線,1. 有擔任與負責推動專案管理的經驗
2. 對OracleEBS配銷及財務模組相關模組有實務經驗
3. 財會、或成本\管理會計一年以上工作經驗
4. 基本資料程式(SQL)撰寫能力
5. 對企業管理應用，流程改善以及資料分析有興趣,Oracle、PL/SQL、Oracle ERP
提升專業能力
提升專業能力,資料庫系統管理維護、資料庫程式設計、資料庫軟體應用、企業資源規劃管理(ERP)","軟體工程師
、系統分析師","月薪50,000元以上",無需出差外派,台中市潭子區建國路22號,"https://maps.google.com.tw/?q=%E6%88%90%E9%9C%96%E4%BC%81%E6%A5%AD%E8%82%A1%E4%BB%BD%E6%9C%89%E9%99%90%E5%85%AC%E5%8F%B8@24.2190426,120.7000104&z=17",成霖企業股份有限公司
https://www.104.com.tw/job/8owdy?app_jobsource=m_time4jobs&jobsource=new_map,美工行銷專員,"打造一個開心、學習與成就感的職場環境，歡迎有理念、有熱誠的您加入我們的行列。
1. 資訊能力：維護、更新及管理各式系統及網頁粉絲頁管理。
2. 訓練考核：主動參與教育訓練與考核，參加職等能力評核。
3. 第一年加入依照工作與教學經驗享有分紅及獎金，擁有專業職能證照另加發獎金。
4. 需要具備下列相關能力：
●Microsoft Office Word、Excel、PowerPoint
●Adobe 系列、AE、AI、PS
●Line@經營
●Facebook粉絲頁經營、ig經營
●拍照、攝影及影片剪輯
●情境規劃、教材具設計
●需配合北屯、太平區校區工作地點拍攝調整
工作地點：台中市北屯區、太平區,不拘,Illustrator、Adobe Photoshop、After Effects
提升專業能力
提升專業能力,不拘","行政人員
、網站行銷企劃
、資訊設備管制人員","月薪32,000元以上",無需出差外派,台中市北屯區昌平路二段12巷5號,"https://maps.google.com.tw/?q=%E5%90%89%E7%91%9E%E7%A6%8F%E6%95%99%E8%82%B2%E6%A9%9F%E6%A7%8B_%E8%87%BA%E4%B8%AD%E5%B8%82%E7%A7%81%E7%AB%8B%E5%90%89%E7%91%9E%E7%A6%8F%E7%BE%8E%E8%AA%9E%E6%95%B8%E5%AD%B8%E7%9F%AD%E6%9C%9F%E8%A3%9C%E7%BF%92%E7%8F%AD@24.1814053,120.68949&z=17",吉瑞福教育機構_臺中市私立吉瑞福美語數學短期補習班
https://www.104.com.tw/job/8oq5e?app_jobsource=m_time4jobs&jobsource=new_map,DBA & Server 管理工程師,"1. 資料庫管理與維護：
    熟悉 Microsoft Dynamics AX ERP 系統資料庫結構，能進行表結構分析與資料關聯性整理。
    負責資料庫效能監控、備份與還原策略制定。
    協助開發團隊進行 SQL 查詢優化與資料整合。

2. 系統與伺服器管理
    管理公司伺服器（Windows Server/Linux），確保系統穩定運行。
    監控伺服器資源使用率，執行安全性更新與權限控管。
    熟悉虛擬化環境（VMware 或 Hyper-V）及雲端服務（Azure/AWS）者佳。

3. 跨部門協作
    與 IT、開發、業務部門合作，提供資料支援與技術諮詢。
    協助 ERP 系統與現有系統的資料整合與遷移。

4. 主管交辦事項。,必要條件：
精通 SQL Server，熟悉資料庫設計與效能調校。
具備 Microsoft Dynamics AX 或其他 ERP 系統資料庫經驗。
熟悉 Windows Server 管理，具備網路與安全性基本知識。
實際執行過DBA或系統管理相關經驗。

加分條件：
具備 Azure/AWS 雲端服務管理經驗。
熟悉 Power BI 或其他 BI 工具。
具備程式語言（C#, Python）基礎能力。
3 年以上 DBA 或系統管理相關經驗。,Microsoft Dynamics AX、Windows Server 2019、Linux、Vmware、Windows Server 2012、Windows Server 2008、AWS、MS SQL
提升專業能力
提升專業能力,伺服器網站管理維護、資料備份與復原、電腦設備裝配、資訊設備操作檢修、網路資料傳輸、資料庫系統管理維護、資料庫軟體應用、安裝與維護網路安全系統","網路管理工程師
、資訊設備管制人員
、資料庫管理人員",待遇面議,無需出差外派,台中市西區臺灣大道二段218號7樓之1,"https://maps.google.com.tw/?q=%E9%BC%8E%E6%A3%AE%E8%A3%BD%E8%A1%A3%E4%BC%81%E6%A5%AD%E8%82%A1%E4%BB%BD%E6%9C%89%E9%99%90%E5%85%AC%E5%8F%B8@24.1521178,120.6690061&z=17",鼎森製衣企業股份有限公司
https://www.104.com.tw/job/8u5ce?app_jobsource=m_time4jobs&jobsource=new_map,Project Coordinator,"***此職缺需與國外團隊溝通合作，應試者需具備基本英文溝通能力***


The Project Coordinator will serve as a liaison between business stakeholders, development teams, and project management. The role focuses on business analysis, with additional responsibilities in project coordination and testing support. Candidates with experience in iGaming, Social Casino, or Gamification are highly preferred.


【Roles and Responsibilities】

● Gather, analyze, and document business requirements.
● Translate business needs into functional specifications and user stories.
● Collaborate with product owners, stakeholders, and developers to ensure requirements are clearly understood.
● Maintain requirement traceability throughout the project lifecycle.
● Track project progress, monitor risks/issues, and maintain project documentation.
● Facilitate cross-functional communication and follow up on action items.
● Ensure project deliverables align with timelines, quality standards, and scope.
● Support UAT (User Acceptance Testing) planning and execution.
● Develop and maintain test cases based on business requirements.
● Assist in defect tracking, prioritization, and resolution with QA and development teams.,未填寫,不拘,不拘","軟體專案管理師
、系統分析師
、商業分析師","月薪40,000~50,000元",無需出差外派,台中市北屯區文心路三段447號11樓之3,"https://maps.google.com.tw/?q=%E5%8B%81%E6%B8%B8%E6%9C%89%E9%99%90%E5%85%AC%E5%8F%B8@24.1736814,120.6688948&z=17",勁游有限公司
https://www.104.com.tw/job/8l6kr?app_jobsource=m_time4jobs&jobsource=new_map,資訊助理人員,"1、電子信箱系統權限開立
2、電子簽核系統權限開立
3、電腦設備安裝、設定、故障排除
4、其他主管交代事項,不拘,Excel、PowerPoint、Word
提升專業能力
提升專業能力,作業系統基本操作、電腦設備裝配","資訊設備管制人員
、系統工程師","月薪28,590~33,000元",無需出差外派,台中市北屯區文心路四段141之4號,"https://maps.google.com.tw/?q=%E5%A4%A9%E8%8F%AF%E5%9C%8B%E9%9A%9B%E7%94%9F%E6%8A%80%E8%82%A1%E4%BB%BD%E6%9C%89%E9%99%90%E5%85%AC%E5%8F%B8@24.1738118,120.6756507&z=17",天華國際生技股份有限公司
https://www.104.com.tw/job/7ts1m?app_jobsource=m_time4jobs&jobsource=new_map,外勤-台中-維修工程師(歡迎應屆畢業生)-日商-自動化板金機械設備,"1. 日商跨國集團板金機械業界頂端設備商。
2. 本職務為外勤機台維修維持正常運作及IOT相關軟體連結應用之服務人員。
3. 公司營運穩健，工作穩定，重視員工專業成長。
4. 依個人特質未來有機會轉任其他任務。
5. 工作自由度高，強調與員工及客戶之間的信賴關係。
6. 非輪班廠務工作、非研發工作。
7. 薪資結構將隨人事各階段調整給付。
8. 正式教育期間(約6~9個月)結束後，正式獨立作業時，外勤任務需自備車輛，公司提供車輛補助。,不拘,不拘,機械加工設備之維護保養、配電裝修維護、電機設備保養修護、機械產品故障排除檢修、操作控制及故障排除、日常檢查及異常狀況初步研判、改善設備問題及功能提昇","產品維修人員
、產品售後技術服務
、網路管理工程師","月薪35,000~60,000元",需出差，一年累積時間約一個月以下,台中市北屯區和福路41號,"https://maps.google.com.tw/?q=%E5%A4%A9%E7%94%B0%E8%82%A1%E4%BB%BD%E6%9C%89%E9%99%90%E5%85%AC%E5%8F%B8@24.1717577,120.7234214&z=17",天田股份有限公司
https://www.104.com.tw/job/824yu?app_jobsource=m_time4jobs&jobsource=new_map,後端工程師,"【工作內容】
開發公司產品及內部系統建置並整合各平台系統串接。

【加分條件】
1.具備設計Scalable系統經驗。
2.具備大數據效能調校經驗。
3.具備 DevOps 相關知識與經驗。
4.具備 CI/CD 相關知識與經驗。,1. 後端程式開發經驗至少3年以上，且有獨立開發的能力。
2. Node.js Express/Nestjs 或專精任一後端語言及框架開發經驗
3. 熟悉Restful API開發。
4. 熟悉SQL語法及有NoSQL資料庫的開發經驗。
5. 具備測試撰寫/ Code Review 之經驗。,Github、AWS
提升專業能力
提升專業能力,不拘",後端工程師,待遇面議,無需出差外派,台中市北屯區文心路三段447號31F〈環球巨星大樓〉,"https://maps.google.com.tw/?q=RiConnect%2C%20Inc._%E6%8C%AF%E9%88%BA%E6%95%B8%E4%BD%8D%E6%9C%8D%E5%8B%99%E8%82%A1%E4%BB%BD%E6%9C%89%E9%99%90%E5%85%AC%E5%8F%B8@24.1736769,120.6685984&z=17","RiConnect, Inc._振鈺數位服務股份有限公司"
https://www.104.com.tw/job/7efbu?app_jobsource=m_time4jobs&jobsource=new_map,【台中】數據工程師,"你是否對於數據的力量充滿熱情？我們正在尋找一位數據工程師，加入我們充滿活力的軟體平台團隊，透過數據驅動的創新，實現營收的飛躍增長。

作為一家領先的軟體平台公司，我們深知數據的價值和潛力。作為數據工程師，你將成為我們實現數據驅動營收目標的關鍵角色。

我們期待找到以下具備技能和特質的伙伴：

數據專業知識：具備深入的數據工程和資料庫管理知識，熟悉數據匯流架構的設計和實施，能夠建立高效且可擴展的數據倉儲。熟悉數據處理和清洗技術，能夠確保數據的質量和準確性。

技術專長：熟悉常用的數據工程技術和工具，如Hadoop、Spark、SQL等。具備良好的編程能力，能夠使用Python、C#等語言進行數據處理和開發相關工具。

商業洞察力：能夠理解業務需求，將數據轉化為有價值的洞察，推動業務增長和效率提升。具備數據分析和數據可視化的能力，能夠向團隊和管理層傳遞清晰的數據報告和見解。

創新思維和解決問題的能力：具有創新思維，能夠提出新的數據驅動解決方案，優化業務流程並挖掘新的商機。能夠快速識別並解決數據相關的技術和業務挑戰。

加入我們的團隊，你將有機會參與透過數據驅動影響數百萬用戶的體驗和產品成功。我們提供優越的工作環境和良好的成長機會，讓你的才華得以充分展現和發展。

如果你渴望成為數據工程領域的佼佼者，我們誠摯地邀請你加入我們的團隊。我們期待與你見面，一同創造觸手可及的美好生活！


1.應用BigQuery、RDBMS、NoSQL
2.規畫即時與批次資料流處理設計
3.建構數據倉儲及ETL流程設計開發與維護
4.規畫數據架構，執行數據建模與剖析
5.軟體開發相關經驗 Python / C#,不拘,C#、Python、VBA、ETL、RDBMS、Tableau、Google Data Studio、Firebase
提升專業能力
提升專業能力,不拘","軟體工程師
、演算法工程師
、韌體工程師","月薪40,000~100,000元",無需出差外派,台中市北區太原北路130號11樓,"https://maps.google.com.tw/?q=%E6%99%BA%E7%94%9F%E6%B4%BB%E7%A7%91%E6%8A%80%E8%82%A1%E4%BB%BD%E6%9C%89%E9%99%90%E5%85%AC%E5%8F%B8@24.1653425,120.6701508&z=17",智生活科技股份有限公司
https://www.104.com.tw/job/8nhja?app_jobsource=m_time4jobs&jobsource=new_map,LLM 生成式 AI 軟體工程師(台中),"我們正在尋找LLM 生成式 AI 軟體工程師，負責設計、開發並將 LLM 技術整合到 Smart Home 領域，優化 MAX’Is 產品與服務。

工作內容：
1.評估與設計 LLM 應用：研究並評估最新的開源與商業化 LLM（如 DeepSeek、LLaMA3、Home 3B 等），將其應用於 Smart Home 生成式 AI 系統。

2.LLM 訓練：根據不同智慧家庭應用場景對 LLM 進行微調，提升模型效能與準確性。跨職能團隊協作，將優化後的模型整合至 MAX’Is 產品與服務。

3.MAX’Is優化整合：將 LLM 模型整合至MAX’Is，優化整合後提高AI服務正確性/準確度，用Perplexity評估。

4.本地與雲端部署：根據應用需求，選擇在本地端或 AWS 雲端/Hugging Face環境進行部署與優化。

5.AI前瞻技術探索：持續追蹤 LLM 領域的最新技術趨勢，並提出創新應用方案， 讓AI 技術在智慧家庭領域的應用。,不拘,LLM、AWS、PyTorch、Python
提升專業能力
提升專業能力,AI、系統架構規劃",AI工程師,"月薪60,000元以上",無需出差外派,台中市大里區夏元路6號,"https://maps.google.com.tw/?q=%E7%91%9E%E5%8F%B8%E6%99%BA%E6%85%A7%E6%95%B4%E5%90%88%E8%82%A1%E4%BB%BD%E6%9C%89%E9%99%90%E5%85%AC%E5%8F%B8@24.0910696,120.6785364&z=17",瑞司智慧整合股份有限公司
https://www.104.com.tw/job/8u4cw?app_jobsource=m_time4jobs&jobsource=new_map,技服部-網路工程師(無相關經驗可),"一.工作項目：
1.具備識平面圖能力。
2.具備製作RJ45網路水晶頭能力。
3.L3/L2交換機與無線AP設定與維護。
4.門禁、卡機設定與維護。
5.類比/數位電話總機設定與維護。
6.類比/數位監視器與主機設定與維護。
7.撰寫施工紀錄、設備清單與驗收報告，確保專案符合規範。

二.人格特質與需求：
 1. 具專案執行、問題解決能力，能獨立完成主管交辦事項。
 2. 具備良好溝通與團隊合作能力。,不拘,DHCP、DNS、LAN、TCP/IP、VLAN、VPN
提升專業能力
提升專業能力,資訊設備操作檢修、安裝與維護網路安全系統、資訊設備環境設定、網路設備設定安裝、網路系統配置","網路管理工程師
、MIS／網管主管","月薪31,000~40,000元",需出差，一年累積時間未定,台中市北屯區長貴街31號1樓,"https://maps.google.com.tw/?q=%E6%83%A0%E5%9C%8B%E7%A7%91%E6%8A%80%E8%82%A1%E4%BB%BD%E6%9C%89%E9%99%90%E5%85%AC%E5%8F%B8@24.1806251,120.705629&z=17",惠國科技股份有限公司
https://www.104.com.tw/job/8l4s2?app_jobsource=m_time4jobs&jobsource=new_map,資訊部 資料分析工程師(台中),"1.進行資料收集、整理、分析、可視化、建立模型、預測、預警等工作
2.與其他團隊分工合作，整合專業知識，將資料轉化為有用的資訊
3.開發自動化排程工具，簡化資料流程、提高運作效率
4.對資料分析及編寫程式有強烈熱誠,不拘,Python、PyTorch、scikit-learn
提升專業能力
提升專業能力,不拘","數據分析師／資料分析師
、資料工程師
、資料科學家",待遇面議,需出差，一年累積時間未定,台中市北區,"https://maps.google.com.tw/?q=%E6%B3%93%E5%BE%B7%E8%83%BD%E6%BA%90%E7%A7%91%E6%8A%80%E8%82%A1%E4%BB%BD%E6%9C%89%E9%99%90%E5%85%AC%E5%8F%B8@24.1573171,120.6832556&z=17",泓德能源科技股份有限公司
https://www.104.com.tw/job/4rqv9?app_jobsource=m_time4jobs&jobsource=new_map,ERP軟體工程師,"1. 熟4GL BDL語言，會使用Genero開發工具
2. 具關聯式資料庫概念，熟悉SQL 語法 (INFORMIX/ MSSQL/MYSQL) 
3. 具系統分析、溝通協調及團隊工作能力
4. 負責公司ERP系統開發與維護
5. 二年以上軟體開發工作經驗,不拘,MS SQL
提升專業能力
提升專業能力,軟體程式設計、資料庫程式設計、資料庫軟體應用","系統工程師
、軟體工程師
、通訊軟體工程師","月薪34,500~37,000元",無需出差外派,台中市北區三民路三段161號,"https://maps.google.com.tw/?q=%E4%B8%AD%E5%8F%8B%E7%99%BE%E8%B2%A8%E8%82%A1%E4%BB%BD%E6%9C%89%E9%99%90%E5%85%AC%E5%8F%B8@24.1522173,120.6847829&z=17",中友百貨股份有限公司
https://www.104.com.tw/job/8rd6r?app_jobsource=m_time4jobs&jobsource=new_map,儲能管理系統 App 軟體開發工程師,"1.負責程式平臺APP程式開發與發布
2.與開發團隊配合執行專案APP之開發、維護及後續優化
3.與後端工程師確認並介接API、串接數據、socket等
4.協助研發軟體新技術與計有APP優化更新
5.編寫開發期間技術文件

本職位需要有熟悉程式開發技術的人才，對於APP開發有興趣的人可以在這裡大展身手，此職位具有良好的發展前景。
歡迎有相關工作經驗或對本職位有興趣者前來應徵。

1. 韌體: ESP-IDF-使用v5.1.1/ MQTT./ BLE-SPP
2. 雲端:AWS DynamoDB, IoT Core, IoT Rules, Lambda, API Gateway, EventBridge
3. Matter:
4. 我們原開發是用React Native的優點在於能夠同時開發 iOS 和 Android 雙平台的App。但APP更新時會有風險. 目前我們用原生開發，開發項目如下說明.
軟體開發:APP設計包含智能家電監控網頁應用設計、通訊協議整合、應用平台與操作手冊。
IOS / Android 基本功能建置功能清單開發項目製作. 
版本支援： Supports Android 8.1 (API level 27) and above. app supports Matter for iOS 16.4+ 開發如附件工作清單 (此為iOS / Android雙平台)
UI / UX設計.
iOS / Android UI / UX設計 
2.Wirefram 
3.Figma,不拘,Node.js、ReactJS、Sass、Git、Github
提升專業能力
提升專業能力,軟體程式設計、軟體工程系統開發、模組化系統設計","iOS工程師
、Android工程師
、後端工程師",時薪190元以上,依公司規定,台中市東區六順路109號,"https://maps.google.com.tw/?q=%E9%82%91%E6%96%B9%E9%86%AB%E7%99%82%E5%99%A8%E6%9D%90%E4%BC%81%E6%A5%AD%E7%A4%BE@24.1254268,120.700062&z=17",邑方醫療器材企業社
https://www.104.com.tw/job/8hk07?app_jobsource=m_time4jobs&jobsource=new_map,1MC1-人工智慧暨機器人創新中心 系統研發工程師(Web Engineer),"你是我們在尋找的那顆閃亮星星嗎？
我們正在尋找一位充滿創意和熱情的前端網頁工程師，加入我們充滿活力的團隊！如果你對網頁開發充滿熱情，並且喜歡挑戰自我，那麼這個職位就是為你量身打造的！

你的任務：
* 創造驚豔的使用者體驗：設計和開發引人入勝的網頁，讓使用者愛不釋手。
* 前端魔法師：運用HTML、CSS、JavaScript等技術，將設計轉化為互動性強且美觀的網頁。
* 跨團隊合作：與設計師、後端工程師和產品經理緊密合作，確保每個專案都能完美落地。
* 持續學習與創新：不斷學習最新的前端技術和趨勢，並將其應用到我們的產品中。我們希望你具備：
● 創意無限：擁有獨特的設計眼光和創意，能夠將想法轉化為現實。
● 技術高手：精通HTML、CSS、JavaScript，熟悉React、Vue等前端框架。
● 細節控：對細節有極高的要求，確保每個像素都完美無瑕。
● 團隊精神：良好的溝通能力和團隊合作精神，能夠在多變的環境中靈活應對。
● 學習熱情與教學：為團隊中成員提供指導、技術支援，同時對新技術充滿好奇心，樂於接受挑戰並不斷提升自我。
● 熱愛你所做的事情。


必備條件：
具備在現代網頁應用程式（如 React）上工作的顯著經驗。
對 HTML、SCSS 和 JavaScript 有深入的工作知識。
對伺服器端語言（如 Python）有良好的理解。
具有使用 Git 或其他版本控制系統的經驗。
在工作中的各個方面考慮到無障礙性。
具有分析和改進複雜用戶界面中網頁性能的經驗。
是一位出色的溝通者，能夠與團隊其他成員互動。
具有卓越的產品交付經驗。

如果你準備好迎接挑戰，並且希望在一個充滿創意和活力的環境中工作，那麼快來加入我們吧！,1.科系： 工科、理科、生物醫學、資訊、生醫工程相關科系。,不拘,不拘",後端工程師,待遇面議,無需出差外派,台中市北區育德路2號,"https://maps.google.com.tw/?q=%E4%B8%AD%E5%9C%8B%E9%86%AB%E8%97%A5%E5%A4%A7%E5%AD%B8%E9%99%84%E8%A8%AD%E9%86%AB%E9%99%A2@24.157651,120.6805467&z=17",中國醫藥大學附設醫院
https://www.104.com.tw/job/80u46?app_jobsource=m_time4jobs&jobsource=new_map,前端工程師 Frontend Engineer,"1.  1年以上前端開發的經歷
2. 與後端工程師協作(溝通串接 API)
3. 熟悉 HTML/CSS/JS  ES6+7
4. 技術研究、系統維護、效能優化 
5. Vue.js 框架開發經驗(Vue2、Vue3、VueX、Vue Router)
6. 熟悉 Git 作版本控制
7. 與UI/UX、PM、後端工程師合作團隊溝通協作


額外加分項目：
  * 請參考本公司「資深前端工程師 Senior Frontend Engineer」的必備及額外加分項目，如滿足該職缺的所有必備項目，建議改投該職缺。,【加分項目-熟悉】
   1. iView UI
   2. Element UI
   3. Tailwind CSS,HTML、JavaScript、CSS、VueJS
提升專業能力
提升專業能力,軟體程式設計","軟體工程師
、Internet程式設計師
、網頁設計師","月薪36,996~48,000元",無需出差外派,台中市北區忠明路424號8F之1,"https://maps.google.com.tw/?q=%E7%91%9E%E6%80%9D%E8%B3%87%E8%A8%8A%E8%82%A1%E4%BB%BD%E6%9C%89%E9%99%90%E5%85%AC%E5%8F%B8@24.1627113,120.669397&z=17",瑞思資訊股份有限公司
https://www.104.com.tw/job/8a13n?app_jobsource=m_time4jobs&jobsource=new_map,廠務助理,"1. 製程開工/生產準備文件/領料、收料對點/廠務文書作業流程/ERP系統作業
2.協助主管巡查現場進度和作業品質、不良品數量匯整
3.協助模具儲位&模具維修進度達成率&模具移轉事宜
4.產線消耗品/油品申請購
5.生產線人員出勤回報,未填寫,Excel、Outlook、PowerPoint、Word、鼎新、鼎基 ERP
提升專業能力
提升專業能力,文件收發與檔案管理、文書處理╱排版能力、行政事務處理、電話接聽與人員接待事項、文件或資料輸入建檔處理、文件檔案資料處理、轉換及整合工作","行政助理
、資訊助理
、廠務助理","月薪30,000~32,000元",無需出差外派,台中市大里區工業十一路111號,"https://maps.google.com.tw/?q=%E9%A6%A5%E6%B0%91%E5%AF%A6%E6%A5%AD%E8%82%A1%E4%BB%BD%E6%9C%89%E9%99%90%E5%85%AC%E5%8F%B8@24.0992417,120.7185642&z=17",馥民實業股份有限公司
https://www.104.com.tw/job/8pzvf?app_jobsource=m_time4jobs&jobsource=new_map,MIS系統工程師-線上面試,"【工作內容】
1. 伺服器機房Server、Storage類型設備管理、操作、維護。
2. 負責公司內部系統、Services維護，問題排除。
3. 具有設備架構優化之能力。
4. Windows AD及Server、Linux、OSX...等系統基本維護、操作，懂得利用網路資訊及工具解決問題。
5. 公司電腦安裝維護，簡易網路問題排除，User問題解決
6. 雲端架構(GCP/AWS)的佈署與維護。
7. 日常維護FortiGate等防火牆規則，處理資安事件。
8. 執行主管交辦事項與資訊行政業務。




【休假制度】
周休二日
依公司配合開新發項目時,會特殊事情會需要加班,加班費照遵照勞基法給予,不拘,CSS、PHP、JavaScript、HTML、MySQL
提升專業能力
提升專業能力,軟體程式設計、資料庫程式設計、系統架構規劃、網路程式設計","網路管理工程師
、資訊設備管制人員
、系統工程師","月薪40,000~70,000元",無需出差外派,台中市北區中清路一段100號10樓之5,"https://maps.google.com.tw/?q=%E7%97%9E%E5%AE%A2%E7%A7%91%E6%8A%80%E6%9C%89%E9%99%90%E5%85%AC%E5%8F%B8@24.1536484,120.677503&z=17",痞客科技有限公司
https://www.104.com.tw/job/8d381?app_jobsource=m_time4jobs&jobsource=new_map,"系統工程師, 資料庫管理人員, MIS工程師, 網路系統工程師, 網路管理工程師, 電腦系統分析師, 資訊安全分析師","1. 虛擬主機架構、伺服器、AD、電子郵件、資安防護等系統規劃、建置、維運與故障排除
2. 防火牆、網路監控、資料備份、災難演練及安全控管等作業
3. 使用者電腦操作及軟硬問題排除，資訊資產盤點與維護管理
4. 資訊安全教育訓練，資安宣導規劃與例行


本職位負責公司網路系統的規劃、設計、建置、維護和故障排除等工作，是公司信息化建設的核心職位，未來發展潛力巨大。
歡迎符合要求的候選人申請此職位，期待您的加入。,不拘,不拘,不拘","資料庫管理人員
、網路管理工程師
、資安工程師",時薪190元以上,依公司規定,台中市東區六順路109號,"https://maps.google.com.tw/?q=%E9%82%91%E6%96%B9%E9%86%AB%E7%99%82%E5%99%A8%E6%9D%90%E4%BC%81%E6%A5%AD%E7%A4%BE@24.1254268,120.700062&z=17",邑方醫療器材企業社
https://www.104.com.tw/job/8mxph?app_jobsource=m_time4jobs&jobsource=new_map,D4000 共用服務JAVA後端工程師,"我們正在尋找數位熱情且富有創造力的JAVA程式設計師加入我們的購物網站團隊。作為一個快速成長的電子商務平台，我們致力於提供優質的購物體驗，並將技術應用於創新和發展。如果你熱愛技術並希望參與構建一個成功的電子商務平台，這是一個絕佳的機會。

【工作職責】
1. 主要開發與維護網站系統/內部營運平台
2. 分析設計和開發，持續程式碼和系統性能優化
3. 純後端API功能串接開發
4.高流量、高併發的模組功能開發
5.日常系統維運作業，進階工作負責架構規劃與需求分析



【技術要求】
1. 熟練掌握Java編程語言及相關框架，如Spring、Spring MVC、Spring Boot、Hibernate等框架，具有豐富的開發經驗，並能夠應用到大型項目中。
2. 能夠設計並開發高效、可靠的 Java 應用程序，並且熟練應用各種 Java 相關的工具和框架。
3. 具備良好的數據結構和演算法知識，能夠有效地優化系統性能。


【加分項目】
1. 具有 Docker 和 Kubernetes 使用和管理經驗
2. 熟悉SQL語法且具備Oracle、Postgre、mongoDB使用經驗
3. 熟悉微服務架構和相關的設計和實施。
4. 對於 GCP 雲端服務有實際使用經驗，如 GCE、GKE、Cloud Pub/Sub 等。,不拘,不拘,不拘","軟體工程師
、後端工程師",待遇面議,無需出差外派,台中市北屯區文心路四段955號9樓(近四維國小站),"https://maps.google.com.tw/?q=%E5%AF%8C%E9%82%A6%E5%AA%92%E9%AB%94%E7%A7%91%E6%8A%80%E8%82%A1%E4%BB%BD%E6%9C%89%E9%99%90%E5%85%AC%E5%8F%B8(%E5%AF%8C%E9%82%A6momo)@24.1711371,120.6953441&z=17",富邦媒體科技股份有限公司(富邦momo)
https://www.104.com.tw/job/8uhit?app_jobsource=m_time4jobs&jobsource=new_map,中華電信子公司-系統工程師(台中) -E,"1.協助專案進行設備建置與日常維運管理作業，包含系統平臺、網路設備、2.機房維運等
其他現場交派事項
3.5*8上班日及下班時段、例假日緊急支援,不拘,不拘,不拘","系統工程師
、網路管理工程師",待遇面議,無需出差外派,台中市西區民生路168號,"https://maps.google.com.tw/?q=%E4%B8%AD%E8%8F%AF%E9%9B%BB%E4%BF%A1%E5%AD%90%E5%85%AC%E5%8F%B8_%E5%AE%8F%E8%8F%AF%E5%9C%8B%E9%9A%9B%E8%82%A1%E4%BB%BD%E6%9C%89%E9%99%90%E5%85%AC%E5%8F%B8@24.145066,120.667645&z=17",中華電信子公司_宏華國際股份有限公司
https://www.104.com.tw/job/4sf8z?app_jobsource=m_time4jobs&jobsource=new_map,程式設計師-B90B,"-【工作內容描述】
1. 負責專案開發與維護
2. 具備Java開發經驗，瞭解並有使用過 SQL、javascript 的使用經驗
3. 程式設計與撰寫
4. 程式單元測試
5. 協助系統整合測試
6. 撰寫具備Java web application經驗

-【如果你還有這些加分條件】
1. 有學習熱忱及工作熱忱、細心、抗壓力強。
2.配合專案營運狀況，能機動性加班。

-【任職三個月內需通過內部考核】,不拘,Java、JSP、Tomcat、JavaScript
提升專業能力
提升專業能力,系統整合分析、軟體工程系統開發、軟體程式設計","軟體工程師
、Internet程式設計師
、MIS程式設計師","月薪35,000~40,000元",無需出差外派,台中市北區太原路一段532號11樓,"https://maps.google.com.tw/?q=%E5%8F%B0%E7%81%A3%E8%B3%87%E6%9C%8D%E7%A7%91%E6%8A%80%E8%82%A1%E4%BB%BD%E6%9C%89%E9%99%90%E5%85%AC%E5%8F%B8@24.1648931,120.673485&z=17",台灣資服科技股份有限公司
https://www.104.com.tw/job/8hmaj?app_jobsource=m_time4jobs&jobsource=new_map,資訊人員,"【工作內容】
公司POS、內部商品盤點系統建構。

【專業需求】
1、程式語言與工具：
PHP 程式開發、設計、維護。
熟悉 PHP Laravel 框架、 Laradock使用
熟練使用 Docker、Docker-composer 進行開發與部署
2、資料庫技術：
熟練使用 MySQL，具備資料庫設計與優化能力。
3、系統與版本控制：
熟悉 Linux 系統操作，具備良好的系統管理能力。
熟悉 Git 版本控制。
4、前端技術：
基本HTML5、CSS3、javascript、jquery、boostrap使用 
5、第三方服務整合：
有整合第三方服務的實務經驗，熟悉常見的 API 串接方法。
有串接藍新、綠界等金流實務經驗者優先
6、問題解決能力：
具備專案開發，系統架構規劃能力。

【加分條件】
有銷貨盤點、pos結帳等相關系統開發維護經驗尤佳,不拘,PHP、MySQL
提升專業能力
提升專業能力,規劃與管理防火牆","MIS程式設計師
、網路管理工程師
、資訊設備管制人員","月薪35,000元以上",無需出差外派,台中市東區東英八街38號1樓,"https://maps.google.com.tw/?q=Mallothi_%E5%B7%9D%E7%9B%AE%E5%9C%8B%E9%9A%9B%E6%9C%89%E9%99%90%E5%85%AC%E5%8F%B8@24.1414092,120.7040958&z=17",Mallothi_川目國際有限公司
https://www.104.com.tw/job/8qlex?app_jobsource=m_time4jobs&jobsource=new_map,"Flutter / React Native 程式開發工程師 / Android, iOS","1.負責APP程式開發與發布
2.與開發團隊配合執行專案APP之開發、維護及後續優化
3.介接API、串接數據、socket等
4.協助研發軟體新技術與計有APP優化更新
5.編寫開發期間技術文件

本職位需要有熟悉程式開發技術的人才，對於APP開發有興趣的人可以在這裡大展身手，此職位具有良好的發展前景。
歡迎有相關工作經驗或對本職位有興趣者前來應徵。,不拘,不拘,不拘","Android工程師
、iOS工程師
、後端工程師",時薪190元以上,依公司規定,台中市東區六順路109號,"https://maps.google.com.tw/?q=%E9%82%91%E6%96%B9%E9%86%AB%E7%99%82%E5%99%A8%E6%9D%90%E4%BC%81%E6%A5%AD%E7%A4%BE@24.1254268,120.700062&z=17",邑方醫療器材企業社
https://www.104.com.tw/job/8irvg?app_jobsource=m_time4jobs&jobsource=new_map,系統分析師-B90B,"1. 為專案型工作，工作內容包含：參與需求訪談、系統分析及設計。
2. 技術需求：JSP 網站開發技術、Java 開發技術及資料庫等。 
3. 具備2年以上JAVA網站架構專案之系統分析/程式設計經驗
．熟悉 J2EE框架，包含Http運作原理及servlet及jsp。 
．熟悉SQL語法，能協助程式設計師分析資料源。,不拘,不拘,不拘","軟體工程師
、MIS程式設計師
、系統分析師",待遇面議,需出差，一年累積時間約一個月以下,台中市北區太原路一段532號11樓,"https://maps.google.com.tw/?q=%E5%8F%B0%E7%81%A3%E8%B3%87%E6%9C%8D%E7%A7%91%E6%8A%80%E8%82%A1%E4%BB%BD%E6%9C%89%E9%99%90%E5%85%AC%E5%8F%B8@24.1648931,120.673485&z=17",台灣資服科技股份有限公司
https://www.104.com.tw/job/8p8l9?app_jobsource=m_time4jobs&jobsource=new_map,Java軟體開發工程師,"【工作內容】
1. Java Web 前、後端程式撰寫。
2. 負責軟體架構設計以及程式撰寫。
3. 規劃執行軟體架構及模組之設計，並控管軟體設計進度。
4. 進行軟體之測試與修改。
5. 協助研發軟體新技術與新工具。
6. 撰寫開發設計文件。
7. 協助研發軟體新技術與新工具導入
8. 例行Code review 及檢討。
9. 自動化部署與維護。

【必要條件】
1. 具4年以上Java軟體實務開發經驗。
2. 高併發、大數據性能、安全等有良好開發經驗。
3. 熟悉RESTful API設計以及ELK使用經驗。
4. 熟悉消息中間件框架和分散式緩存框架:Redis, RabbitMQ等。
5. 熟悉Git 版本控制工具。
6. 熟悉Tomcat、JDBC 等架構。
7. 具備Unit Test、API Test 撰寫經驗。
8. 熟悉後端設計架構、遵守開發流程及規範。

【加分條件】
1. 資安領域開發相關經驗。
2. 具有 Docker 和 Kubernetes 使用和管理經驗，熟悉微服務架構和相關的設計和實施。
3. 有設計和建構 ELK 和 Grafana 監控系統的經驗。,不拘,不拘,不拘",軟體工程師,"月薪55,000~80,000元",無需出差外派,台中市北區忠明五街9號,"https://maps.google.com.tw/?q=%E6%8B%93%E9%9B%B2%E8%B3%87%E7%A7%91%E8%82%A1%E4%BB%BD%E6%9C%89%E9%99%90%E5%85%AC%E5%8F%B8@24.1640771,120.6676205&z=17",拓雲資科股份有限公司
https://www.104.com.tw/job/6cpw5?app_jobsource=m_time4jobs&jobsource=new_map,韌體設計工程師（台中）,"1. 熟悉OS/RTOS，對Linux/uCoS熟悉尤佳
2. 熟悉C語言
3. MCU 開發及測試 bootloader, Linux driver, SDK, 維護及優化 RTOS, 測試 IC 及 FPGA,未填寫,不拘,不拘",韌體工程師,待遇面議,無需出差外派,台中市北屯區,"https://maps.google.com.tw/?q=%E5%A4%A9%E6%93%8E%E7%A9%8D%E9%AB%94%E9%9B%BB%E8%B7%AF%E8%82%A1%E4%BB%BD%E6%9C%89%E9%99%90%E5%85%AC%E5%8F%B8@24.1815237,120.6861019&z=17",天擎積體電路股份有限公司
https://www.104.com.tw/job/8qjyr?app_jobsource=m_time4jobs&jobsource=new_map,"應用程式開發工程師, APP, iOS, Android, IoT","1. 負責應用程式的開發與維護
2. 撰寫單元測試
3. 專案APP開發
4. 修正軟體錯誤
5. 根據產品需求進行分析、優化，提升App質量、性能及用戶體驗
6. 透過API與後端進行資料介接
7. 改善App架構及性能最佳化，並加入unit test及ui test，以確保App品質
8. 根據問題進行解決的可行性做分析與研究，向團隊推薦解決方案。

工程師在現今科技產業中扮演著重要的角色，未來發展前景看好。此職位是公司未來發展的重要環節，歡迎有相關背景的人士加入我們的團隊。

歡迎有相關經驗及技能的申請者加入我們的團隊，請投遞您的履歷並表達對此職位的興趣。,不拘,不拘,不拘","Android工程師
、iOS工程師
、全端工程師","月薪29,000元以上",無需出差外派,台中市東區六順路109號,"https://maps.google.com.tw/?q=%E9%82%91%E6%96%B9%E9%86%AB%E7%99%82%E5%99%A8%E6%9D%90%E4%BC%81%E6%A5%AD%E7%A4%BE@24.1254268,120.700062&z=17",邑方醫療器材企業社
https://www.104.com.tw/job/8d382?app_jobsource=m_time4jobs&jobsource=new_map,資訊產品研發人員,"1. 負責公司的業務運營，確保日常運作順暢。
2. 與其他部門協調，確保產品生產和服務提供符合公司要求。
3. 監督庫存，確保產品庫存充足。
4. 制定和實施營運計劃，以確保公司的長期發展。
5. 管理員工，確保他們的工作表現達到公司的期望。
6. 處理公司的日常產品事務。

營運管理師將負責公司的業務運營，並確保公司的日常運作順暢。這個職位在公司中具有關鍵性，因為他們的工作直接影響到公司的獲利和發展前景。
如果您符合要求且對該職位感興趣，我們歡迎您申請此職位。,不拘,不拘,專案管理架構及專案說明、專案規劃執行╱範圍管理、專案溝通╱整合管理、專案成本╱品質╱風險管理、專案時間╱進度控管","軟體專案管理師
、營運管理師／系統整合／ERP專案師
、軟體助理工程師","月薪29,500元以上",無需出差外派,台中市東區六順路109號,"https://maps.google.com.tw/?q=%E9%82%91%E6%96%B9%E9%86%AB%E7%99%82%E5%99%A8%E6%9D%90%E4%BC%81%E6%A5%AD%E7%A4%BE@24.1254268,120.700062&z=17",邑方醫療器材企業社
https://www.104.com.tw/job/8sicb?app_jobsource=m_time4jobs&jobsource=new_map,產業應用開發課-軟體工程師,"1.依專案或客戶需求進行程式開發與測試
2.開發與維護iOS與Android雙平台APP或其它輔助應用程序
3.系統安裝、維護與功能更新
4.文件撰寫
5.專案支援
6.主管交辦事項,不拘,iOS、Android、C#
提升專業能力
提升專業能力,軟體程式設計、軟體工程系統開發、系統架構規劃、系統整合分析、軟體品質與保證","軟體工程師
、軟體助理工程師
、軟體專案管理師",待遇面議,需出差，一年累積時間約一個月以下,台中市潭子區南二路16之1號,"https://maps.google.com.tw/?q=%E5%84%84%E5%A8%81%E9%9B%BB%E5%AD%90%E7%B3%BB%E7%B5%B1%E8%82%A1%E4%BB%BD%E6%9C%89%E9%99%90%E5%85%AC%E5%8F%B8@24.217386,120.7028094&z=17",億威電子系統股份有限公司
https://www.104.com.tw/job/6g3bc?app_jobsource=m_time4jobs&jobsource=new_map,資深Java程式設計講師-台中三民認證中心,"【業界經驗】有獨立完成Java程式設計專案開發經驗7年以上。
【授課經驗】具備一年以上教學經驗尤佳，若無則需準備教材試教以確認教學能力。
【專業證照】具備OCPJP國際認證及相關作品尤佳。,不拘,Android、Java、Python、Spring、Kotlin、JDBC、MySQL
提升專業能力
提升專業能力,軟體程式設計","電腦補習班老師
、軟體工程師
、講師","時薪400~1,200元",依公司規定,台中市北區三民路三段112號5樓,"https://maps.google.com.tw/?q=%E8%81%AF%E6%88%90%E9%9B%BB%E8%85%A6%E8%82%A1%E4%BB%BD%E6%9C%89%E9%99%90%E5%85%AC%E5%8F%B8(%E8%81%AF%E6%88%90%E9%9B%BB%E8%85%A6%2F%E8%81%AF%E6%88%90%E5%A4%96%E8%AA%9E)@24.1496394,120.6842319&z=17",聯成電腦股份有限公司(聯成電腦/聯成外語)
https://www.104.com.tw/job/8ouu0?app_jobsource=m_time4jobs&jobsource=new_map,Senior Backend Engineer 資深後端工程師（Python）台中,"我們正在開發一套基於 Home Assistant/KNX/Homekit核心的 MAX'Is 平台，後端採用 Python ，部署於 AWS 雲端，整合 Flutter 前端 App。將參與整個後端架構設計與實作，打造一套穩定、模組化且易於擴充的 AioT 控制平台。

主要工作內容包含：
1.與 Home Assistant 平台深度整合建構服務器（透過 REST API / WebSocket / MQTT）。
2.使用xKNX建構服務器，可跟KNX設備整合。
3.需整合HAP-python（公司有加入Apple MFi 計畫）
4.整合 MQTT/ REST API訊息服務與裝置事件推送機制。
5.資料庫開發設計（PostgreSQL / MySQL / DynamoDB 任一種）
6.部署與監控服務於 AWS（EC2 / ECS / S3 ...等）。
7.撰寫API技術開發文件（ 使用Apidog ）。

必備技能：
• 熟悉 Python 3.x，具備使用 FastAPI / Flask 等框架實作 API 經驗
• 熟悉 RESTful API 設計與實作，具備 JWT / OAuth2 認證實作經驗
• 熟悉GitLab 等版本控制平台
• 熟悉AWS
• 具備 Linux 環境下部署與網路設定能力

未來上班地點：台中市西屯區市政北七路98號30樓
備註：需要有5年以上後端開發經驗和iOT產業經驗才錄取,不拘,Python、PostgreSQL、AWS、MySQL、Git、Jenkins、Node.js、Linux、IoT
提升專業能力
提升專業能力,資料庫程式設計、系統架構規劃",後端工程師,"月薪70,000~150,000元",無需出差外派,台中市大里區夏元路6號,"https://maps.google.com.tw/?q=%E7%91%9E%E5%8F%B8%E6%99%BA%E6%85%A7%E6%95%B4%E5%90%88%E8%82%A1%E4%BB%BD%E6%9C%89%E9%99%90%E5%85%AC%E5%8F%B8@24.0910696,120.6785364&z=17",瑞司智慧整合股份有限公司
https://www.104.com.tw/job/8vbin?app_jobsource=m_time4jobs&jobsource=new_map,遊戲前端開發工程師(Cocos2d-x Game Developer),"1.參與遊戲功能模組的開發與迭代更新，實現核心玩法邏輯與 UI 互動效果。
2.配合前端組長完成技術方案實現，確保程式碼效能與可維護性。,不拘,C++、iOS
提升專業能力
提升專業能力,遊戲開發、系統架構規劃、軟體工程系統開發、軟體程式設計","軟體工程師
、全端工程師
、遊戲工程師","月薪50,000~75,000元",無需出差外派,台中市北區民權路559號10樓之3 (鴻運金企業大樓),"https://maps.google.com.tw/?q=%E6%84%9B%E5%8B%9D%E7%A7%91%E6%8A%80%E6%9C%89%E9%99%90%E5%85%AC%E5%8F%B8@24.1618387,120.6702905&z=17",愛勝科技有限公司
https://www.104.com.tw/job/81zdq?app_jobsource=m_time4jobs&jobsource=new_map,MIS資訊人員(忠明校區),"1. 資訊.資工相關科系畢業尤佳。
2. 具備良好的溝通和協調能力，能與其他部門人員協調工作，溝通需求和解決問題。
3. 校園電腦軟、硬體維護及管理。
4. 協助各單位處理電腦網路相關問題排除。
5. 其他臨時支援與交辦事項。
6.高EQ及危機處理能力
7.具溝通協調與團隊合作能力，有高度服務熱忱、工作企圖心,不拘,MS SQL、Excel、PowerPoint、Word
提升專業能力
提升專業能力,伺服器網站管理維護、作業系統基本操作、資料備份與復原、電腦設備裝配、資訊設備操作檢修、資訊設備環境設定、系統架構規劃與維護、網路系統配置、網路設備設定安裝","資訊設備管制人員
、資料庫管理人員
、資訊助理","月薪28,590~39,000元",無需出差外派,台中市北區,"https://maps.google.com.tw/?q=%E8%87%BA%E4%B8%AD%E5%B7%BF%E7%A7%81%E7%AB%8B%E8%91%B3%E6%A0%BC%E5%B9%BC%E5%85%92%E5%9C%92@24.1573171,120.6832556&z=17",臺中巿私立葳格幼兒園
https://www.104.com.tw/job/7h71z?app_jobsource=m_time4jobs&jobsource=new_map,C# 軟體工程師,"【工作內容】
1. 負責軟體之分析、設計以及程式撰寫。
2. 規劃執行軟體架構及模組之設計。
3. 進行軟體之測試與修改。
4. 規劃、執行與維護量產的產品。
5. 協助研發軟體新技術與新工具。

【工作技能】
1. 熟悉 C# / ASP.NET MVC / API 開發
2. 熟悉 MS SQL / MySQL
3. 熟悉 Git

加分條件
1.有ERP、製程管理開發經驗者佳
2.有影像軟體開發經驗者佳
3.有AI產品整合經驗者佳
4.有軟體專案整合經驗者佳,未填寫,Git、ASP.NET、C#、MS SQL、MySQL
提升專業能力
提升專業能力,軟體程式設計、網路程式設計","Internet程式設計師
、軟體工程師
、MIS程式設計師","月薪30,000~46,000元",無需出差外派,台中市北屯區文心路四段81號5樓之2,"https://maps.google.com.tw/?q=%E5%8A%9B%E5%AD%B8%E8%82%A1%E4%BB%BD%E6%9C%89%E9%99%90%E5%85%AC%E5%8F%B8@24.1742468,120.6727036&z=17",力學股份有限公司
https://www.104.com.tw/job/786dw?app_jobsource=m_time4jobs&jobsource=new_map,演算法開發工程師,"1.醫學影像檢測演算法開發與驗證。
2.產品功能技術評估。
3.稽核與技術文件撰寫。
4.其他主管交辦任務。,不拘,C#、C++、Python、Excel、PowerPoint、Word
提升專業能力
提升專業能力,不拘",演算法工程師,待遇面議,無需出差外派,台中市大里區工業九路118號4樓,"https://maps.google.com.tw/?q=%E9%82%A6%E7%9D%BF%E7%94%9F%E6%8A%80%E8%82%A1%E4%BB%BD%E6%9C%89%E9%99%90%E5%85%AC%E5%8F%B8@24.0988511,120.7169482&z=17",邦睿生技股份有限公司
https://www.104.com.tw/job/8c8cv?app_jobsource=m_time4jobs&jobsource=new_map,【雲端維運部】DevOps 主任工程師,"【工作職責】
● 產品維運
-維持產品營運環境服務穩定、可靠。
-監控、告警系統建置並持續關注異常，盡速排除。
-須配合值班輪調。
 
● 研發協作
-與研發團隊溝通，提供雲服務使用建議及資源成本控管。
-提供穩定開發環境，確保開發人員能專注於業務邏輯開發。
-確保服務錯誤處理流程完善，發生異常能快速查明問題並恢復系統運作。
-規劃自動化交付流程 (CI、CD) 並持續優化。
 
● 雲端環境管理
-環境管理腳本化 (IaC)，確保能快速且正確的建置新環境。
-規劃災難處理流程，確保日常資料異地備分、備援機制穩定運作。
-持續關注成本，定期檢視並配置合適的雲服務資源。

● 人員指導
-工作分配及日常專業操作指導。
-持續型工作的 SOP 制定與文件撰寫、管理。
-定期進行團隊工作效率檢視與問題檢討。

【其他條件】
●網路設定及資安防護
●資料備份與服務備援
●監控告警
●成本管理
●容器化管理 (K8S 為主)
●雲服務操作及管理 (GCP 為主)
●Serverless 與分散式服務規劃、配置經驗
●CI、CD 建置與規劃經驗
●團隊協作與溝通協調能力,不拘,Linux、Jenkins
提升專業能力
提升專業能力,不拘","MIS程式設計師
、網路管理工程師
、Internet程式設計師","月薪50,000~85,000元",無需出差外派,台中市北區健行路356號,"https://maps.google.com.tw/?q=%E5%90%91%E4%B8%8A%E9%9B%86%E5%9C%98_%E5%90%91%E4%B8%8A%E5%9C%8B%E9%9A%9B%E7%A7%91%E6%8A%80%E8%82%A1%E4%BB%BD%E6%9C%89%E9%99%90%E5%85%AC%E5%8F%B8@24.159315,120.683007&z=17",向上集團_向上國際科技股份有限公司
https://www.104.com.tw/job/82guh?app_jobsource=m_time4jobs&jobsource=new_map,《身心障礙人才招募專區》,"1.為增加身障朋友就業機會，設立此身心障礙人才招募專區，歡迎對本公司職缺有興趣且持有身心障礙手冊的朋友主動投遞履歷  。
2.有意應徵者請先以104系統投遞履歷，視個人學經歷媒合職缺，如有合適職務，將主動與您聯繫。(不合適者恕不另行通知)
3.其他工作機會若符合身障朋友專長或興趣，可主動投遞履歷表應徵，以增加面試機會。
4.工作地點:台中。
5.薪資依據分派之職缺、專業能力、工作屬性、過往學經歷等條件核薪。,不拘,不拘,不拘","產品企劃
、遊戲工程師
、美術設計","月薪30,000元以上",無需出差外派,台中市北區健行路360號,"https://maps.google.com.tw/?q=%E5%90%91%E4%B8%8A%E9%9B%86%E5%9C%98_%E5%90%91%E4%B8%8A%E5%9C%8B%E9%9A%9B%E7%A7%91%E6%8A%80%E8%82%A1%E4%BB%BD%E6%9C%89%E9%99%90%E5%85%AC%E5%8F%B8@24.1594609,120.68302&z=17",向上集團_向上國際科技股份有限公司
https://www.104.com.tw/job/600ye?app_jobsource=m_time4jobs&jobsource=new_map,ERP系統服務專員（台中）,"負責各家公司ERP系統之導入、教育訓練及售後服務等工作，能協助各種不同產業別的企業完成標準化流程規劃，具財會或企管相關背景，學習或操作過ERP系統經驗者尤佳。

1.協助客戶進行電腦設備ERP系統軟體及MS SQL軟體安裝
2.透過電話或網路排除客戶端問題、ERP系統軟體及專案程式產品的售後服務
3.ERP系統軟體的上線教育訓練課程講師
4.ERP系統軟體程式之調整，更新、維護修正
5.MS SQL資料庫的管理維護
6.ERP系統軟體問題處理與需求分析
7.客戶端ERP系統軟體協助顧問導入服務
8.客戶需求與產品規劃討論
9.ERP系統軟體產品的使用說明書編寫

若您對企業管理流程有興趣，喜歡挑戰煩雜的製造業成本原理，本身又超愛學習新事務，不喜歡一成不變的工作，這是您最佳的轉職良機，歡迎喜歡學習及挑戰新事務的應屆畢業生或具高度工作挑戰意願的職場達人，加入我們的行列！,企管、會計、資訊 相關商科系畢業 
具ERP客服實務工作經驗者尤佳 
備汽機車駕照

-擁有資訊相關學歷背景
- 熟悉微軟作業系統，Office文書軟體等
- 具溝通能力及工作安排配合度佳
- 具備問題解決的能力
- 具有網路維護、系統管理及故障排除相關經驗或證照優先錄取
- 歡迎對電腦資訊問題處理及學習有高度興趣者投遞,天心資訊、Word、Outlook、Excel、Windows 7
提升專業能力
提升專業能力,負責文件更新、發行、審核與跟催作業、會計核算和帳務處理、會計或審計專業知識、結帳作業與帳務處理、規劃檢討會計作業流程、分析管理會計資訊、編制財務報告、財務報表製作、專案管理架構及專案說明、專案溝通╱整合管理、專案規劃執行╱範圍管理","資訊助理
、財務分析／財務人員
、顧問","月薪33,000~40,000元",無需出差外派,台中市北區崇德路一段631號5樓1之1,"https://maps.google.com.tw/?q=%E5%A4%A9%E5%BF%83%E8%B3%87%E8%A8%8A%E9%96%8B%E7%99%BC%E8%82%A1%E4%BB%BD%E6%9C%89%E9%99%90%E5%85%AC%E5%8F%B8@24.1674676,120.6850885&z=17",天心資訊開發股份有限公司
https://www.104.com.tw/job/8qjyq?app_jobsource=m_time4jobs&jobsource=new_map,"行動裝置App工程師, iOS, Android","負責公司 App, IoT 產品的開發、上架、更新及維護；完成產品相關的設計、開發和測試工作，並依需求不斷更新；根據視覺設計及PM提供的材料能夠優化產品的用戶操作體驗；理解版本控制更新機制，熟悉版本發佈和測試流程；參與業務需求討論，配合團隊協同工作完成相關任務目標；完成主管交辦事項。

本職位是公司開發團隊中不可或缺的一份子，具有良好的前景和發展潛力。
我們誠摯地邀請您加入我們的團隊，如果您符合以上要求，歡迎申請此職位。,不拘,不拘,不拘","iOS工程師
、Android工程師
、軟體工程師",時薪190元以上,依公司規定,台中市東區六順路109號,"https://maps.google.com.tw/?q=%E9%82%91%E6%96%B9%E9%86%AB%E7%99%82%E5%99%A8%E6%9D%90%E4%BC%81%E6%A5%AD%E7%A4%BE@24.1254268,120.700062&z=17",邑方醫療器材企業社
https://www.104.com.tw/job/8uqi4?app_jobsource=m_time4jobs&jobsource=new_map,軟體工程師,"1.負責軟體之分析、設計以及程式撰寫。
2.規劃執行軟體架構及模組之設計，並控管軟體設計進度。
3.進行軟體之測試與修改。
4.規劃、執行與維護量產的產品。
5.協助研發軟體新技術與新工具。
們正在尋找熱愛挑戰、具備C++與Qt專業技能的全端軟體工程師，加入我們的技術團隊，參與無人機地面站的核心開發工作。此職位將負責前端操作介面與後端系統邏輯的設計與實作，並整合無人機飛行事件管理功能，打造高效且智慧化的無人機系統。,不拘,不拘,軟體程式設計、軟體工程系統開發、結構化程式設計、系統架構規劃",軟體工程師,待遇面議,無需出差外派,台中市北屯區崇德路二段16號4樓,"https://maps.google.com.tw/?q=%E7%BF%94%E5%AE%87%E5%8B%95%E5%8A%9B%E7%A7%91%E6%8A%80%E8%82%A1%E4%BB%BD%E6%9C%89%E9%99%90%E5%85%AC%E5%8F%B8@24.1688092,120.6856694&z=17",翔宇動力科技股份有限公司
https://www.104.com.tw/job/8u81t?app_jobsource=m_time4jobs&jobsource=new_map,資料庫工程師,"1.資料庫規劃設計、安裝建置及維運管理。
2.資料庫空間容量規劃及效能優化與調校。
3.提供諮詢並處理使用者使用資料庫問題。
4.資料庫監控及異常分析處理。
5.資料庫升級及Patch或SP更新。
6.資料庫相關新技術評估及導入。
7.資料庫備份、HA及DR規劃建置、管理及演練。,不拘,不拘,不拘",資料庫管理人員,待遇面議,需出差，一年累積時間約一個月以下,台中市北屯區文心路四段696號23樓之2(距捷運文心崇德站約250公尺),"https://maps.google.com.tw/?q=%E6%98%B1%E8%AA%A0%E6%99%BA%E8%83%BD%E6%9C%8D%E5%8B%99%E8%82%A1%E4%BB%BD%E6%9C%89%E9%99%90%E5%85%AC%E5%8F%B8@24.1716088,120.6873763&z=17",昱誠智能服務股份有限公司
https://www.104.com.tw/job/7uvmi?app_jobsource=m_time4jobs&jobsource=new_map,後端工程師 Senior Backend Engineer,"1. 有 Golang  開發經驗。
2. 具備 RESTful API 設計及實作經驗與後端 API 開發經驗
3. 熟悉gin、grpc、
4. 熟悉Docker、K8S
5. 熟悉 SQL 資料庫。
6. 與前端工程師協作，開發網頁前端互動功能
7. 擁有良好的代碼習慣，要求結構清晰，命名規範，邏輯性強，代碼冗餘率低。
8. 熟悉Git版控。
9. 具備團隊合作的精神、正面且專業的態度及強烈的責任心,【加分項目】
1. 有大型系統開發經驗,Go、MySQL
提升專業能力
提升專業能力,軟體程式設計",軟體工程師,待遇面議,無需出差外派,台中市北區忠明路424號8F之1,"https://maps.google.com.tw/?q=%E7%91%9E%E6%80%9D%E8%B3%87%E8%A8%8A%E8%82%A1%E4%BB%BD%E6%9C%89%E9%99%90%E5%85%AC%E5%8F%B8@24.1627113,120.669397&z=17",瑞思資訊股份有限公司
https://www.104.com.tw/job/8s7es?app_jobsource=m_time4jobs&jobsource=new_map,網頁前端工程師 【保障年薪14個月】,"【 About  Us 】
廣告行銷產業變動快速，是具備高度競爭力的產業。我們的團隊節奏快，管理風格扁平、重視團隊合作與溝通協作，歡迎有挑戰精神的您加入我們的團隊，共同在資訊洪流中展穩腳步並且茁壯成長！

【網頁前端工程師】打造高效能、可維護的使用者體驗！
我們正在尋找一位具備前端框架開發經驗、專注於效能優化的網頁前端工程師，與設計、後端密切合作，實現頂尖的使用者體驗。

【工作內容 / 你將負責】
◤ 前端開發技術與框架應用
   熟悉前端框架與模組化開發，撰寫具備可維護性與可擴充性的程式碼。
   理解瀏覽器渲染流程，能針對效能瓶頸進行技術優化與問題解除。
   熟悉 JavaScript 模組化、打包工具與優化前端程式碼開發。
◤ 網頁效能優化與使用者體驗提升
   能獨立執行網站效能分析與優化，改善載入速度與互動性。
   針對核心網頁體驗指標（LCP、CLS、INP）進行優化與調校。
   熟練圖片壓縮、資源懶加載（Lazy Loading）等網站前端效能最佳化。
◤ 瀏覽器渲染與性能理解
   了解瀏覽器的渲染機制與資源加載流程。
◤ 跨部門協作
   與切版師協同整合RWD視覺畫面
   與後端工程師協同整合 API 與資料處理，提升網站系統整體效能。

【必備技能 / 我們希望你】
◆ 熟悉 HTML、CSS、JavaScript 並具備前端框架實作經驗。
◆ 熟悉 ES Modules、Component-based 結構設計
◆ 熟用 Tailwind、Bootstrap 或自製元件系統
◆ 了解瀏覽器渲染流程，熟練圖片壓縮、資源懶加載、JS 分包。
◆ 能獨立debug網站前端相關問題，且有實際改善網站效能案例者佳。
◆ 具備高度自律與主動性，能自主管理進度與品質。
◆ 積極學習：持續吸收前端新技術與效能優化知識。

【加分技能】
◇ 具備 CDN 資源快取調整經驗。
◇ 熟悉前端框架提升 SEO 結構化與使用者體驗。
◇ Next.js
◇ Vue
◇ PHP

【你會喜歡這裡，因為我們】
☆ 重視創意與溝通，尊重每個人的專業與聲音。
☆ 我們重視效率，追求成果勝過加班時數。
☆ 我們提倡員工自主性，鼓勵成員在工作中主動思考並持續成長。
☆ 鼓勵開放討論與積極回饋，任何人都可以提出好點子。
☆ 成果導向：您的努力會被看見。在這裡，回報與表現成正比。
☆ 鼓勵成員持續學習新知與優化流程，一起進化不間斷。
☆ 只要你對職涯有積極成長的規劃與期待，我們非常樂意提供舞台與機會。

★具競爭力的公司福利★
◇固定年終獎金2個月
◇三節禮金
◇生日禮金
◇每年穩定調薪
◇每年享有12天(以上)特休+不扣薪病假5天
◇不定期部門聚餐
◇團康活動(運動類、益智桌遊、藝術創作)
◇員工活動

★成為正式員工額外享有★
◇一年2次績效考核獎金
◇員工團體保險
◇年度健康檢查
◇健身房補助方案,不拘,HTML、JavaScript、CSS,網頁語法撰寫","前端工程師
、Internet程式設計師
、網頁設計師","月薪40,000~48,000元",無需出差外派,台中市北屯區,"https://maps.google.com.tw/?q=%E8%B5%AB%E7%88%BE%E5%A2%A8%E6%80%9D%E8%A1%8C%E9%8A%B7%E6%9C%89%E9%99%90%E5%85%AC%E5%8F%B8@24.1815237,120.6861019&z=17",赫爾墨思行銷有限公司
https://www.104.com.tw/job/8uwlx?app_jobsource=m_time4jobs&jobsource=new_map,軟體開發工程師(台中),"工作內容：
1.主要工作為前後端程式設計及單元測試、設計文件撰寫。
2.主要開發內容為公司產品與專案內容程式開發

基本能力：
1.能獨立作業，主動積極並具良好溝通協調能力。
2.學習新知的熱誠、討論與分享知識。
3.孰悉Web/API前後端開發架構。
4.至少一種語言開發經驗：Golang、TypeScript、Python佳。
5.至少一種資料庫使用經驗。,進階能力(可到職學習)：
1.Linux應用程式開發與維護經驗。
2.具備微服務開發經驗。
3.MongoDB、Opensearch開發經驗。
4.CI/CD觀念及使用經驗(Jenkins、Drone、CitlabCI)
5.K8S容器調度技術或經驗
6.語意理解NLP、語音辨識。,不拘,不拘","Internet程式設計師
、軟體工程師
、演算法工程師","月薪40,000~70,000元",需出差，一年累積時間約一個月以下,台中市北區文心路四段200號5樓之3,"https://maps.google.com.tw/?q=%E5%BE%B7%E9%B4%BB%E7%A7%91%E6%8A%80%E8%82%A1%E4%BB%BD%E6%9C%89%E9%99%90%E5%85%AC%E5%8F%B8@24.173143,120.6768627&z=17",德鴻科技股份有限公司
https://www.104.com.tw/job/8re6l?app_jobsource=m_time4jobs&jobsource=new_map,全端工程師,"1. 設計並開發Web系統，負責前後端程式撰寫。
2. 願意與專案經理、業務人員共同溝桶討論。
3. 雛型製作與技術文件撰寫。
4. 熟悉開發網頁，熟悉網頁設計技術，能編寫符合規範的動態網頁。
5. 參與成為開發團隊的一員，並對使用者介面和開發提出指導和意見。
6. 執行跨平臺和跨瀏覽器的程式測試。
7. 必要時協助解決上線網站的問題。

全端工程師是當今數位化時代中不可或缺的重要角色，負責前端、後端與資料庫等多方面的開發與串接，具有高度的專業性和發展前景。
歡迎符合上述條件的人才加入我們的團隊，期待您的加入。,不拘,VueJS、JavaScript、Node.js、CSS、Git、HTML、PHP、Python、Github、Linux
提升專業能力
提升專業能力,軟體工程系統開發、軟體程式設計、資料庫程式設計","全端工程師
、後端工程師
、Internet程式設計師","月薪40,000~65,000元",無需出差外派,台中市北區賴興里文心路四段200號8樓之8,"https://maps.google.com.tw/?q=%E4%BF%A1%E5%BF%B5%E7%A7%91%E6%8A%80%E6%9C%89%E9%99%90%E5%85%AC%E5%8F%B8@24.1731887,120.6766201&z=17",信念科技有限公司
https://www.104.com.tw/job/7ef8j?app_jobsource=m_time4jobs&jobsource=new_map,【台中】SRE系統可靠性工程師,"你是否渴望成為一名優秀的SRE系統可靠性工程師？我們正在尋找充滿激情和創造力的人才，加入我們的團隊，一同挑戰GCP架構的極限，提供可靠且高效的服務。

作為一家領先的科技公司，我們在公有雲領域取得了巨大的成就。我們的平台目標是構建高度可靠且可擴展的系統架構。作為SRE系統可靠性工程師，你將成為這個目標實現的關鍵角色。

我們正在尋找擁有以下技能和特質的伙伴：
1.具備扎實的技術基礎：熟悉公有雲GCP架構，包括但不限於虛擬化、容器化、自動化等技術。對於系統性能優化和故障排除有深入的理解。
2.強大的問題解決能力：能夠迅速識別並解決複雜的系統問題，具備良好的邏輯思維和數據分析能力。能夠在壓力下保持冷靜，並找到最佳解決方案。
3.自主學習和持續改進：積極主動地追求新知識和技術，並將其應用於工作中。熱衷於學習最新的公有雲技術和最佳實踐，不斷提升自己的技能水平。
4.優秀的團隊合作能力：善於與不同專業背景的團隊成員合作，具備良好的溝通和協調能力。能夠在快節奏的環境中與團隊合作，共同實現目標。
5.創新思維和創業精神：勇於面對挑戰，積極提出新的想法和解決方案。對於技術和業務的創新有敏銳的嗅覺，並有推動變革的動力。

如果你對於挑戰GCP架構的可靠性和可擴展性充滿熱情，並且渴望成為一名頂尖的SRE系統可靠性工程師，我們誠摯地邀請你加入我們的團隊。在這裡，你將有機會與一流的專業人才合作，學習和成長，同時也能夠為平台提供卓越的解決方案。

讓我們攜手並肩，共同開創智生活的未來！我們期待與您會面，一同創造觸手可及的美好生活！



[主要工作說明]
1.負責產品的系統建置與技術維運工作, 保障產品整體高效能高可用狀態
2.負責Infra 的自動化部署產品，提供RD/QA測試環境
3.負責Linux Ubuntu/Docker/Windows Server 2012-2019 相關應用

[希望您具備以下條件]
1.熟Docker有Kubernetes技術 尤佳
2.Google Cloud Platform管理經驗(VPC、LoadBalance、Compute Engine、Cloud run、Kubernetes...等) 尤佳
3.有DevOps CI/CD觀念與工具應用經驗(Azure DevOps)及腳本語言撰寫能力 尤佳
4.有分散式系統、Micro Service 、Container 、Serverless等架構經驗 尤佳

[團隊訓練]
1.定期舉辦內部/外部技術研討與訓練
2.定期內部/外部教育訓練
3.享有豐富線上教育系統資源(skill/flow),不拘,Linux、Shell、Python
提升專業能力
提升專業能力,不拘",軟體工程師,"月薪40,000~100,000元",無需出差外派,台中市北區太原北路130號11樓,"https://maps.google.com.tw/?q=%E6%99%BA%E7%94%9F%E6%B4%BB%E7%A7%91%E6%8A%80%E8%82%A1%E4%BB%BD%E6%9C%89%E9%99%90%E5%85%AC%E5%8F%B8@24.1653425,120.6701508&z=17",智生活科技股份有限公司
https://www.104.com.tw/job/8vgxu?app_jobsource=m_time4jobs&jobsource=new_map,IT資訊人員,"隨著業務與數位化擴張，我們正在尋找一位 IT資訊人員，
一起打造穩定、安全、靈活的資訊環境，
讓每一位夥伴都能用科技專注創造更高價值！

【你的任務】
1.維護公司內部系統（電商平台、雲端服務、ERP等）正常運作
2.協助新系統導入與自動化工具建置
3.管理資訊設備與網路安全
4.提供電腦硬體、軟體技術支援與故障排除
5.參與資料分析、內部流程優化專案

【我們期待你】
*具資訊相關背景或同等技術能力
*熟悉電腦硬體維修、網路設定、雲端應用（Google Workspace／Azure／AWS）
*樂於解決問題、具服務熱忱與團隊精神
*若有電商系統或API串接經驗更佳
*NAS設立維護控管

【薪資福利】
三節禮金/禮品
員購優惠

多元專案參與機會與技術成長空間
1. 建置、管理與維護公司系統。
2. 開發MIS系統的功能，以符合企業需求。
3. 設計與維護公司網頁。
4. 處理個人電腦軟硬體的故障問題。
5. 管理與維護公司網路和資料，並進行備份工作。
6. 開發、設計及維護ERP軟體。

115年1月會搬家~移至北區中清路一段100號~
能接受者在應徵唷~,不拘,AWS、Cloud、SAN/NAS、Google Analytics、Google Cloud、Illustrator、Adobe Photoshop
提升專業能力
提升專業能力,規劃與管理防火牆、網路系統危機管理、資訊設備環境設定、電腦設備裝配、資訊設備操作檢修、規劃與管理入侵防護系統（IPS）、資料備份與復原","MIS程式設計師
、資訊設備管制人員
、網路管理工程師","月薪40,000~55,000元",無需出差外派,台中市北屯區太順路53號,"https://maps.google.com.tw/?q=%E5%9A%B4%E8%90%83%E6%9C%89%E9%99%90%E5%85%AC%E5%8F%B8@24.1589231,120.7265262&z=17",嚴萃有限公司
https://www.104.com.tw/job/8atnt?app_jobsource=m_time4jobs&jobsource=new_map,MIS資訊人員,"1. 熟悉 Windows 作業系統，負責電腦基本維修、網路與資訊設備的日常維護與技術支援，能夠協助硬體設定與故障排除。
2. 管理公司網路環境（Wi-Fi設定、IP分配、路由器維護等）。
3. 硬體資產建檔登記、維修記錄與盤點管理。
4. 員工帳號管理、電腦權限設定、軟體安裝與設備交接處理。
5. 鼎新 ERP 系統操作端支援、故障排除及使用輔導。
6. 協助公司網站後台簡易維護與內容更新。
7. 一般總務行政庶務支援：如資訊設備/耗材採購、設備管理、資訊廠商聯繫等。
8. 上級交辦事項。,不拘,Excel、PowerPoint、Adobe Acrobat、Word、Windows 10
提升專業能力
提升專業能力,伺服器網站管理維護、資訊設備環境設定、安裝與維護網路安全系統、網路系統配置、資料庫系統管理維護、採購及維護事務機器及家電用品","資安工程師
、資訊設備管制人員
、MIS／網管主管","月薪35,000元以上",無需出差外派,台中市西區民龍里臺灣大道二段218號十四樓之2,"https://maps.google.com.tw/?q=%E5%90%88%E8%88%88%E6%95%B8%E4%BD%8D%E8%82%A1%E4%BB%BD%E6%9C%89%E9%99%90%E5%85%AC%E5%8F%B8@24.1522539,120.6687045&z=17",合興數位股份有限公司
https://www.104.com.tw/job/8let1?app_jobsource=m_time4jobs&jobsource=new_map,後端助理工程師,"【工作內容】
1. 協助軟體之分析、設計以及程式撰寫。
2. 協助執行軟體架構及模組之設計。
3. 進行軟體之測試與修改。
4. 協助研發軟體新技術與新工具。
5.公司交辦事項

【工作技能】
1. 使用 C# / ASP.NET MVC / API 開發


加分條件
1. 略懂MS SQL / MySQL
2. 略懂 Git,未填寫,Git、ASP.NET、C#、MS SQL、MySQL
提升專業能力
提升專業能力,軟體程式設計、網路程式設計","Internet程式設計師
、軟體工程師
、MIS程式設計師","月薪30,000~35,000元",無需出差外派,台中市北屯區文心路四段81號5樓之2,"https://maps.google.com.tw/?q=%E5%8A%9B%E5%AD%B8%E8%82%A1%E4%BB%BD%E6%9C%89%E9%99%90%E5%85%AC%E5%8F%B8@24.1742346,120.6726482&z=17",力學股份有限公司
https://www.104.com.tw/job/388um?app_jobsource=m_time4jobs&jobsource=new_map,網站企劃暨前端設計師,"1.負責平臺與商戶店鋪的視覺設計/定位與策劃；
2.負責商品頁面設計，廣告素材；
3.協助商戶商品拍攝並美化；
4.協助商戶SEO規劃應用網站；
5.根據平臺促銷活動設計宣傳頁面與圖片；
6.粉絲專頁的規劃與文案撰寫；
7.協助、支援部門其他同事處理相關編務工作；
8.主管執行各項編輯作業，以及臨時性的任務交辦。

作爲網站企劃暨前端設計師，對於相關設計執行企業識別系統設計、平面設計、UIUX和SEO相關其他設計相關領域的工作不陌生，在這個職位上，你將成為公司品牌設計語言實現的重要貢獻者之一，並為產品概念的開發提供創新想法。
如果你有相關的經驗和技能，並且對這個職位感興趣，請盡快投遞你的申請，我們期待與你合作。,不拘,Dreamweaver、HTML、JavaScript、Adobe Photoshop、Illustrator
提升專業能力
提升專業能力,使用者介面設計、設計表現能力、網頁軟體操作、網頁語法撰寫","網頁設計師
、Internet程式設計師
、商業設計",待遇面議,無需出差外派,台中市北屯區文心路三段447號16樓-2,"https://maps.google.com.tw/?q=%E4%B9%9D%E7%A6%BE%E8%88%88%E6%A5%AD%E6%9C%89%E9%99%90%E5%85%AC%E5%8F%B8@24.1736771,120.6686091&z=17",九禾興業有限公司
https://www.104.com.tw/job/8ick0?app_jobsource=m_time4jobs&jobsource=new_map,軟體工程師,"1.負責軟體之分析、設計以及程式撰寫：熟悉 python、go、TS，使用框架為 fastapi, gRPC, Vue (熟 nuxt, vue3 者佳)，Docker、SQL/NoSQL、雲端屬基本技能必須具備。
2.規劃執行軟體架構及模組之設計，並控管軟體設計進度。
3.進行軟體之測試與修改、IoT 接口開發 (串聯儀器、工控的 OPC UA、Modbus、COM Port)。
4.規劃、執行與維護量產的產品。
5.協助研發軟體新技術與新工具。,未填寫,Linux、Github、Git、Python、Go、ETL、PostgreSQL、JavaScript、Node.js、VueJS
提升專業能力
提升專業能力,軟體程式設計、模組化系統設計、資料庫程式設計","全端工程師
、後端工程師
、軟體專案主管",待遇面議,無需出差外派,台中市大里區中興路１段159-1號3樓,"https://maps.google.com.tw/?q=%E5%B5%99%E6%80%9D%E7%A7%91%E6%8A%80%E8%82%A1%E4%BB%BD%E6%9C%89%E9%99%90%E5%85%AC%E5%8F%B8@24.0961129,120.686785&z=17",嵙思科技股份有限公司
https://www.104.com.tw/job/7n7f3?app_jobsource=m_time4jobs&jobsource=new_map,機械手臂工程師,"1. 領導團隊進行現有軟體之測試與驗證。
2. 管理整個軟體開發專案之流程（如：前置規劃、流程分析、解決方案評估、系統分析、系統設計、系統開發、資料驗證、系統測試、使用者測試）。
3. 了解相關單位對於資訊化之需求，思考合適之解決方案，協助整體資訊之發展與應用。
4. 進行專案過程中必要之溝通協調工作。
5. 負責專案風險之管理與排除。,不拘,不拘,軟體程式設計","軟體專案主管
、其他資訊專業人員","月薪28,590~50,000元",無需出差外派,台中市太平區富平路19號,"https://maps.google.com.tw/?q=%E6%98%8C%E6%98%87%E8%87%AA%E5%8B%95%E6%8E%A7%E5%88%B6%E4%BC%81%E6%A5%AD%E6%9C%89%E9%99%90%E5%85%AC%E5%8F%B8@24.140671,120.71766&z=17",昌昇自動控制企業有限公司
https://www.104.com.tw/job/7ancr?app_jobsource=m_time4jobs&jobsource=new_map,10R0-大數據中心 演算法工程師,"1.有能力建構數據分析環境, 並依據數據以及目標，建立完整分析流程，並視情況調整架構以及優化模型
2.能針對自己的演算法明確的產出研究報告以及成效評估
3.針對2D和3D影像擁有實務經驗尤佳
4.熟悉以下語言(一項或多項)：熟悉Python程式開發，具機器學習(Reinforcement learning、Machine Learning、Deep Learning、NLP、Computer Vision)或資料探勘實務經驗尤佳
5.對醫療資料分析有熱情，具備以多種視角觀看資料之能力
6.對於學習新技術具有熱情，具備良好的溝通及團隊合作能力,1.具備深度學習相關框架(Tensorflow, Theano, Keras等)經驗。
2.熟悉Linux開發環境。
3.熟悉OpenCV技術。
4.具有良好的溝通能力，且能持續增進工作技能。,Python
提升專業能力
提升專業能力,文書處理軟體操作","其他資訊專業人員
、演算法工程師",待遇面議,無需出差外派,台中市北區育德路2號,"https://maps.google.com.tw/?q=%E4%B8%AD%E5%9C%8B%E9%86%AB%E8%97%A5%E5%A4%A7%E5%AD%B8%E9%99%84%E8%A8%AD%E9%86%AB%E9%99%A2@24.1571781,120.6804958&z=17",中國醫藥大學附設醫院
https://www.104.com.tw/job/7wxeq?app_jobsource=m_time4jobs&jobsource=new_map,【台中】前端工程師/Front-end Developer(保障年薪13個月)-部分遠端,"► 職務執掌
作為前端工程師，你將負責網頁框架建構、元件開發與 API 串接，並與後端團隊協作，確保介面順利整合。透過精準的切版與互動效果實作，延續設計品質，讓理想的使用體驗真實落地。

► 期待共創非凡
我們期待你是樂於分享、勇於挑戰的夥伴，願將所學、所長與洞見帶入團隊，在合作中持續成長、共創價值。只要你具備積極自主的態度，就有機會成為推動團隊前進的關鍵力量。

同時，我們希望你對 AI 技術保持好奇與開放，善用如 ChatGPT、OpenAI API、GitHub Copilot 等工具提升開發效能。公司提供相關工具補助與定期研討，支持每位夥伴精進專業、掌握未來開發趨勢。

► 工作項目
1. 負責網頁框架建構、熟悉切版、串接API、使用第三方套件製作網頁效果
2. 與後端團隊合作，共同參與需求規劃討論，製作功能列表、流程圖、API設計，達成前後端介面順利對接
3. 需配合前往客戶端，排查部署問題或進行專案對測。

► 專業需求
1. 熟悉 HTML5, CSS, JavaScript ES6,BEM, SASS/SCSS
2. 具備 Responsive Web Design 切版製作能力
3. 前端框架(Vue or Angular) 實作能力
4. 熟悉 Git 版本控制指令流程
5. 對 Code 穩定性和系統性能提升有高標準要求者
6. 能配合團隊即時處理突發狀況
7. 懂得使用 AI 工具如 ChatGPT、Claude、Copilot等，加快開發速度或處理其他如撰寫文件等事物。 

► 加分條件
• 切版經驗豐富，懂得各種動效製作
• 有Angular 或Vue的開發經驗佳
• 具使用Canvas開發動畫效果，或其他 3D 開發經驗 ex:Threejs
• 個人線上作品集
• 善於利用 AI 加速開發
• 對學習新技術充滿熱忱，樂於分享,不拘,Jenkins、Git、HTML、JavaScript、jQuery、CSS、Sass、VueJS、Angular
提升專業能力
提升專業能力,軟體程式設計、網路程式設計","網頁設計師
、前端工程師
、軟體工程師","月薪38,000~60,000元",無需出差外派,台中市北屯區文心路三段447號22樓之A-2室,"https://maps.google.com.tw/?q=%E6%96%B0%E9%80%B8%E8%B3%87%E8%A8%8A%E7%A7%91%E6%8A%80%E6%9C%89%E9%99%90%E5%85%AC%E5%8F%B8@24.1736766,120.6685974&z=17",新逸資訊科技有限公司
https://www.104.com.tw/job/8vkjy?app_jobsource=m_time4jobs&jobsource=new_map,AI Agent 工程師｜AI實時語音對話系統開發／自動化工作流程整合,"AI Agent 工程師｜AI實時語音對話系統開發／自動化工作流程整合

【工作內容】
1. 建置與維運 Ten Agent Framework：熟悉 Docker Compose、Node.js、Python、Next.js 開發環境，能獨立部署 Ten Agent 即時語音 AI 對話系統，整合 TTS/STT、WebRTC、Coze Agent、Chatbase Knowledge Base。

2. AI Agent 系統開發與商業應用整合：設計並優化 AI 對話邏輯（LLM Prompt、Knowledge Graph、Action Chain），開發健康管理顧問、AI 客服、教育助理、AI 銷售顧問等應用。

3. Chatbase、Coze 資料庫與知識庫應用：熟悉 Chatbase / Coze 後台管理與 Knowledge Base 導入流程，能整合企業文件（PDF、Word、Excel、圖片等）建立精準問答資料庫。

4. n8n 自動化工作流程開發：依業務需求設計自動化任務，如表單回覆、Webhook 整合、文件生成、自動寄信等，串接 Chatbase、Notion、Google Drive、Gmail、Slack。

5. AI 多模態應用開發：整合語音辨識（ASR）、語音合成（TTS）、影像生成（Leonardo.ai、Higgsfield、D-ID），建立 AI 數字人／AI 生成人形象角色互動應用。


【應徵條件】
• 熟悉 Linux / Docker / Node.js / Python 基礎操作
• 具備 RESTful API / WebSocket 整合經驗
• 熟悉 Chatbase、Coze、n8n 平台與 AI Agent 架構
• 熟悉語音串流（Google TTS / Azure TTS / ElevenLabs / Agora）整合經驗
• 曾開發 Ten Framework、Vapi、AI Voice Agent 專案者優先錄取

【專長與工具】
AI 平台：Chatbase、Coze、Vapi、OpenAI API、Azure OpenAI、n8n、Zapier
程式語言：Node.js、Python、JavaScript、TypeScript
開發框架：Next.js、React、Express、Flask
容器環境：Docker、Docker Compose、Linux CLI
自動化與串接：n8n、Webhook、API Gateway
語音技術：Google Cloud TTS、Azure Speech、Agora Voice SDK、D-ID、ElevenLabs
影像與AI生成人：Leonardo.ai、Higgsfield、MidJourney
資料庫整合：Chatbase KB、Coze KB、Notion、Google Sheets、Firebase

【加分條件】
• 具備 Chatbot 專案部署或 Web 前端整合經驗
• 能使用 HTML + JS 快速製作 AI 聊天前台
• 了解 AI 智庫與知識檢索架構（Vector DB / RAG）
• 有健康科技、教育、製造業 AI 應用經驗尤佳

【個人簡介】
具備實戰經驗的 AI Agent 系統整合工程師，專長於 Chatbase / Coze 智庫開發、AI 即時語音對話、TTS/STT 串接與 n8n 自動化任務設計。熟悉從 Docker 架設 → 後端 API 服務 → 前端聊天框 UI → 多模態語音影像輸出整合之完整開發流程。致力於將 AI 技術轉化為可落地的商業應用，協助企業快速導入 AI 對話、客服、自動化決策流程，提升數位競爭力。,不拘,不拘,機器學習、深度學習、Machine Learning、演算法設計、自然語言處理、生成式AI",AI工程師,"月薪40,000元以上",無需出差外派,台中市東區台中市東區樂業路30號,"https://maps.google.com.tw/?q=%E8%88%92%E5%BF%83%E5%84%80%E5%81%A5%E5%BA%B7%E7%A7%91%E6%8A%80%E6%9C%89%E9%99%90%E5%85%AC%E5%8F%B8@24.1377565,120.6921743&z=17",舒心儀健康科技有限公司
https://www.104.com.tw/job/8tq95?app_jobsource=m_time4jobs&jobsource=new_map,ERP維運工程師,"公司介紹：
* 本公司是食品製造及銷售整合企業，目前有台中西屯(工業區)、北屯區、雲林縣林內鄉數廠區。
* 公司內有不同工作類似的部門，像是製造部門、品保部門、生技部門、業務部門、倉儲部門、行銷部門，都需要有資訊單位協助。

職位描述：
* 為了加強資訊技術能力，我們正在尋找一位資訊系統工程師加入我們的團隊。
* 持續需要維護既有的系統，目前是 Web UI ，使用的語言為 Python、PHP，資料庫則是常見的 PostgreSQL、MySql、甲古文。
* 本職位將負責協助各部門導入和管理大型系統，在接下來陸續會導入 ERP (Enterprise Resource Planning) 和WMS (Warehouse Management System)。


主要職責：
1. 持續維護既有系統的正常運作，及小部份更新。
2. 協助 ERP、WMS系統導入項目，包括需求收集、規劃和實施，確保新系統與 MES(Manufacturing execution systems) 串接運作順利
3. 與各部門溝通協調，確保系統設計符合業務需求
4. 管理外包開發團隊，監督項目進度和品質，確保按時交付

職位要求：
1. 資訊科技或相關領域學歷
2. 至少兩年以上的相關工作經驗，包括ERP和WMS系統的導入經驗
3. 精通Python、PHP、JavaScript等程式語言，至少1門
4. 擁有專案管理的經驗
5. 熟悉ISO27001資訊安全管理系統者優先考慮
6. 能夠靈活應對變動，並願意在必要時至不同廠區會議及工作


我們提供：
1. 生活工作平衡的生活型態，無常態加班的需求
2. 與業內專家合作的機會，不斷進修和專業成長
3. 現代化的辦公環境
4. 公司組織不定期的運動、電影欣賞,不拘,PHP、Python、MySQL、PostgreSQL
提升專業能力
提升專業能力,電子化企業資源規劃執行、專案成本╱品質╱風險管理、專案時間╱進度控管、專案規劃執行╱範圍管理、專案溝通╱整合管理、專案管理架構及專案說明、提案與簡報技巧、軟體品質與保證、軟體整合測試、企業資源規劃管理(ERP)","營運管理師／系統整合／ERP專案師
、軟體工程師
、軟體專案管理師","月薪37,000~42,000元",無需出差外派,台中市北屯區長生巷5-9號,"https://maps.google.com.tw/?q=%E5%90%89%E5%BA%B7%E9%A3%9F%E5%93%81%E8%82%A1%E4%BB%BD%E6%9C%89%E9%99%90%E5%85%AC%E5%8F%B8@24.196755,120.6839419&z=17",吉康食品股份有限公司
https://www.104.com.tw/job/798gy?app_jobsource=m_time4jobs&jobsource=new_map,1MC1-人工智慧暨機器人創新中心 系統研發工程師(APP開發人員),"1. 熟悉iOS或Android架構，具備APP開發經驗。
2. 具有串接API資訊轉化為可視化數據APP開發經驗。
3. 負責APP維運管理與改版上架流程。
4. 具APP結合網站WebView或Native App之雙平台開發經驗。
5. 具裝置附屬設備界接APP經驗，如：麥克風、藍芽
6. 維護APP產品優化與新技術研究。
7. 對於學習新技術具有熱情，具備良好的溝通及團隊合作能力
8. 其他主管交辦事項。,不拘,不拘,不拘","軟體工程師
、Internet程式設計師",待遇面議,無需出差外派,台中市北區育德路2號,"https://maps.google.com.tw/?q=%E4%B8%AD%E5%9C%8B%E9%86%AB%E8%97%A5%E5%A4%A7%E5%AD%B8%E9%99%84%E8%A8%AD%E9%86%AB%E9%99%A2@24.1571781,120.6804958&z=17",中國醫藥大學附設醫院
https://www.104.com.tw/job/8ra7b?app_jobsource=m_time4jobs&jobsource=new_map,研發部-AOI 工程師(太平廠),"AOI 自動光學檢測設備開發核心成員，參與從機構設計、軟體撰寫到系統整合的完整開發流程。

軟體開發與影像處理
1. AOI 軟體流程設計（多執行緒）
2. 相機／光源控制、IO時序整合
3. 操作介面開發（PyQt5 / C# WPF ）
4. AI 模型導入（缺陷分類、YOLO、CNN等）


跨部門協作
與機構、電控、光學人員共同解決拍照流程、熱膨脹干涉、座標轉換、光源參數等問題
歡迎各屆有相關經驗的畢業生，與研發團隊一起投入設備開發,不拘,Python、C#、Linux
提升專業能力
提升專業能力,系統整合分析、電機設備設計開發、設計機台設備自動化、自動化系統設計整合、軟體程式設計、軟體工程系統開發、系統架構規劃、自動化設備／系統介面之維護改善","軟體工程師
、AI工程師
、光學工程師",待遇面議,無需出差外派,台中市太平區新仁路一段44巷8弄24號,"https://maps.google.com.tw/?q=%E5%A4%A9%E5%B7%A5%E7%B2%BE%E5%AF%86%E8%82%A1%E4%BB%BD%E6%9C%89%E9%99%90%E5%85%AC%E5%8F%B8@24.1134875,120.7087079&z=17",天工精密股份有限公司
https://www.104.com.tw/job/8bjkr?app_jobsource=m_time4jobs&jobsource=new_map,機器學習工程師,"設計、訓練及優化機器學習模型以解決業務問題。
進行資料清洗、處理和標記，確保模型訓練使用的數據質量和準確性。
部署模型到生產環境中，並監控模型效能，定期進行更新和維護。
與數據工程師和軟件開發團隊協作，確保機器學習解決方案的整合和實施效率。
程式語言： Python
機器學習框架： PyTorch
資料處理工具： Pandas, NumPy, SQL
版本控制： Git,不拘,Git、Python
提升專業能力
提升專業能力,不拘","資料科學家
、演算法工程師
、資料工程師","月薪30,000~50,000元",無需出差外派,台中市西區臺灣大道二段2號19 之 1,"https://maps.google.com.tw/?q=%E7%91%9E%E8%89%BE%E7%A7%91%E6%8A%80%E6%9C%89%E9%99%90%E5%85%AC%E5%8F%B8@24.1481853,120.6735865&z=17",瑞艾科技有限公司
https://www.104.com.tw/job/6g3ba?app_jobsource=m_time4jobs&jobsource=new_map,Python程式設計講師-台中三民認證中心,"【業界經驗】有獨立完成Python程式設計開發經驗5年以上。
【授課經驗】具備一年以上教學經驗尤佳，若無則需準備教材試教以確認教學能力。
【證照作品】具備有不同程式設計相關作品尤佳。,不拘,Python、MySQL、HTML、JavaScript、XML、CSS、Excel
提升專業能力
提升專業能力,軟體程式設計","電腦補習班老師
、講師
、軟體工程師","時薪350~1,000元",依公司規定,台中市北區三民路三段112號5樓,"https://maps.google.com.tw/?q=%E8%81%AF%E6%88%90%E9%9B%BB%E8%85%A6%E8%82%A1%E4%BB%BD%E6%9C%89%E9%99%90%E5%85%AC%E5%8F%B8(%E8%81%AF%E6%88%90%E9%9B%BB%E8%85%A6%2F%E8%81%AF%E6%88%90%E5%A4%96%E8%AA%9E)@24.1496394,120.6842319&z=17",聯成電腦股份有限公司(聯成電腦/聯成外語)
https://www.104.com.tw/job/8pulc?app_jobsource=m_time4jobs&jobsource=new_map,影像處理與對焦控制工程師（Image Processing & AF Control Engineer）(台中),"1. 開發與優化 自動對焦（Auto Focus, AF） 相關功能。
2. 設計並調整 Zoom / Focus 馬達控制策略，確保對焦準確與速度。
3. 開發、驗證與改進 FV（Focus Value）峰值對焦演算法。
4. 分析影像訊號（Image Statistics），進行對焦效能評估與調校。
5. 閱讀與理解 鏡頭（Lens Module）規格書，建立對應控制參數。
6. 與 ISP、3A（AE/AWB/AF）團隊合作，整合自動對焦模組於 IP Camera 產品。
7. 進行影像品質測試與效能驗證，提出改善建議。,1. 熟悉影像訊號處理流程（ISP pipeline）或 3A 架構。
2. 具備嵌入式系統開發經驗（C/C++）。
3. 熟悉鏡頭馬達（VCM、Stepper、Piezo）控制介面（I2C / PWM）。
4. 有 IP Camera、Action Cam 或 Surveillance Camera 對焦開發經驗者尤佳。,C、C++
提升專業能力
提升專業能力,不拘","軟體工程師
、韌體工程師",待遇面議,無需出差外派,台中市北區五權路375號10樓,"https://maps.google.com.tw/?q=%E5%8B%9D%E5%93%81%E9%9B%BB%E9%80%9A%E8%82%A1%E4%BB%BD%E6%9C%89%E9%99%90%E5%85%AC%E5%8F%B8@24.152766,120.6806568&z=17",勝品電通股份有限公司
https://www.104.com.tw/job/7c0bx?app_jobsource=m_time4jobs&jobsource=new_map,遊戲開發工程師,"1. 孰悉AE、Premiere、AI、PS等軟體。
2. 了解2D/3D、動畫、遊戲運作機制。
3. 具備C++、C#或JAVA程式語言基礎能力。
4. 具備軟、硬體整合基礎能力。
5. 樂於分享、積極學習。
6. 完成主管交辦事項。
7. 請附作品集。,具相關科系背景。,不拘,不拘","電腦繪圖人員
、多媒體動畫設計師
、遊戲工程師","月薪30,000~50,000元",無需出差外派,台中市太平區,"https://maps.google.com.tw/?q=%E9%87%A9%E6%B9%83%E7%88%BE%E7%A7%91%E6%8A%80%E9%96%8B%E7%99%BC%E6%9C%89%E9%99%90%E5%85%AC%E5%8F%B8@24.1240719,120.7170701&z=17",釩湃爾科技開發有限公司
https://www.104.com.tw/job/8nxyf?app_jobsource=m_time4jobs&jobsource=new_map,學習型 行動應用程式 實習生 iOS / Android APP,"★非在學學生請勿投遞
此實習機會僅提供實習時數和實習證明。

★可配合學校實習生計畫，請於自傳最後說明實習時數及期程。 
★實習期間表現優秀者，於實習結束時有機會轉為正職。 

【實習內容】：
★藉由參與實務工作，學習相關產業領域專業技能，未來就業可順利接軌，充實就業即戰力。
★實行輔導員制度，輔導員協助帶領及解決疑難雜症。
★在職期間將規劃各類專業課程，同步提升職場軟實力。

1. 開發符合  App產品，根據產品需求，進行合理的功能設計、代碼編寫及自測。
2. 維護與開發新功能至既有之專案。
3. 規劃功能架構及開發時程。
4. 理解舊有程式架構，並從中尋找並修正問題。
5. 持續研究、分享、學習最新的技術。

研究最新技術，並持續優化現有服務、完善的培訓和，以及優秀的團隊氛圍和實習環境。,不拘,Android、iOS、Node.js、Git、Kotlin、SWIFT、Github
提升專業能力
提升專業能力,軟體程式設計、資料庫程式設計、軟體工程系統開發、系統整合分析、資料庫系統管理維護","Android工程師
、iOS工程師
、全端工程師",部分工時(月薪)0元以上,無需出差外派,台中市東區六順路109號,"https://maps.google.com.tw/?q=%E9%82%91%E6%96%B9%E9%86%AB%E7%99%82%E5%99%A8%E6%9D%90%E4%BC%81%E6%A5%AD%E7%A4%BE@24.1254268,120.700062&z=17",邑方醫療器材企業社
https://www.104.com.tw/job/8egcx?app_jobsource=m_time4jobs&jobsource=new_map,客服專員,"工作內容:
1. 解決B2B顧客問題，問題收集與追蹤回覆。
2. 輔助技術單位測試新產品。
3. 協助並完成部門主管交辦事項
4. 良好的溝通能力和跨部門溝通協調能力，有團隊合作精神。
5. 追蹤未完成的事項,同時與客戶保持良好的關係

＊純內勤工作，不需外出
＊需輪班可配合輪班，排休,1)個性開朗正面
2)思路清晰，應變能力佳
3)具有耐心、責任感、積極、上進、好學之心的態度,不拘,客訴案件處理","其他客服人員
、文字客服
、其他資訊專業人員","月薪33,000~50,000元",無需出差外派,台中市西區臺灣大道二段2號6樓之5,"https://maps.google.com.tw/?q=%E6%A8%82%E8%8F%93%E8%B3%87%E8%A8%8A%E6%9C%89%E9%99%90%E5%85%AC%E5%8F%B8@24.1481853,120.6735865&z=17",樂菓資訊有限公司
https://www.104.com.tw/job/8vaep?app_jobsource=m_time4jobs&jobsource=new_map,資訊工程師,"本公司有多套自行開發的內部系統，主要以「鼎新WorkFlow ERP」為核心，並衍生出多種外掛模組與管理系統。
此職務主要負責：
1. 了解現有系統架構與程式邏輯，能快速掌握系統間的關聯性。
2. 當系統發生異常時，能有效進行問題分析、除錯及修復。
3. 配合內部需求，協助調整、維護或擴充現有系統功能。
4. 與使用單位溝通，釐清需求並提出可行技術方案。
5. 協助資訊部門進行系統版本控管、伺服器維運及資料安全管理。
※ 此職務著重「理解既有系統邏輯」與「實務維運能力」，非純新開發導向。
__________________________________________________________________________________________

基本條件
1. 熟悉 PHP 或其他常見後端語言（如 C#、VB.NET、Java）。
2. 能看懂 MSSQL 資料表結構與 SQL 語法（含查詢與除錯）。
3. 具備基本 HTML、CSS、JavaScript 的理解力，可協助調整前端顯示。
4. 了解系統如何與 ERP（特別是鼎新 WorkFlow）介接或擴充者尤佳。
5. 能獨立進行系統異常排查，具良好的邏輯思維與文件閱讀能力。,不拘,PHP、JavaScript、Java、MS SQL、HTML、CSS、鼎新、ASP.NET
提升專業能力
提升專業能力,系統維護操作、系統整合分析、系統架構規劃、軟體程式設計、資料庫系統管理維護","營運管理師／系統整合／ERP專案師
、系統工程師
、MIS／網管主管",待遇面議,無需出差外派,台中市太平區中山路一段162巷51-1號,"https://maps.google.com.tw/?q=%E9%8A%B3%E6%B3%B0%E7%B2%BE%E5%AF%86%E5%B7%A5%E5%85%B7%E8%82%A1%E4%BB%BD%E6%9C%89%E9%99%90%E5%85%AC%E5%8F%B8@24.1396508,120.7332511&z=17",銳泰精密工具股份有限公司
https://www.104.com.tw/job/7tsrj?app_jobsource=m_time4jobs&jobsource=new_map,【技術開發部】維運工程師,"【工作職責】
● 需與小組成員輪流值班，值班津貼另計。
● 需與客戶對話，善於溝通、細心、耐心、負責。
● 監控客戶維運群，即時為客戶提供服務。
● 建置與維護工作日誌、監控、使用維運工具。
● 依照維運手冊執行系統異常問題追蹤與排除作業。
● 定期檢視並記錄監控數據，持續改善維運流程。
● 執行被指派的工作

【其他條件】
● 具有資訊相關產業一年以上經驗。
● 使用windows、Linux經驗，GCP佳。,不拘,不拘,不拘","系統工程師
、軟體工程師","月薪36,000元以上",無需出差外派,台中市北區健行路356號,"https://maps.google.com.tw/?q=%E9%9A%86%E4%B8%AD%E7%B6%B2%E7%B5%A1%E8%82%A1%E4%BB%BD%E6%9C%89%E9%99%90%E5%85%AC%E5%8F%B8@24.159315,120.683007&z=17",隆中網絡股份有限公司
https://www.104.com.tw/job/8mr7r?app_jobsource=m_time4jobs&jobsource=new_map,資深遊戲企劃,"1. 遊戲企劃、營運需求規格化、撰寫企劃書。
2. 遊戲系統文件規劃、撰寫。
3. 遊戲經濟循環。
4. 跨部門溝通與協調。

[加分條件]
1. 遊戲數值規劃經驗。
2. 手遊設計、營運經驗,不拘,不拘,不拘","遊戲企劃
、遊戲工程師
、廣告文案／企劃","月薪40,000~60,000元",無需出差外派,台中市北屯區松竹路一段935號,"https://maps.google.com.tw/?q=%E6%B2%83%E9%BE%8D%E8%B6%85%E9%81%8A%E8%82%A1%E4%BB%BD%E6%9C%89%E9%99%90%E5%85%AC%E5%8F%B8@24.1821603,120.7126798&z=17",沃龍超遊股份有限公司
https://www.104.com.tw/job/8ul8j?app_jobsource=m_time4jobs&jobsource=new_map,永續助理,"【關於 全星國際 營業部門】
ESG 永續經營 / 碳盤查與減量策略 / ISO 管理系統輔導 / 企業淨零路徑
我們致力於提供企業淨零轉型的完整解方，透過ISO 14064 碳盤查等專業輔導，協助客戶在永續新賽局中創造競爭優勢。我們期待對永續發展有熱忱、細心的夥伴加入，一同引領企業實踐綠色轉型，創造實質的永續價值。

【職務內容】
1.蒐集、整理客戶執行溫室氣體盤查等專案所需的基礎數據與佐證文件。
2.執行溫室氣體排放量計算，部分客戶問題解答。 
3.準備客戶會議資料，並記錄會議決議與行動項目。
4. 統籌教育訓練專案課程規劃與執行(例如：內部講師課程、管理培訓) 。
5. 有政府標案、產業輔導案…等各類補助案撰寫與執行經驗為佳。
6. 執行主管指定之其他專案工作。
7. 積極進取、負責、有獨立執行能力。,不拘,Excel、Outlook、PowerPoint、Word、ChatGPT、Canva、Facebook、Instagram、Line、EDM
提升專業能力
提升專業能力,專案規劃執行╱範圍管理、專案溝通╱整合管理、專案管理架構及專案說明、提案與簡報技巧、政府專案執行、ISO文件發行管理、溫室氣體盤查、產品碳足跡盤查、輸入資料與原始文件檔案比對審核","業務助理
、專案助理
、資訊助理","月薪28,590~28,800元",無需出差外派,台中市西區西屯路一段167巷26號,"https://maps.google.com.tw/?q=%E5%85%A8%E6%98%9F%E5%9C%8B%E9%9A%9B%E8%82%A1%E4%BB%BD%E6%9C%89%E9%99%90%E5%85%AC%E5%8F%B8@24.1527414,120.6693616&z=17",全星國際股份有限公司
https://www.104.com.tw/job/8ngku?app_jobsource=m_time4jobs&jobsource=new_map,後端軟體工程師-線上面試,"** 應徵時請附上 Cover Letter (自薦信) ** 


工作內容
1.後端系統開發，包含 API 與後端各項服務，與外部系統介接 
2.開發與維護資料庫資料 
3.分析各項資料用來除錯，產生相關報表 
4.參與部分管理系統的介面開發
5.即時處理線上問題 
6.與各個團隊合作處理需求與問題，並主動回報進度與狀況

*必要條件
1. 1-3年 Node.js 開發經驗，或相關的後端服務開發與維護經驗 MySQL 
    或其他關聯式資料庫(RDBMS)使用經驗 
2. 第三方服務與模組使用與介接經驗
3. 了解版本控制的概念並有 Git 使用經驗,不拘,不拘,不拘","軟體工程師
、Internet程式設計師
、後端工程師","月薪50,000元以上",無需出差外派,台中市北屯區文心路三段,"https://maps.google.com.tw/?q=%E7%92%9F%E8%B6%8A%E7%A7%91%E6%8A%80%E6%9C%89%E9%99%90%E5%85%AC%E5%8F%B8@24.1735701,120.6692864&z=17",璟越科技有限公司
https://www.104.com.tw/job/3raq3?app_jobsource=m_time4jobs&jobsource=new_map,PHP程式設計師,"1. 負責 PHP 網站程式開發、設計、維護。
2. 以 PHP 程式搭配 MySQL 進行網站&系統建置
3. 熟悉網路系統之規劃、設計、分析、測試相關操作。
4. 熟 jQuery、Ajax 、JavaScript、Laravel為佳。
5. 邏輯能力強，能獨立作業者佳。,未填寫,AJAX、PHP、MySQL、DHTML
提升專業能力
提升專業能力,不拘","軟體工程師
、Internet程式設計師
、網頁設計師","月薪35,000~60,000元",無需出差外派,台中市北屯區崇德路二段252號8樓,"https://maps.google.com.tw/?q=%E5%B4%B4%E6%B5%A4%E7%A7%91%E6%8A%80%E8%82%A1%E4%BB%BD%E6%9C%89%E9%99%90%E5%85%AC%E5%8F%B8@24.1749323,120.6859182&z=17",崴浤科技股份有限公司
https://www.104.com.tw/job/8rbyv?app_jobsource=m_time4jobs&jobsource=new_map,ERP系統整合工程師,"1.協助鼎新ERP 系統維護。
2.協助集團ERP/MES/BPM及異質系統的整合與推動
3.熟悉Oracle或SQL Server資料庫之設計與開發。
4.協助使用者在系統的操作與問題排除。
5.主管交辦事項,1.能配合出差執行集團系統整合(ERP/MES/BPM...)工作
2.須熟製造業流程者佳
3.具SQL Serevr，Oracle資料庫管理
4.若熟悉鼎新ERP Titop/T100，可開發T100XG、GR報表；單雙檔程式開發者更佳,不拘,軟體工程系統開發、軟體程式設計、企業資源規劃管理(ERP)","軟體工程師
、軟體專案主管
、軟體助理工程師",待遇面議,需出差，一年累積時間約三個月以下,台中市太平區永平路二段520號,"https://maps.google.com.tw/?q=%E6%AC%A3%E5%B1%95%E5%B7%A5%E6%A5%AD%E8%82%A1%E4%BB%BD%E6%9C%89%E9%99%90%E5%85%AC%E5%8F%B8@24.1295511,120.7088354&z=17",欣展工業股份有限公司
https://www.104.com.tw/job/6cp2d?app_jobsource=m_time4jobs&jobsource=new_map,專案管理PM-B90C,"1. 管控專案時程、擬定專案執行計畫、資源協調與風險評估管理。
2. 帶領專案團隊，協助專案的規劃、規格制定、執行和管控、排除風險。
3. 管控專案進度，確保專案符合時程規劃進行與相關文件產出。
4. 與客戶和跨單位的溝通、協調及需求訪談。
5. 定期回報專案進度、檢討專案執行狀況、與優化產品提案並執行與驗收。,不拘,Excel、Outlook、Word
提升專業能力
提升專業能力,專案成本╱品質╱風險管理、專案時間╱進度控管、專案規劃執行╱範圍管理、專案溝通╱整合管理、專案管理架構及專案說明、負責文件更新、發行、審核與跟催作業、提案與簡報技巧、簡報軟體操作","軟體專案主管
、軟體專案管理師
、專案經理",待遇面議,需出差，一年累積時間約六個月以下,台中市北區太原路一段532號11樓之1,"https://maps.google.com.tw/?q=%E5%8F%B0%E7%81%A3%E8%B3%87%E6%9C%8D%E7%A7%91%E6%8A%80%E8%82%A1%E4%BB%BD%E6%9C%89%E9%99%90%E5%85%AC%E5%8F%B8@24.1648337,120.6733154&z=17",台灣資服科技股份有限公司
https://www.104.com.tw/job/6qjl9?app_jobsource=m_time4jobs&jobsource=new_map,程式設計師,"1. 處理主管交辦事務。
2. 電子簽核表單與流程設計。
3. 修正現有程式、電子表單、界面。
4. 設計、開發新的程式及界面。
5. 程式功能需求分析。
6. 開發以網路為基礎的應用程式（Web-based asp.net c# angular .net core ionic）。
7. 具經驗者尤佳。
8. 可能需出差及遠端作業，具高度自律，認真負責，可獨立作業者佳。,不拘,Visual Studio .net、Angular、AngularJS、CSS、jQuery、XML Web services、XML、JavaScript、HTML、MS SQL、Dart、C#、ASP.NET
提升專業能力
提升專業能力,系統整合分析、資料庫軟體應用、資料庫程式設計、模組化系統設計、網路程式設計、結構化程式設計、軟體程式設計、軟體工程系統開發","Internet程式設計師
、軟體工程師","月薪33,000~55,000元",需出差，一年累積時間未定,台中市東區復興路四段60號八樓,"https://maps.google.com.tw/?q=%E5%86%A0%E6%B0%B8%E9%A8%B0%E5%9C%8B%E9%9A%9B%E6%9C%89%E9%99%90%E5%85%AC%E5%8F%B8@24.1348789,120.6844779&z=17",冠永騰國際有限公司
https://www.104.com.tw/job/8nlwz?app_jobsource=m_time4jobs&jobsource=new_map,產業應用發展部-全端工程師,"1.設計開發系統介面程式，資料庫設計與管理
2.使用一種前端框架(Angular、React、Vue)進行開發
3.API設計開發與串接
4.專案支援、協調及執行軟體測試
5.主管交辦工作事項,資工、資管、電機電子工程相關科系

其他需求條件：
1.Javascript、JQuery、AngularJS 前端網項相關技術
2.熟悉ASP.net、C#後端網頁開發技術
3.CSS3、HTML5 
4.熟悉MS-SQL 資料庫語法
5.至少1年以上網頁/系統前端開發經驗,C#、Java、PHP、Python、MS SQL、MySQL、Oracle、HTML、JavaScript、CSS、Node.js、Angular
提升專業能力
提升專業能力,系統架構規劃、系統整合分析、軟體工程系統開發、軟體程式設計","全端工程師
、前端工程師
、後端工程師",待遇面議,需出差，一年累積時間約一個月以下,台中市潭子區台中潭子區南二路16之1號,"https://maps.google.com.tw/?q=%E5%84%84%E5%A8%81%E9%9B%BB%E5%AD%90%E7%B3%BB%E7%B5%B1%E8%82%A1%E4%BB%BD%E6%9C%89%E9%99%90%E5%85%AC%E5%8F%B8@24.2172979,120.702795&z=17",億威電子系統股份有限公司
https://www.104.com.tw/job/8uus5?app_jobsource=m_time4jobs&jobsource=new_map,T: 新創軟體公司 急徵 測試工程師,"工作內容
1. 依產品需求與功能規格，撰寫並執行測試計劃、測試案例及測試報告。
2. 針對 APP / WEB 系統進行功能測試、相容性測試、效能測試與使用體驗測試。
3. 發現並追蹤 Bug，驗證修復結果，確保產品品質。
4. 熟悉軟體測試流程及 Bug 管理流程，能有效與研發團隊溝通，協助問題解決。
5. 參與敏捷開發流程，支持跨部門協作，確保專案如期高品質交付。
6.擬定測試計畫與 Test Case，並針對產品流程設計使用者視角的測試情境,不拘,不拘,不拘","軟韌體測試工程師
、軟體助理工程師
、軟體工程師",待遇面議,,台中市北區,"https://maps.google.com.tw/?q=%E5%89%B5%E7%82%BA%E4%BA%BA%E5%8A%9B%E8%B3%87%E6%BA%90%E6%9C%89%E9%99%90%E5%85%AC%E5%8F%B8@24.1573171,120.6832556&z=17",創為人力資源有限公司
https://www.104.com.tw/job/8kn2n?app_jobsource=m_time4jobs&jobsource=new_map,【部分遠距外商新創AI品牌】Backend Software Engineer_ITS_839 (#JAVA #Linux #API #5年經驗 #部份遠距 ),"【Key Responsibilities】

1. Design the architecture for the company’s API products, implement features, and drive continuous optimization to ensure system stability and security.
2. Build and maintain backend services for web applications—including user management, data storage, and business logic—to support rapid product iteration.
3. Design and optimize server-side architecture to improve performance and ensure scalability and high availability under high-concurrency scenarios.
4. Develop and maintain features for platforms such as the Store and Dashboard.
5. Collaborate closely with frontend, product, and QA teams to deliver new features from design through launch.
6. Write and maintain high-quality technical documentation, conduct code reviews, and ensure maintainability, extensibility, and overall code quality.
7. Stay current with emerging technologies (e.g., microservices, containerization, distributed systems) and apply them appropriately in projects.


如對職缺有興趣者，可直接投遞履歷至 summer.hsieh@adecco.com
或官方Line:@260pmatg (記得+@)加入後請提供職缺名稱/聯繫方式,【Minimum qualifications】

1. Bachelor’s degree or above in Computer Science or a related field, with 5+ years of backend development experience.
2. Proficient in Java; familiar with mainstream frameworks (e.g., Quarkus, Spring Boot, Spring Cloud) and solid in object-oriented programming principles.
3. Experience with PHP, capable of maintaining and optimizing existing PHP systems.
4. Familiar with common databases (MySQL, Redis, MongoDB), with skills in database schema design and performance tuning.
5. Knowledge of microservices architecture and API design/development standards; experience with distributed systems or high-concurrency projects is a plus.
6. Hands-on Linux fundamentals and basic operations; understanding of common deployment and debugging methods. Experience with Docker/Kubernetes is a plus.
7. Strong teamwork and communication skills; proactive in driving issue resolution.
8. Fast learner and problem solver with a passion for new technologies.,NLP、LLM
提升專業能力
提升專業能力,AI、語言模型",後端工程師,待遇面議,部分遠端，前期須進辦公室，後期獨立作業可遠端辦公,台中市中區,"https://maps.google.com.tw/?q=%E8%97%9D%E7%8F%82%E4%BA%BA%E4%BA%8B%E9%A1%A7%E5%95%8F%E8%82%A1%E4%BB%BD%E6%9C%89%E9%99%90%E5%85%AC%E5%8F%B8@24.1402601,120.6818181&z=17",藝珂人事顧問股份有限公司
https://www.104.com.tw/job/8m3b4?app_jobsource=m_time4jobs&jobsource=new_map,後端工程師（五萬起）,"1. 熟悉PHP。（懂Python 及NodeJS尤佳）
2. 熟悉資料庫操作及運用。
3. 熟悉PHPUnit框架。
4. 熟悉Kubernetes、Git。
5. 熟悉任一MVC框架， 物件導向設計與軟體工程概念和方法。
6. 熟悉常用緩存， Redis、Memcached等。
7. 熟悉腳本語言shell等。
8. 熟悉常用監控系統(如Grafana)的日常應用操作。
9. 負責基礎運維, 部署、發布、監控、警報、安全、故障處理等。
10. 熟悉 Gearmand / Kafka 等常見 Message Queue。
11. 熟悉Nginx常見配置及應用。
12. 有基礎docker/docker-compose容器化經驗(自行撰寫dockerfile、調整image size),不拘,Shell、Git、PHP、Python、Node.js
提升專業能力
提升專業能力,軟體程式設計、資料庫程式設計","後端工程師
、全端工程師
、Internet程式設計師","月薪50,000元以上",無需出差外派,台中市北屯區水湳里文心路四段83號7樓之2,"https://maps.google.com.tw/?q=%E4%BA%AC%E5%B0%A4%E7%A7%91%E6%8A%80%E8%82%A1%E4%BB%BD%E6%9C%89%E9%99%90%E5%85%AC%E5%8F%B8@24.1741733,120.673008&z=17",京尤科技股份有限公司
https://www.104.com.tw/job/8vbi8?app_jobsource=m_time4jobs&jobsource=new_map,資深遊戲前端開發工程師(Senior Cocos Creator Game Developer),"1.參與遊戲功能模組的開發與迭代更新，實現核心玩法邏輯與 UI 互動效果。
2.配合前端組長完成技術方案實現，確保程式碼效能與可維護性。,不拘,iOS、Android
提升專業能力
提升專業能力,遊戲開發、系統架構規劃、軟體工程系統開發、軟體程式設計","軟體工程師
、遊戲工程師
、前端工程師","月薪75,000~100,000元",無需出差外派,台中市北區民權路559號10樓之3 (鴻運金企業大樓),"https://maps.google.com.tw/?q=%E6%84%9B%E5%8B%9D%E7%A7%91%E6%8A%80%E6%9C%89%E9%99%90%E5%85%AC%E5%8F%B8@24.1618387,120.6702905&z=17",愛勝科技有限公司
https://www.104.com.tw/job/87ll4?app_jobsource=m_time4jobs&jobsource=new_map,前端、全端軟體工程師【Full-Stack Engineer】,"1.熟悉Python、 React 架構、Typescript 以及非同步處理架構。
2.具備紮實的 HTML、CSS 和 JavaScript 基礎。
3.開發後端RESTful API。
4.使用Flutter 或Expo 開發IOS、Android APP程式設計 。
5.撰寫可維護、可擴展的程式。
6.持續學習和應用新技術，提升產品價值。
7.具備良好的團隊協作能力和溝通技巧。
8. 其他主管交辦事項。,不拘,PHP、HTML、JavaScript、CSS、Node.js
提升專業能力
提升專業能力,軟體程式設計",全端工程師,待遇面議,無需出差外派,台中市太平區新興路167號,"https://maps.google.com.tw/?q=%E5%AF%8C%E9%8C%A6%E6%9C%AA%E4%BE%86%E8%82%A1%E4%BB%BD%E6%9C%89%E9%99%90%E5%85%AC%E5%8F%B8@24.1590838,120.7073371&z=17",富錦未來股份有限公司
https://www.104.com.tw/job/7t5px?app_jobsource=m_time4jobs&jobsource=new_map,前端網頁工程師（具備美感設計能力）,"奇點無限是一家以「數學最佳化」與「資料科學」為核心技術的軟體公司，致力於智慧交通及綠色物流領域。透過頂尖數學家與工程師的合作，提供全球永續發展的最佳化解決方案。

【職務說明】
我們正在尋找一位兼具前端開發與UI/UX設計能力的專才，加入我們的團隊，設計與開發高效且吸引人的網站與應用程式，根據用戶需求與品牌定位，提供直觀且富有創意的使用者介面，進一步提升整體體驗。適合對新創充滿熱情，並渴望前瞻性職涯發展的您！


【職責內容】
• 設計並開發高效且美觀的前端，負責網站與應用程式的UI/UX設計與前端開發，確保優良的使用者體驗與功能性。
• 與後端工程師協作，保證前後端的順暢整合與前端效能優化。
• 參與需求討論並提供技術建議，協助產品設計與體驗的完善。
• 進行跨瀏覽器兼容性測試，確保不同設備上的一致性與穩定性。
• 支援產品視覺設計，創建吸引眼球的介面設計，提升用戶體驗及品牌形象。
• 執行主管交辦的其他相關任務。


【基本條件】
• 精通 HTML、CSS、JavaScript（ES6+）、TypeScript，能獨立完成前端開發工作。
• 熟悉 VueJS、React 或其他前端框架，並具備單頁應用程式（SPA）與伺服器端渲染（SSR）的開發經驗。
• 具備UI/UX設計經驗，能根據用戶需求設計直觀、吸引人且易於使用的介面。
• 熟悉響應式設計（RWD），確保網站在各類設備上的優秀顯示效果。
• 熟練使用 Git 進行版本控制，具備團隊合作經驗。
• 具備API串接經驗，能處理前端與後端數據交互。
• 熟悉 Git 進行版本控制，並能在團隊協作中有效管理代碼變更。


【加分條件】
• 具備美感設計與文宣設計經驗，能將設計轉化為有效的行銷工具，幫助提升品牌價值。
• 熟悉視覺設計工具（如 Sketch、Figma、Adobe XD 等），能創建高品質的設計稿與原型。
• 具備跨部門合作經驗，能與行銷團隊協作，提升產品的市場影響力。
• 熟悉前端測試工具，能撰寫單元測試，確保代碼品質。


【應徵方式】
團隊是實現夢想的核心，請提供以下資料，讓我們更了解你：

1. 簡歷：分享你的技術經驗與成就。
2. GitHub 或作品連結：展示你的程式碼與專案成果。
3. 應徵動機：用簡短文字告訴我們，你希望在團隊中實現什麼！


如果您具備上述條件，擁有豐富的想像力與創新思維，並希望在充滿挑戰的環境中，運用數學與資料科學，與我們共同開創智慧交通與綠色物流的未來，立即加入我們！,【期望特質】

智者說：對的人是成事的關鍵，我們期待您具備以下特質：

• 熱衷創新，勇於嘗試新技術並付諸實踐。
• 擅長團隊合作，與他人有效溝通，共同解決問題。
• 自律且具責任感，能有效管理時間與資源。
• 面對挑戰時，保持正向、靈活應對變動。
• 高度誠信，對工作全力以赴，保證如期完成。
• 以用戶需求為核心，專注提升產品與服務體驗。
• 積極學習，接受挑戰，持續自我成長。
• 認同公司使命，並為共同目標努力。,ReactJS、Spring、MySQL、PostgreSQL、RDBMS、HTML、JavaScript、jQuery、CSS、Sass、Node.js、Java、AngularJS、VueJS、Redux、Django、Angular、Sketch、Zeplin、Adobe XD、Figma、Wireframe、Github、Jenkins、Git、AJAX
提升專業能力
提升專業能力,多媒體簡報製作、軟體程式設計、網路程式設計、多媒體企劃設計、多媒體技術開發、多媒體影像處理、行銷工具設計開發、使用者介面設計、設計表現能力、媒體動畫應用設計諮詢、電腦動畫設計","軟體工程師
、Internet程式設計師
、網頁設計師","月薪32,000元以上",無需出差外派,台中市北屯區文心路四段696號8樓之一,"https://maps.google.com.tw/?q=%E5%A5%87%E9%BB%9E%E7%84%A1%E9%99%90%E8%82%A1%E4%BB%BD%E6%9C%89%E9%99%90%E5%85%AC%E5%8F%B8@24.1716088,120.6873763&z=17",奇點無限股份有限公司
https://www.104.com.tw/job/6qm0o?app_jobsource=m_time4jobs&jobsource=new_map,APP 工程師,"1. 2 年以上 Android 開發經驗，能獨立完成 Android APP 開發及架構設計。
2. 熟悉 JAVA 以及 Android SDK；了解 Linux 基本命令與 NDK 基礎者優先。
3. 會使用第三方開源套件。
4. 熟悉使用Android Studio開發環境，熟悉Git版本控管。
5. 熟悉掌握 Android 通用主流開源框架，熟悉網絡編程、多線程、圖形界 面編程、熟悉 TCP/UDP、HTTP 協議。
6. 有基礎硬體概念者：I/O、UART、SPI 等介面概念優先錄取。

2025年辦公室將搬至「台灣大道龍邦世貿大樓：台中市西區臺灣大道二段220號」，提供更好的工作環境,技能專長：
1、需具備熟練Android studio運用之能力
2、需能應用Microsoft Office文件系統
其他技能專長：
1、Git
2、RESTful API
3、HTTP method
4、Kotlin

公司是個熱情有活力的公司，大家年齡都很年輕，
專業團結是我們給別人印象
公司有免費的咖啡可以喝
吃不完的零食可以吃
二個月一次的慶生會更是有趣
歡迎有熱情的您投遞，加入我們一同成長,Git、Kotlin
提升專業能力
提升專業能力,不拘","Android工程師
、iOS工程師
、軟體工程師",待遇面議,無需出差外派,台中市西區民龍里臺灣大道二段218號十四樓之2,"https://maps.google.com.tw/?q=%E5%90%88%E8%88%88%E6%95%B8%E4%BD%8D%E8%82%A1%E4%BB%BD%E6%9C%89%E9%99%90%E5%85%AC%E5%8F%B8@24.1522539,120.6687045&z=17",合興數位股份有限公司
https://www.104.com.tw/job/8uajp?app_jobsource=m_time4jobs&jobsource=new_map,網管人員,"1. 設定、檢修網路設備。
2. 規劃網路管理機制。
3. 控管、備份網路伺服器內的檔案，並設定用戶端權限，以確保檔案安全。
4. 監控系統運作，並建立危機處理的標準流程。
5. 分析、解決用戶端通訊問題。
6. 負責資訊安全的管制。
7. 設定電腦周邊硬體系統的網絡連線（如：印表機）。
8. 提供用戶端人員網路系統操作的教育訓練。
9. 依照企業需求，規劃、架設及管理各種伺服器。,未填寫,Vmware、Cisco、Linux
提升專業能力
提升專業能力,不拘",網路管理工程師,"月薪32,000~35,000元",無需出差外派,台中市北屯區南興三路290-2號,"https://maps.google.com.tw/?q=%E5%8F%AF%E5%8F%AF%E8%B2%9D%E5%85%92%E5%AC%B0%E5%A9%A6%E7%94%A8%E5%93%81%E5%B0%88%E8%B3%A3%E5%BA%97_%E5%8F%AF%E5%8F%AF%E8%B2%9D%E5%85%92%E6%9C%89%E9%99%90%E5%85%AC%E5%8F%B8@24.1783967,120.7033509&z=17",可可貝兒嬰婦用品專賣店_可可貝兒有限公司
https://www.104.com.tw/job/7dc1l?app_jobsource=m_time4jobs&jobsource=new_map,資料庫管理設計工程師,"1. 負責資料庫之分析、設計以及程式撰寫。
2. 規劃執行軟體架構及模組之設計，並控管軟體設計進度。
3. 進行軟體之測試與修改。
4. 熟悉後端資料庫運用軟體、MS SQL等資料庫、熟PHP Laravel
5. 有研究新技術與工具的熱忱
6. 積極主動、樂觀、能溝通、樂於助人及習慣團隊合作。,未填寫,C#、C++、Java、PHP、Access、MS SQL、MySQL、HTML、JavaScript
提升專業能力
提升專業能力,軟體程式設計、網路程式設計、資料庫系統管理維護、資料庫程式設計、資料庫軟體應用","軟體工程師
、資料庫管理人員
、其他資訊專業人員","月薪40,000~60,000元",無需出差外派,台中市北屯區,"https://maps.google.com.tw/?q=%E7%8E%8B%E9%81%93%E6%A9%9F%E5%99%A8%E4%BA%BA%E8%82%A1%E4%BB%BD%E6%9C%89%E9%99%90%E5%85%AC%E5%8F%B8@24.1815237,120.6861019&z=17",王道機器人股份有限公司
https://www.104.com.tw/job/77fxb?app_jobsource=m_time4jobs&jobsource=new_map,ASP.NET 程式設計師 / 網站後端工程師,"【工作內容】
1. 熟 HTML / HTML5 / CSS3 網頁相關技術。
2. 熟悉 C#.NET  程式架構( .NET Core /  MVC架構 )。
3. 熟 Javascript  /  jQuery  /  AJAX 等程式設計開發經驗。
4. 熟悉物件導向概念與 MVC架構
5. 具VueJS 等前端套件經驗尤佳。
6. 熟 SQL  /  XML  /  JSON 資料處理能力。
7. 有完整網站後端程式設計開發經驗者佳。
8. 可獨立或團隊合作，工作認真負責、態度積極進取，能配合公司規定。

【具備條件】
1. 與PM、業務、網頁設計等相關人員配合，協同執行網站專案
3. 熟悉 Ajax，Json使用
4. 具備Javascript、JQuery程式設計撰寫經驗
5. 需串接外部系統API (如綠界金流、物流、電子發票) 程式開發經驗。

【加分條件】
1. 能主動積極學習，習慣團隊合作，抗壓性高。
2. 有資料庫網頁的相關作品
3. 個性積極進取，會主動學習新知。
4. 愛好學習後端工程開發技術，樂於分享，關心網路發展
5. 個性開朗與同事互動,不拘,AJAX、ASP.NET、MS SQL、MySQL、HTML、JavaScript、jQuery、CSS、VueJS
提升專業能力
提升專業能力,資料備份與復原、軟體工程系統開發、網路程式設計、模組化系統設計、資料庫系統管理維護、資料庫程式設計","Internet程式設計師
、MIS程式設計師
、軟體工程師","月薪40,000~55,000元",無需出差外派,台中市北屯區崇德路二段46號10樓,"https://maps.google.com.tw/?q=%E9%9B%B2%E7%AB%AF%E6%95%B8%E4%BD%8D%E7%A7%91%E6%8A%80%E6%9C%89%E9%99%90%E5%85%AC%E5%8F%B8@24.169967,120.685538&z=17",雲端數位科技有限公司
https://www.104.com.tw/job/8u6qy?app_jobsource=m_time4jobs&jobsource=new_map,【台中/南投】自駕FAE工程師,"【工作摘要】
1.於各自動駕駛營運案場當地進行技術問題排除
2.協調自駕駕駛營運案場當地工程支援人員
3.技術問題進度追蹤，並加以收集整理回覆
4.負責技術文件撰寫更新與維護
5.定期台北教育訓練及考核

【職務內容】
（一）例行性工作
1.自動駕駛營運案場當地支援
2.自動駕駛營運協調
3.技術問題追蹤與客戶服務
4.技術文件撰寫
（二）不定期的工作
1.自動駕駛支援展示任務
2.需配合出差（台中/南投）,不拘,Python
提升專業能力
提升專業能力,不拘","FAE工程師
、業務支援工程師
、軟體工程師",待遇面議,需出差，一年累積時間約一個月以下,台中市北屯區,"https://maps.google.com.tw/?q=%E5%8B%A4%E5%B4%B4%E5%9C%8B%E9%9A%9B%E7%A7%91%E6%8A%80%E8%82%A1%E4%BB%BD%E6%9C%89%E9%99%90%E5%85%AC%E5%8F%B8@24.1815237,120.6861019&z=17",勤崴國際科技股份有限公司
https://www.104.com.tw/job/8pw49?app_jobsource=m_time4jobs&jobsource=new_map,【雲端維運部】(資深)DevOps 工程師,"【工作職責】
● 確保站台服務穩定不中斷，發生異常時可迅速恢復服務運作
-建置並關注營運環境的監控及告警系統，在問題發生前先行預防
-管理各產品環境的運行資源配置，確保可滿足服務自動調度需求
-配合值班輪調-監控、告警系統建置並持續關注異常，盡速排除。

● 配合開發需求建置並維護服務運行環境
-配合開發需求提供對應的基礎設施服務
-撰寫環境配置的自動化腳本，確保能提供服務的效率
-解決環境異常問題，讓開發人員可專注於業務邏輯開發

● 協助研發單位維持版本交付流程順暢
-建置軟體 CI、CD 流程，提升軟體交付效率
-確保開發單位災難處理流程可靠性

【其他條件】
●網路設定及資安觀念
●Linux 操作
●容器化資源管理 (k8s 為主)
●雲服務環境操作及管理 (Gcp 為主)
●CI、CD 流程建置 (Jenkins、Azure Devops、Google Cloud Build、others ..)
●溝通協調能力,不拘,Linux、Jenkins
提升專業能力
提升專業能力,不拘","MIS程式設計師
、網路管理工程師
、Internet程式設計師",待遇面議,無需出差外派,台中市北區健行路356號,"https://maps.google.com.tw/?q=%E5%90%91%E4%B8%8A%E9%9B%86%E5%9C%98_%E5%90%91%E4%B8%8A%E5%9C%8B%E9%9A%9B%E7%A7%91%E6%8A%80%E8%82%A1%E4%BB%BD%E6%9C%89%E9%99%90%E5%85%AC%E5%8F%B8@24.159315,120.683007&z=17",向上集團_向上國際科技股份有限公司
https://www.104.com.tw/job/8s2ap?app_jobsource=m_time4jobs&jobsource=new_map,後端工程師（台中）,"【徵才・後端工程師】與我們一起打造穩健高效的網路平台

❝ 我們是博聿 BOYU（https://boyu.one/），專注於數位平台開發與資訊系統整合。從企業網站、客製系統到電商平台、會員機制、金流整合，我們幫助各行各業順利轉型、拓展數位戰場！

現在，我們正在尋找一位對後端開發充滿熱情的夥伴，一起打造穩定、靈活又能持續進化的系統服務。如果你也想投入一場技術與創意的冒險，歡迎加入我們！❞


【工作地點】
・台中市北屯區（近中央公園）
・每週需至少外派「一天」至客戶公司（台北市中山區）


【工作時間】
・週一到週五，09:00 – 18:00
・可彈性上下班時間


【薪資與福利】
・月薪 NT$40,000 ～ NT$60,000（視能力與經驗調整）
・不定期聚餐與員工旅遊
・教育訓練補助，鼓勵學習新技術


【職務內容】
・負責公司自有或客戶專案的後端系統開發與維護
・使用 PHP 撰寫 API 或後台邏輯，串接前端與資料庫
・管理與擴充 WordPress 架構與功能（如客製主題與外掛開發）
・協助資料庫建置、效能優化及基本資安處理
・依照專案需求與設計師、前端工程師協同開發
・每週需至少外派1天至客戶公司（台北市中山區）


【期待你具備】
・熟悉 PHP 程式語言，能夠撰寫物件導向程式碼
・熟悉 WordPress 運作原理，具備撰寫客製化主題或 Plugin 的經驗
・熟悉 MySQL 或其他關聯式資料庫
・了解 Git 版本控制
・具備基本的 HTML / CSS / JavaScript 閱讀與溝通能力
・使用過任何 AI coding 軟體或 Agent，擁有與 AI 共同開發軟體經驗
・有責任感、可獨立作業並積極主動溝通


【加分條件】
・熟悉 WooCommerce 或其他 WordPress 電商外掛
・有操作過 Linux / Ubuntu 伺服器經驗（如 LAMP 架構）
・有使用 Node.js、React、React Native 或其他 JavaScript 框架經驗
・有 Android App 或 iOS App 開發經驗（native or React Native or Flutter）
・對 SEO、網站速度優化有研究
・有開發 RESTful API 或第三方 API 串接經驗


【應徵方式】
・請至 104 應徵，或將履歷與作品集寄至：hr@boyu.one
（若未附作品集，也歡迎簡述過往經驗）
・標題請註明「應徵後端工程師 - 姓名」
・歡迎提供 GitHub / 個人網站 / 曾參與專案連結，讓我們更了解你！



⌇想更認識我們？
→ 公司網站：https://boyu.one/,不拘,Git、AJAX、PHP、MySQL、HTML、jQuery、CSS
提升專業能力
提升專業能力,軟體工程系統開發、軟體程式設計、網路程式設計",後端工程師,"月薪40,000~60,000元",需外派，一年累積時間約六個月以下,台中市北屯區,"https://maps.google.com.tw/?q=%E5%8D%9A%E8%81%BF%E8%82%A1%E4%BB%BD%E6%9C%89%E9%99%90%E5%85%AC%E5%8F%B8@24.1815237,120.6861019&z=17",博聿股份有限公司
https://www.104.com.tw/job/8d37v?app_jobsource=m_time4jobs&jobsource=new_map,"資訊工程師, 資訊管理人員","1. 協助ERP系統導入協作、維護、測試、教育訓練、文件撰寫
2. 進行企業內部系統基礎管理與維護
3. 協助系統需求分析與維護
4. 進行操作流程描繪與手冊編寫
5. 專案策畫與執行驗收
6. 協助主管交辦事項
7. Excel函數應用精通、SQL 語法
8. 使用者端應用(簡易使用者日常問題處理)
9. 線路架設、安裝設備(含攝影機、光纖熔接、電話、網路......等設備)
10. 電腦、網路與其他硬體設備維護與故障排除 
11. 資訊系統(程式、資料庫)維護與故障排除
12. 協助公司同仁解決軟硬體使用問題與提供操作諮詢
13. 其他主管交辦之設備採購、維護與其他產品開發及營運相關業務

本職位是公司重要的資訊管理和維護工作，將有良好的發展前景。此工作需要申請人擁有一定的IT技能和經驗，並且具有責任心、熱情和學習能力。
如果您符合以上要求，並且有興趣申請這個職位，請在我們的網站上提交您的履歷和申請信。我們期待您的加入！,不拘,不拘,不拘","資訊助理
、其他資訊專業人員
、資訊設備管制人員","月薪29,499元以上",無需出差外派,台中市東區六順路109號,"https://maps.google.com.tw/?q=%E9%82%91%E6%96%B9%E9%86%AB%E7%99%82%E5%99%A8%E6%9D%90%E4%BC%81%E6%A5%AD%E7%A4%BE@24.1254268,120.700062&z=17",邑方醫療器材企業社
https://www.104.com.tw/job/8v8bq?app_jobsource=m_time4jobs&jobsource=new_map,研發部-韌體工程師,"【技能專長】: 熟UART、I²C、SPI等通訊介面對各式周邊元件之控制。

【加分條件】：
1.熟ARM Cortex-M、MCU、BMS  韌體程式開發經驗。 
2.熟FreeRTOS、Zephyr等即時作業系統程式開發經驗。
3.熟HTTP、MQTT、HTML、SQL 等Web服務相關基礎知識。
4.具單板電腦(例如：樹莓派)應用經驗。
5.具Arduino、 VS Code或 Micropython等開發環境與工具。
6.具有Wi-Fi 、藍牙等 無線通訊應用經驗。

※工作地點:台中,不拘,HTML、HTTP、ARM
提升專業能力
提升專業能力,韌體工程開發、韌體整合測試、韌體程式設計、網路程式設計","其他資訊專業人員
、韌體工程師
、軟體工程師",待遇面議,需出差，一年累積時間約一個月以下,台中市潭子區南二路16之1號,"https://maps.google.com.tw/?q=%E5%84%84%E5%A8%81%E9%9B%BB%E5%AD%90%E7%B3%BB%E7%B5%B1%E8%82%A1%E4%BB%BD%E6%9C%89%E9%99%90%E5%85%AC%E5%8F%B8@24.217386,120.7028094&z=17",億威電子系統股份有限公司
https://www.104.com.tw/job/8d1k8?app_jobsource=m_time4jobs&jobsource=new_map,"資訊管理, 商業管理, 資訊傳播, 企業管理人員, 專員, 工程師","1.負責企業品牌形象的創意設計與推廣策略
2.為企業製作宣傳海報、廣告、網站介面等相關物料
3.參與企業市場調查、分析行銷數據，以提供適當的設計方案
4.協助主管完成其他相關工作

商業設計師在現今社會中扮演著舉足輕重的角色，負責為企業打造獨特的品牌形象和推廣策略。在未來，由於網路行銷與電子商務的快速發展，商業設計的需求將日益增加，因此這是一個充滿發展潛力的職位。
歡迎有熱情和創意的您加入我們的團隊，期待您的加入！,不拘,不拘,資訊設備環境設定","網路管理工程師
、資訊助理
、商業設計","月薪29,500元以上",無需出差外派,台中市東區六順路109號,"https://maps.google.com.tw/?q=%E9%82%91%E6%96%B9%E9%86%AB%E7%99%82%E5%99%A8%E6%9D%90%E4%BC%81%E6%A5%AD%E7%A4%BE@24.1254268,120.700062&z=17",邑方醫療器材企業社
https://www.104.com.tw/job/8lf0o?app_jobsource=m_time4jobs&jobsource=new_map,代招醫療法人資訊室軟體開發工程師,"◆ 佛教慈濟醫療財團法人資訊室軟體開發工程師（工作地點：台中慈濟醫院）
1.大學（含）以上，醫學資訊、資訊科學、資訊管理、資訊工程相關科系畢業。
2.工作經驗不拘，有資訊相關產業背景尤佳。
3.具資料庫、演算法知識及資訊技能:  Java，PHP，Python, Visual Basic.Net,ASP.Net, MSSQL， Oracle，MySQL， Javascript, CSS 。
4.學習能力強， 對程式開發及軟體工程具有熱情，願意嘗試新的技術及架構。
5.具良好的溝通能力，團隊配合度高。
6.依個別資歷、工作表現、職務內容等， 每月提供經驗年資薪、技術津貼、每季提供績效獎金。
說明：此為佛教慈濟醫療財團法人徵才，詳情請至慈濟醫療財團法人104人力銀行網頁查詢
https://www.104.com.tw/company/1a2x6bl86u?jobsource=index_s_ac,未填寫,ASP.NET、C#、Java、PHP、Python、MS SQL、MySQL、Oracle、JavaScript、CSS
提升專業能力
提升專業能力,軟體程式設計、網路程式設計、資料庫程式設計、資料庫軟體應用","軟體工程師
、系統分析師
、Internet程式設計師","月薪37,000元以上",需出差，一年累積時間未定,台中市潭子區豐興路一段66、88號,"https://maps.google.com.tw/?q=%E4%BD%9B%E6%95%99%E6%85%88%E6%BF%9F%E9%86%AB%E7%99%82%E8%B2%A1%E5%9C%98%E6%B3%95%E4%BA%BA%E5%8F%B0%E4%B8%AD%E6%85%88%E6%BF%9F%E9%86%AB%E9%99%A2@24.1941709,120.7203818&z=17",佛教慈濟醫療財團法人台中慈濟醫院
https://www.104.com.tw/job/8ppft?app_jobsource=m_time4jobs&jobsource=new_map,前端工程師-線上面試,"【條件要求】

1.2 年以上網站開發經驗，或相關專業領域畢業。 
2.善於溝通、樂於分享、對技術有熱忱，喜歡學習 
3.熟悉 Vue/ Tailwind CSS
4.熟悉 HTML/CSS/TypeScript
5.熟悉基本 Git 操作 (不分CLI/GUI) 多人協作流程控制




【工作內容】

1. 串接 API、將 Prototype 實作為可以運行的網站
2.需求討論環節與產品討論需求與技術的可行性 
3.參與系統的設計 
4.如期如質的交付符合需求的網頁應用程式 
5.開發可重用的 Web 模組 
6.適當的時機引入提高品質的工程實踐



【加分條件】
1.良好的 coding style
2.有測試習慣與測試經驗
3.Web 串流經驗
4.考良好的使用者經驗
5.熟悉跨瀏覽器的相容性問題
6.Node.js 實務開發經驗
7.熟悉操作版本控制系統如 git
8.多人協作經驗、執行 code review 的經驗
9.有兩年以上 Web Frontend 的開發經驗




【休假制度】

周休二日
依公司配合開新發項目時,會特殊事情會需要加班,加班費照遵照勞基法給予,不拘,CSS、MySQL、PHP、JavaScript、HTML
提升專業能力
提升專業能力,軟體程式設計、資料庫程式設計、系統架構規劃、網路程式設計","後端工程師
、前端工程師
、軟體工程師",待遇面議,無需出差外派,台中市北區中清路一段100號10樓之5,"https://maps.google.com.tw/?q=%E7%97%9E%E5%AE%A2%E7%A7%91%E6%8A%80%E6%9C%89%E9%99%90%E5%85%AC%E5%8F%B8@24.1536484,120.677503&z=17",痞客科技有限公司
https://www.104.com.tw/job/7q7g6?app_jobsource=m_time4jobs&jobsource=new_map,QA 自動化測試工程師(台中),"網站應用程式開發 既有網站應用程式維護 測試程式撰寫，如單元測試、整合測試及瀏覽器自動化測試 跨團隊合作，完成技術主管或開發人員指派任務. 

1.具備Java Web開發開發能力
2.開發自動化測試腳本，撰寫測試案例，協助網頁開發的測試及功能驗證
3.自動測試系統開發(Selenium)
4.CI Server(Jenkins)
5.熟Git、SVN版本控制工具
6.熟悉html
7.邏輯清晰，並善於溝通。能夠主動提出問題並協調解決問題。,不拘,不拘,不拘","Internet程式設計師
、軟體工程師","月薪42,000元以上",無需出差外派,台中市南屯區公益路61號14樓之2,"https://maps.google.com.tw/?q=%E5%87%B1%E7%99%BC%E7%A7%91%E6%8A%80%E8%82%A1%E4%BB%BD%E6%9C%89%E9%99%90%E5%85%AC%E5%8F%B8@24.1506588,120.6680812&z=17",凱發科技股份有限公司
https://www.104.com.tw/job/8tw3n?app_jobsource=m_time4jobs&jobsource=new_map,【日本】新創軟體公司 徵flutter/GO工程師,"Flutter--
1.使用Flutter進行App開發與維護，能獨立完成Android版本的功能開發。
2.撰寫穩定、可維護、具擴充性的程式碼，確保程式品質與效能。
3.負責App開發、測試、打包與上架至Google Play，並支援內部測試流程。
4.熟悉 Flutter 相關 API、第三方套件整合，以及 RESTful API / JSON 資料交換。
5.持續優化開發流程與使用者體驗，提升產品品質與開發效率。
6.具備與後端或第三方 API 介接、Debug、效能分析的實務經驗。

GO--
【工作內容】
使用 Golang 開發遊戲後端系統

撰寫遊戲邏輯與數值邏輯，並設計模組化框架

與前端、美術、平台團隊協作整合

規劃與實作後端系統架構，提升擴充性與維護效率

處理高併發與效能優化問題，確保伺服器穩定運行,不拘,不拘,不拘","軟體工程師
、後端工程師
、遊戲工程師","月薪150,000~170,000元",,東北亞,"https://maps.google.com.tw/?q=%E5%8F%B0%E7%81%A3%E8%8B%B1%E7%89%B9%E8%89%BE%E5%80%AB%E4%BA%BA%E5%8A%9B%E8%B3%87%E6%BA%90%E6%9C%89%E9%99%90%E5%85%AC%E5%8F%B8@24.1573171,120.6832556&z=17",台灣英特艾倫人力資源有限公司
https://www.104.com.tw/job/8vhp7?app_jobsource=m_time4jobs&jobsource=new_map,資訊工程師-微信小程序,"1. 負責微信小程序維護。
2. 需熟Visual Studio, C#。
3. 需熟sql server。
4. 善溝通者佳,不拘,Visual Studio、C#
提升專業能力
提升專業能力,軟體程式設計","軟體工程師
、MIS程式設計師
、系統工程師",待遇面議,無需出差外派,台中市北區文心路四段200號11樓之6,"https://maps.google.com.tw/?q=%E5%8F%B0%E6%98%87%E5%9C%8B%E9%9A%9B%E8%82%A1%E4%BB%BD%E6%9C%89%E9%99%90%E5%85%AC%E5%8F%B8@24.173143,120.6768627&z=17",台昇國際股份有限公司
https://www.104.com.tw/job/8ky09?app_jobsource=m_time4jobs&jobsource=new_map,【外商新創AI品牌】Quality Assurance (QA) Engineer | AMR_885 | 部份遠距,"1. Experience with automated testing frameworks for web-based UIs and desktop applications.
2. Experience with API testing and relevant tools.
3. Familiarity with CI/CD pipelines and how QA fits into the DevOps culture.
4. Experience working in an Agile/Scrum development environment.
5. Familiarity with agentic automated testing concepts.

藝珂致力於協助科技領域的專業人才，找到最合適的職涯發展機會。
若您具備 軟體開發、雲端、資安、資料科學、AI 等相關經驗，正在尋找新的挑戰或想了解市場趨勢，歡迎與我聯繫，由 Jordan 為您提供專業的職涯建議與推薦。

Jordan Kuo
電話：02-7718-8019
信箱：jordan.kuo@adecco.com
Line：@129atsjt,【Minimum qualifications】
1. Bachelor's degree in Computer Science, Software Engineering, or a related field, or equivalent practical experience. 
2. 3+ years of experience in Quality Assurance or software testing, with experience in desktop applications, web applications, or API testing. 
3. Solid understanding of software QA methodologies, tools, and processes. 
4. Experience with test case management and bug tracking tools.
5. Ability to provide timely test reports.

【Preferred qualifications】
1. Experience with automated testing frameworks for web-based UIs and desktop applications.
2. Experience with API testing and relevant tools.
3. Familiarity with CI/CD pipelines and how QA fits into the DevOps culture.
4. Experience working in an Agile/Scrum development environment.
5. Familiarity with agentic automated testing concepts.,不拘,不拘","軟韌體測試工程師
、AI工程師",待遇面議,部分遠端，部分遠端，前期須進辦公室，後期獨立作業可遠端辦公,台中市中區,"https://maps.google.com.tw/?q=%E8%97%9D%E7%8F%82%E4%BA%BA%E4%BA%8B%E9%A1%A7%E5%95%8F%E8%82%A1%E4%BB%BD%E6%9C%89%E9%99%90%E5%85%AC%E5%8F%B8@24.1402601,120.6818181&z=17",藝珂人事顧問股份有限公司
https://www.104.com.tw/job/7ztqo?app_jobsource=m_time4jobs&jobsource=new_map,專案管理師,"專案經理是專案的靈魂人物，帶領團隊完成專案並驗收， 根據專案現況管理、控制及協調工作項目，我們期待優秀的你與我們一同前進!

職務內容： 
1. 負責專案執行與追蹤，管控專案進度，確保開發時程 
2. 確認專案需求，專案評估文件撰寫、修改
3. 溝通協調跨部門問題，並提供所需支援
4. 專案成本風險控管 
5. 產品測試與品質管理 
6. 其他主管交辦事項,不拘,Excel、PowerPoint、Word
提升專業能力
提升專業能力,專案時間╱進度控管、專案規劃執行╱範圍管理、專案溝通╱整合管理、專案管理架構及專案說明","其他專案管理師
、其他資訊專業人員","月薪40,000~42,000元",需出差，一年累積時間約一個月以下,台中市北屯區文心路四段,"https://maps.google.com.tw/?q=%E9%8C%8F%E9%8E%82%E4%BC%81%E6%A5%AD%E8%82%A1%E4%BB%BD%E6%9C%89%E9%99%90%E5%85%AC%E5%8F%B8@24.1723531,120.6840842&z=17",錏鎂企業股份有限公司
https://www.104.com.tw/job/8ar76?app_jobsource=m_time4jobs&jobsource=new_map,SAP ABAP 開發工程師,"1. 負責SAP系統的ABAP開發工作，包括自定義報表、界面、轉換程式和工作流程的設計與開發。
2. 根據需求，進行系統分析、設計、測試以及技術文檔編寫。
3. 與顧問合作，理解業務需求，提供技術解決方案。
4. 基本ABAP語言開發，包括ABAP報表、接口、轉換、表單開發。
5. 熟悉SAP資料字典、BAPI、RFC、ALE/EDI、IDOC等技術。
6. 了解SAP各模塊（如FI, MM, SD等）的業務流程和資料結構。
7. 協助跨平台技術（如 React、Java）應用於相關專案。,1. 能夠進行性能優化，撰寫高效、可維護的程式。
2. 良好的溝通與協作能力，能夠與團隊成員和非技術人員有效溝通。
3. 強烈的學習意願，能夠迅速掌握新技術。
4. 具有解決複雜問題的能力。,SAP、ABAP、Java
提升專業能力
提升專業能力,系統整合分析、軟體程式設計、模組化系統設計","軟體工程師
、營運管理師／系統整合／ERP專案師
、系統分析師",待遇面議,無需出差外派,台中市太平區工業二十路97號,"https://maps.google.com.tw/?q=%E8%A3%95%E6%A6%AE%E6%98%8C%E7%A7%91%E6%8A%80%E8%82%A1%E4%BB%BD%E6%9C%89%E9%99%90%E5%85%AC%E5%8F%B8%E5%8F%B0%E4%B8%AD%E5%88%86%E5%85%AC%E5%8F%B8@24.1078231,120.7210776&z=17",裕榮昌科技股份有限公司台中分公司
https://www.104.com.tw/job/88hiu?app_jobsource=m_time4jobs&jobsource=new_map,C# C++ APP工程師,"C# / C++應用程式開發,開發過 ios or Android app 佳,C#、C++
提升專業能力
提升專業能力,不拘","軟體工程師
、Internet程式設計師",待遇面議,無需出差外派,台中市潭子區雅潭路一段218號,"https://maps.google.com.tw/?q=%E9%91%AB%E7%99%BC%E7%A7%91%E6%8A%80%E8%82%A1%E4%BB%BD%E6%9C%89%E9%99%90%E5%85%AC%E5%8F%B8@24.2166065,120.6994671&z=17",鑫發科技股份有限公司
https://www.104.com.tw/job/88xan?app_jobsource=m_time4jobs&jobsource=new_map,ISO27001資訊安全管理系統主任稽核員(派駐台中),"1. 執行第三方資訊安全相關管理系統的驗證稽核服務。
(如:資訊安全管理系統、個資管理系統..)。
2.新國際資安標準的研讀及推動。
3 .擔任相關管理系統課程的教育訓練講師，如:公開班或包班講師。,具有ISO27000主任稽核員尤佳.,不拘,不拘","網路安全分析師
、資訊設備管制人員
、系統工程師","月薪40,000~80,000元",需出差外派，一年累積時間未定,台中市北屯區文平路187巷12號3F,"https://maps.google.com.tw/?q=%E4%BA%9E%E7%91%9E%E4%BB%95%E5%9C%8B%E9%9A%9B%E9%A9%97%E8%AD%89%E8%82%A1%E4%BB%BD%E6%9C%89%E9%99%90%E5%85%AC%E5%8F%B8@24.1815237,120.6861019&z=17",亞瑞仕國際驗證股份有限公司
https://www.104.com.tw/job/6boe6?app_jobsource=m_time4jobs&jobsource=new_map,Java程式設計講師-台中三民認證中心,"【業界經驗】有獨立完成Java程式設計專案開發經驗5年以上。
【授課經驗】具備一年以上教學經驗尤佳，若無則需準備教材試教以確認教學能力。
【專業證照】具備OCPJP國際認證及相關作品尤佳。,不拘,Android、Java、Python、Spring、Kotlin、JDBC、MySQL
提升專業能力
提升專業能力,軟體程式設計","電腦補習班老師
、軟體工程師
、講師","時薪350~1,000元",依公司規定,台中市北區三民路三段112號5樓,"https://maps.google.com.tw/?q=%E8%81%AF%E6%88%90%E9%9B%BB%E8%85%A6%E8%82%A1%E4%BB%BD%E6%9C%89%E9%99%90%E5%85%AC%E5%8F%B8(%E8%81%AF%E6%88%90%E9%9B%BB%E8%85%A6%2F%E8%81%AF%E6%88%90%E5%A4%96%E8%AA%9E)@24.1496394,120.6842319&z=17",聯成電腦股份有限公司(聯成電腦/聯成外語)
https://www.104.com.tw/job/84l5t?app_jobsource=m_time4jobs&jobsource=new_map,,"電商已是你我生活的一部分! 歡迎加入我們成為台灣第一大電商的一份子，親自
打造一個最棒的購物經驗。 本部門風氣非常自由開放，非常鼓勵工程師在技術上
精進，更歡迎喜愛創意發想的工程師來一展長才。


【工作職責】
1. 協助開發和優化Anroid 電子書APP 功能
2. Anroid 電子書APP 功能建置、上架、維護
3. Restful api 介接
4. APP 自動化持續整合，佈署(CI/CD)
5. Log 收集與APP持續優化

【技術要求】
1. 熟悉Java & Kotlin 程式語言
2. 熟悉google play console 上架流程
3. 熟悉Android UI/UX，有分析並改善產品的用戶體驗經驗

【加分項目】
1. 具電子書或閱讀器app開發經驗
2. 熟悉firebase 工具,* 如經面試錄取後，報到時須繳交「體格檢查表(一般)」，請於報到前自行至醫療機構辦理體檢 *,Android、Git、Java、Kotlin
提升專業能力
提升專業能力,不拘","Android工程師
、Internet程式設計師
、軟體工程師",待遇面議,無需出差外派,台中市北屯區文心路四段955號9樓(近四維國小站),"https://maps.google.com.tw/?q=%E5%AF%8C%E9%82%A6%E5%AA%92%E9%AB%94%E7%A7%91%E6%8A%80%E8%82%A1%E4%BB%BD%E6%9C%89%E9%99%90%E5%85%AC%E5%8F%B8(%E5%AF%8C%E9%82%A6momo)@24.1711371,120.6953441&z=17",富邦媒體科技股份有限公司(富邦momo)
https://www.104.com.tw/job/8ryey?app_jobsource=m_time4jobs&jobsource=new_map,Flutter 工程師 | 旅遊新創 - 旅步 tripool｜全遠端 -- 台中,"公司描述
- 2012年團隊成立，建立台灣旅遊資訊網站 rtaiwanr.com，當時每10位外語旅客就有1位透- 過此網站規劃來台旅程
- 2013年成立旅行社，提供包車旅遊服務，替外國旅客規劃50,000個客製化行程
- 2016年研發行程規劃系統，景點自動推薦、路徑最佳化並即時報價，大幅縮減人力支出80%
- 2018年從數據中發現約35%的行程並不需要全日包車旅遊，僅需單趟的接駁服務，因此將既有行程規劃系統做延伸，以演算法為基礎，開發出車輛調度與派車系統，建立 tripool旅步
- 2019年 tripool旅步全年服務超過來自60個不同國家的旅客，透過路徑規劃演算法降低空車率，以市價5~8折提供長途專車接送，往返全台各地風景區、飯店與機場
- 2020年Covid-19爆發後，深耕台灣市場，於2021年恢復疫情前營收表現，並於2022年成長超過100%
- 2024年提供海外服務＆台灣智慧共乘 

工作機會描述
-使用 React 開發網頁前端，打造吸引用戶的行銷頁面，支援行銷活動、推廣內容和品牌展示。
-與行銷團隊和設計師密切合作，根據品牌需求實現高品質的 UI 和交互效果，確保頁面吸引力和用戶體驗。
-熟悉 React 組件（如 Functional Components、Hooks）Flutter Widget，能夠快速實作動態、響應式的行銷頁面。
-使用 Flutter 開發 iOS 及 Android 平台的行銷相關應用頁面，實現跨平台的視覺一致性。
-整合 RESTful API，將後端數據（如行銷活動數據、用戶互動數據）融入網頁和應用中。
-熟悉 React 狀態管理（如 Context API、Redux）或 Flutter 狀態管理，實現流暢的頁面更新和數據交互。
-使用 Git 進行版本控制，與團隊協作完成程式碼管理。
-熟悉 WebView 實作，將行銷網頁內容嵌入 Flutter 應用中，或在 React 中處理嵌入式內容。
-協助應用打包及上架流程，確保 Flutter 相關行銷頁面順利發佈到 iOS 和 Android 平台。
-分析並優化網頁和應用行銷頁面的效能（如載入速度、動畫流暢度、SEO 優化）。
-持續學習前端新技術（如 React 新功能、Flutter 更新），並應用於行銷頁面的創新功能。
-擅長與行銷、設計及後端團隊溝通，具備良好的協調能力和對新技術的學習熱情。

其它加分條件
-熟悉 Flutter 進階功能（如自定義動畫、複雜 Widget 組合），能提升行銷頁面的互動體驗。
-熟悉 Firebase，特別是 Firebase Analytics 或 Firebase Remote Config，用於追蹤行銷活動成效。
-熟悉 GPS 和地圖功能（如 geolocator 或 mapbox_maps_flutter），能實現基於位置的行銷功能。
-熟悉 React 狀態管理工具（如 Redux, Zustand, MobX）或 Flutter 狀態管理方案（如 GetX, Provider, Riverpod, BLoC）。
-熟悉前端測試框架（如 Jest, React Testing Library）或 Flutter 測試（如單元測試、Widget 測試）。
-有作品展示（如行銷相關網頁或應用），能展現 UI/UX 設計能力或行銷頁面實作經驗尤佳。
-有作品展示尤佳

你會想加入我們團隊的原因
- 你喜歡在小型團隊工作，並討厭官僚僵化的流程
- 你喜歡學習，熱愛鑽研技術
- 你享受嘗試新事物和前衛的技術
- 彈性上班時間，完全遠端工作,不拘,Flutter、Firebase、iOS、Android、Github、SEO、Git
提升專業能力
提升專業能力,不拘","Android工程師
、iOS工程師
、前端工程師","月薪55,000~70,000元",無需出差外派,台中市北屯區,"https://maps.google.com.tw/?q=Tripool%E6%97%85%E6%AD%A5_%E7%8E%A9%E5%B3%B6%E7%8E%A9%E6%97%85%E8%A1%8C%E7%A4%BE%E8%82%A1%E4%BB%BD%E6%9C%89%E9%99%90%E5%85%AC%E5%8F%B8@24.1815237,120.6861019&z=17",Tripool旅步_玩島玩旅行社股份有限公司
https://www.104.com.tw/job/7jqwl?app_jobsource=m_time4jobs&jobsource=new_map,台中_工程部門助理,"本公司為自動化設備廠商，已於此業界近30年，並著眼於全球業務發展，目前正在擴大招募優秀人才，歡迎志同道合的您加入本公司團隊。

工作內容: 
1. 協助治工具圖面確認、安排製作
2. 詢價及報價處理
3. 客戶訂單彙整、訂單處理、出貨安排
4. 行政庶務處理及主管交辦事項

有視圖能力尤佳
對繪圖軟體有基礎者佳,未填寫,Excel、Outlook、Word
提升專業能力
提升專業能力,不拘","工程助理
、資訊助理
、業務助理","月薪35,000~40,000元",無需出差外派,台中市潭子區興華一路237號,"https://maps.google.com.tw/?q=%E9%B4%BB%E9%A8%8F%E6%96%B0%E6%8A%80%E8%82%A1%E4%BB%BD%E6%9C%89%E9%99%90%E5%85%AC%E5%8F%B8@24.2092496,120.7031993&z=17",鴻騏新技股份有限公司
https://www.104.com.tw/job/8qd9q?app_jobsource=m_time4jobs&jobsource=new_map,系統分析師(數位印刷),"1. 協助業務單位銷售商品之Pre-sales工作。
2. 裝機完成後各項系統相關之售後服務。
3. 協助國外支援單位(CTS)相關產品問題之測試。
4. 提供銷售產品之基本操作教育訓練。
5. 支援公司舉辦之大型展示活動。,不拘,不拘,不拘","系統分析師
、業務支援工程師
、系統工程師","月薪35,000元以上",無需出差外派,台中市北屯區北屯路360號10樓,"https://maps.google.com.tw/?q=%E5%8F%B0%E7%81%A3%E5%AF%8C%E5%A3%AB%E8%BB%9F%E7%89%87%E8%B3%87%E8%A8%8A%E8%82%A1%E4%BB%BD%E6%9C%89%E9%99%90%E5%85%AC%E5%8F%B8@24.1753866,120.6993574&z=17",台灣富士軟片資訊股份有限公司
https://www.104.com.tw/job/8shmx?app_jobsource=m_time4jobs&jobsource=new_map,UI/UX工程師,"網頁及APP設計,不拘,不拘,不拘","iOS工程師
、Android工程師
、前端工程師","月薪35,000~50,000元",無需出差外派,台中市北屯區文心路4段83號10樓-1,"https://maps.google.com.tw/?q=%E5%8F%B0%E7%81%A3%E7%A6%8F%E6%96%AF%E7%A7%9F%E8%B3%83%E8%82%A1%E4%BB%BD%E6%9C%89%E9%99%90%E5%85%AC%E5%8F%B8@24.1741733,120.673008&z=17",台灣福斯租賃股份有限公司
https://www.104.com.tw/job/8u948?app_jobsource=m_time4jobs&jobsource=new_map,區塊鏈,"1.區塊鏈推廣
2.每天拍片,排時間直播

區塊鏈工程師是當前數字資產領域不可或缺的一份子，隨著區塊鏈技術的發展，這個職位的需求不斷增加。這個職位負責區塊鏈相關的開發和維護，將有機會參與到數字資產的支付基礎設施建設以及積極探索新的應用場景，未來發展潛力巨大。
如果您對這個職位感興趣，請提交您的履歷表，期待與您更深入的交流！,不拘,短影音
提升專業能力
提升專業能力,不拘",區塊鏈工程師,"月薪36,000~60,000元",無需出差外派,台中市北區崇德路一段631號9樓之1,"https://maps.google.com.tw/?q=%E7%81%AB%E8%8A%AF%E6%9C%89%E9%99%90%E5%85%AC%E5%8F%B8@24.1674817,120.6848729&z=17",火芯有限公司
https://www.104.com.tw/job/6g3da?app_jobsource=m_time4jobs&jobsource=new_map,資深Python程式課程講師-台中站前認證中心,"【業界經驗】業界五年以上相關經驗﹅能夠獨立開發專案﹅專案經驗分享。
【授課經驗】具備一年以上教學經驗尤佳，若無則需準備教材試教以確認教學能力。
【作品需求】備作品。,不拘,Python
提升專業能力
提升專業能力,不拘","電腦補習班老師
、全端工程師
、AI工程師","時薪400~1,200元",依公司規定,台中市中區中山路2號3樓,"https://maps.google.com.tw/?q=%E8%81%AF%E6%88%90%E9%9B%BB%E8%85%A6%E8%82%A1%E4%BB%BD%E6%9C%89%E9%99%90%E5%85%AC%E5%8F%B8(%E8%81%AF%E6%88%90%E9%9B%BB%E8%85%A6%2F%E8%81%AF%E6%88%90%E5%A4%96%E8%AA%9E)@24.1375329,120.6840819&z=17",聯成電腦股份有限公司(聯成電腦/聯成外語)
https://www.104.com.tw/job/7axqw?app_jobsource=m_time4jobs&jobsource=new_map,機器人研發工程師、ROS應用工程師,"1. 公司新產品機器人操控軟體設計 
2. 移動平台韌體設計，熟 Linux 、ROS、SLAM軟體設計為佳 
3. 進行研發SOP規劃, Test Case撰寫及產出Test Report 等相關測試文件
4. 韌體微調與測試,1.擅長工具：需有Window Office操作經驗，程式語言有 C、C++、熟 Linux 、ROS、Slam  軟體應用設計基礎經驗者優先錄取
2.渴望學習、善於溝通、喜歡 機器人、3C產品者佳,Linux、Word、PowerPoint、Excel、Visual C++、Python、C++、C#、Github、Windows 10
提升專業能力
提升專業能力,軟體工程系統開發、簡報軟體操作、電子試算表軟體操作、文書處理軟體操作、微電腦軟體設計、韌體程式設計、軟體程式設計、韌體整合測試、韌體工程開發","韌體工程師
、軟體工程師
、電子工程師","月薪42,000~65,000元",無需出差外派,台中市北屯區,"https://maps.google.com.tw/?q=%E7%8E%8B%E9%81%93%E6%A9%9F%E5%99%A8%E4%BA%BA%E8%82%A1%E4%BB%BD%E6%9C%89%E9%99%90%E5%85%AC%E5%8F%B8@24.1815237,120.6861019&z=17",王道機器人股份有限公司
https://www.104.com.tw/job/8vgx6?app_jobsource=m_time4jobs&jobsource=new_map,嵌入式系統工程師／無人機暨數圖傳系統開發,"我們是一家專注於無人機（Drone）與智慧飛行系統的新創公司，
開發整合飛控、感測、通訊與影像串流的嵌入式平台。
加入我們，你將參與從韌體到飛行測試的全開發流程！

主要工作內容：

* 開發與維護無人機嵌入式韌體（C/C++、Embedded Linux、RTOS）。
* 撰寫與整合感測器驅動（IMU、GPS、磁力計、氣壓計等）。
* 開發與優化 **數據與影像傳輸系統（Data & Video Link）**。
* 影像壓縮與串流（H.264/H.265、RTP/RTSP、MAVLink）。
* 進行系統效能分析、延遲優化與穩定性提升。
* 與硬體、航電、地面站團隊合作整合與 Debug。
* 參與國內外試飛任務與現場技術支援（具海外出差機會）。,不拘,Android、IoT、C++、Git、Python、Github、Linux
提升專業能力
提升專業能力,軟體程式設計、軟體工程系統開發、結構化程式設計、系統架構規劃","軟體工程師
、Android工程師
、AI工程師",待遇面議,無需出差外派,台中市北屯區崇德路二段16號4樓,"https://maps.google.com.tw/?q=%E7%BF%94%E5%AE%87%E5%8B%95%E5%8A%9B%E7%A7%91%E6%8A%80%E8%82%A1%E4%BB%BD%E6%9C%89%E9%99%90%E5%85%AC%E5%8F%B8@24.1688092,120.6856694&z=17",翔宇動力科技股份有限公司
https://www.104.com.tw/job/35h9b?app_jobsource=m_time4jobs&jobsource=new_map,Kotlin Android APP講師-台中三民認證中心,"【業界經驗】程式開發或設計相關工作領域經驗5年以上。
【授課經驗】具備一年以上教學經驗尤佳，若無則需準備教材試教以確認教學能力。
【證照作品】須有獨立App開發、並成功在App市集上架之經驗。,不拘,Android、Git、Java、Kotlin、MySQL、Firebase
提升專業能力
提升專業能力,軟體程式設計","電腦補習班老師
、講師
、Android工程師","時薪400~1,000元",依公司規定,台中市北區三民路三段112號5樓,"https://maps.google.com.tw/?q=%E8%81%AF%E6%88%90%E9%9B%BB%E8%85%A6%E8%82%A1%E4%BB%BD%E6%9C%89%E9%99%90%E5%85%AC%E5%8F%B8(%E8%81%AF%E6%88%90%E9%9B%BB%E8%85%A6%2F%E8%81%AF%E6%88%90%E5%A4%96%E8%AA%9E)@24.1496394,120.6842319&z=17",聯成電腦股份有限公司(聯成電腦/聯成外語)
https://www.104.com.tw/job/8lnol?app_jobsource=m_time4jobs&jobsource=new_map,MIS工程師_台中,"一、 系統與伺服器管理
1.作業系統： 熟悉 Windows Server 及 Linux (如 CentOS, Ubuntu) 作業系統的安裝、設定與維護。
2.伺服器架設： 具備實體/虛擬伺服器架設、安裝與設定經驗。
3.虛擬化： 熟悉虛擬化平台 (VMware ESXi, vCenter) 的安裝、設定與日常維護。
4.常用服務： 具備 AD、DNS、DHCP、FTP、NFS、Mail Server 等常用服務的安裝設定與管理能力。
二、 網路與硬體
1.網路基礎： 熟悉 TCP/IP, LAN/WAN 等網路基本概念。
2.防火牆 (Firewall)： 具備 Firewall 的架設、安裝與設定維護能力。
3.故障排除： 具備基本系統、硬體（含 Server）的故障排除能力。
4.機房維運： 具備 UPS 不斷電系統的操作與基本維護能力。
三、 應用與維運
1.網站架設： 具備 IIS、NGINX、MSSQL 等網站服務的基礎安裝設定能力。
2.系統監控： 具備監控系統 (如 Zabbix, Nagios 等) 的安裝、設定與維護能力。,【加分條件】
1. 具 Azure 等雲端系統規劃、操作能力
2. 具 Docker建置、管理、操作能力
3. 具 Qradar、ELK、Splunk 任一操作經驗
4. 具機房規劃、建置維護經驗
5.核心素養:
1)溝通協調： 具備跨部門溝通、協調及清晰的表達能力。
2)問題解決： 具備獨立的問題分析與解決能力，能快速排查並處理突發狀況。,Vmware、Linux、Windows Server 2019
提升專業能力
提升專業能力,規劃與管理防火牆、網路安全架構分析與設計、網路規劃管理","MIS／網管主管
、系統工程師
、網路管理工程師","月薪35,000元以上",無需出差外派,台中市北區文心路四段208-1號4F,"https://maps.google.com.tw/?q=%E6%BC%A2%E6%98%95%E7%A7%91%E6%8A%80%E8%82%A1%E4%BB%BD%E6%9C%89%E9%99%90%E5%85%AC%E5%8F%B8@24.1729251,120.677373&z=17",漢昕科技股份有限公司
https://www.104.com.tw/job/6k0i7?app_jobsource=m_time4jobs&jobsource=new_map,行政專員,"1. 負責日常行政事務，如處理文書、管理文件等
2. 負責公司公務事務、資料庫管理等相關工作
3. 其他主管交辦事宜
4. 有Access、SQL、MySQL 基礎優先入取

此職位負責執行公司一般行政管理工作，
對公司運作穩定及效率發揮重要作用。
若您具備相關經驗及技能，並有意願長期在本公司發展，歡迎加入我們的行列。
歡迎符合條件者投遞履歷表，我們將在最短時間內進行回覆。,不拘,Word、PowerPoint、Excel、MySQL、MS SQL、Access
提升專業能力
提升專業能力,資料庫系統管理維護、資料庫軟體應用、資料庫程式設計、保險相關法規、人身保險規範、文件或資料輸入建檔處理、行政事務處理、文書處理╱排版能力","其他資訊專業人員
、資料庫管理人員
、行政人員","月薪30,000元以上",無需出差外派,台中市北區民權路559號13樓,"https://maps.google.com.tw/?q=%E8%81%AF%E6%97%97%E4%BF%9D%E9%9A%AA%E4%BB%A3%E7%90%86%E4%BA%BA%E8%82%A1%E4%BB%BD%E6%9C%89%E9%99%90%E5%85%AC%E5%8F%B8@24.1618281,120.6703637&z=17",聯旗保險代理人股份有限公司
https://www.104.com.tw/job/872zh?app_jobsource=m_time4jobs&jobsource=new_map,資訊部_研發工程師【IoT】,"1. Code Review與文件撰寫。 
2. 具備獨立debug/閱讀最新技術文件能力。 
3. IoT 設備 軟/韌體分析、設計、程式撰寫及測試。
4. 具基本MCU硬體認識，韌體開發、軟硬體整合開發、測試。 
5. 改善及優化現有韌體，建構未來的彈性與可擴充性，增加軟體品質。 
6. 配合專案需求，對新產品及技術進行目標學習與發展。
7. 其他主管交辦事項。,不拘,MCU、Git、C++、Python、TCP/IP、UDP、ARM
提升專業能力
提升專業能力,韌體工程開發、軟體程式設計、韌體程式設計","軟體工程師
、韌體工程師
、硬體研發工程師","月薪40,000~50,000元",無需出差外派,台中市太平區新興路169號6樓,"https://maps.google.com.tw/?q=%E5%AF%8C%E9%8C%A6%E6%9C%AA%E4%BE%86%E8%82%A1%E4%BB%BD%E6%9C%89%E9%99%90%E5%85%AC%E5%8F%B8@24.1591501,120.7073633&z=17",富錦未來股份有限公司
https://www.104.com.tw/job/8tw4g?app_jobsource=m_time4jobs&jobsource=new_map,【台中】新創軟體公司 徵 SRE運維工程師,"1.負責公司 Java / PHP 應用系統的部署與維運自動化
2.建置並維護 CI/CD 流程（如 Jenkins、GitLab CI、GitHub Actions 等）
3.與開發團隊協作，優化應用部署、監控與回滾機制
4.維護與監控生產環境系統，提升系統穩定性與效能
5.撰寫運維工具或腳本以提升作業效率（Shell, Python 等）
6.建立部署文件、維運手冊與異常處理流程
7.協助系統日誌分析、問題追蹤與風險控管,不拘,Github、Jenkins、Git、Shell
提升專業能力
提升專業能力,不拘","軟體工程師
、後端工程師
、遊戲工程師",待遇面議,,台中市北區,"https://maps.google.com.tw/?q=%E5%8F%B0%E7%81%A3%E8%8B%B1%E7%89%B9%E8%89%BE%E5%80%AB%E4%BA%BA%E5%8A%9B%E8%B3%87%E6%BA%90%E6%9C%89%E9%99%90%E5%85%AC%E5%8F%B8@24.1573171,120.6832556&z=17",台灣英特艾倫人力資源有限公司
https://www.104.com.tw/job/8tj8z?app_jobsource=m_time4jobs&jobsource=new_map,美編人員,"1.具設計美術概念，熟悉Illustrator、Photoshop、熟悉adobe相關軟體操作 

2.基礎設計製作廣告素材排版、活動視覺Banner、公司官網與公司銷售頁圖文維護及其相關平面文宣圖文維護

3.具備影像編輯與操作相關軟體

4.撰寫文案，熟悉社群社交

5.具備網路管理觀念者佳,不拘,Adobe Acrobat、Excel、Word、PowerPoint
提升專業能力
提升專業能力,資料庫系統管理維護、資料庫軟體應用","資料庫管理人員
、資訊設備管制人員","月薪35,000元以上",無需出差外派,台中市南區南區五權南路175號1F,"https://maps.google.com.tw/?q=%E6%B3%89%E6%BA%A2%E9%9B%BB%E6%A9%9F%E5%B7%A5%E5%BB%A0%E8%82%A1%E4%BB%BD%E6%9C%89%E9%99%90%E5%85%AC%E5%8F%B8@24.1261145,120.6695161&z=17",泉溢電機工廠股份有限公司
https://www.104.com.tw/job/6iecb?app_jobsource=m_time4jobs&jobsource=new_map,韌體工程師,"1.電子電路設計。
2:ARM Cortex M3,M4(3年以上實做)。
3.PC C#。,不拘,不拘,韌體程式設計、開發電子電路系統、電子電路設計","韌體工程師
、類比IC設計工程師
、電子工程師","月薪40,000~50,000元",無需出差外派,台中市大里區國中路103號(412),"https://maps.google.com.tw/?q=%E5%95%9F%E5%BE%B7%E9%9B%BB%E5%AD%90%E8%82%A1%E4%BB%BD%E6%9C%89%E9%99%90%E5%85%AC%E5%8F%B8@24.0958295,120.6841046&z=17",啟德電子股份有限公司
https://www.104.com.tw/job/5n0f0?app_jobsource=m_time4jobs&jobsource=new_map,客戶服務工程師(台中),"1. 客戶服務工作，負責客戶端主機/網路/資安等產品之規劃、建置與維護、
專案管理與支援。
2. 視工作能力負責下列單一或多項產品/方案。
  (1)Cisco、HPE相關主機與儲存設備安裝維運
  (2)Alcatel-Lucent、Cisco、F5、HPE/Aruba相關網路設備安裝維運
  (3)Cisco、Fortinet、Palo Alto相關資安設備安裝維運
  (4)Hyper-V、VMware相關虛擬化產品安裝維運

※薪資依學經歷敘薪,1. 具Cisco、Fortinet、HPE/Aruba、VMWare等相關專業證照者尤佳
2. 熟悉Cisco 、Fortinet、HPE/Aruba、VMWare產品及技術者尤佳,不拘,不拘","網路管理工程師
、MIS／網管主管
、系統工程師","月薪31,000~35,000元",需出差，一年累積時間約三個月以下,台中市北區,"https://maps.google.com.tw/?q=%E5%87%8C%E7%BE%A4%E9%9B%BB%E8%85%A6%E8%82%A1%E4%BB%BD%E6%9C%89%E9%99%90%E5%85%AC%E5%8F%B8@24.1573171,120.6832556&z=17",凌群電腦股份有限公司
https://www.104.com.tw/job/8ersr?app_jobsource=m_time4jobs&jobsource=new_map,資訊專員,"1.資訊設備主機、PC安裝與系統維護裝配管理。
2.網路系統安裝與配置、維護測試監控。
3.網路系統日常檢查及異常狀況初步研判檢修。
4.軟硬體設備預算與採買規劃。
5.資訊設備環境設定、VMware虛擬機基礎操作。
6.Windows伺服器網站架設管理維護、軟體整合測試。
7.基礎MSSQL資料庫管理及檔案文件備份維護。
8.基礎IIS之WEB網路應用軟體架設操作維護。
9.防火牆設定、管理。
10.NAS設定、管理。
11. 操作與管理電腦及相關週邊設備。
12. 安排電腦作業，以確保時效、安全及有效執行。
13. 依據標準作業程序，執行電腦備份作業。
14. 依處理或登錄資料需要，安放磁帶或磁片並管理磁帶、磁片資料檔。
15.其他:主管指派之工作,不拘,不拘,伺服器網站管理維護、資料備份與復原、電腦設備裝配、資訊設備操作檢修、資訊設備環境設定、資料庫系統管理維護、系統架構規劃與維護、安裝與維護網路安全系統、規劃與管理入侵防護系統（IPS）、規劃與管理防火牆、網路系統危機管理、網路配線工具使用、網路架設佈線、網路設備設定安裝","資訊設備管制人員
、MIS／網管主管
、MIS程式設計師","月薪38,000元以上",無需出差外派,台中市潭子區潭興路一段湳底巷4之5號,"https://maps.google.com.tw/?q=%E4%BD%91%E5%AE%87%E8%88%88%E6%A5%AD%E6%9C%89%E9%99%90%E5%85%AC%E5%8F%B8@24.2075073,120.735062&z=17",佑宇興業有限公司
https://www.104.com.tw/job/8s8rz?app_jobsource=m_time4jobs&jobsource=new_map,【產品發展部】(資深)主任全端工程師,"【工作職責】
●負責產品站台開發與維護，包含後台管理系統、官網、etc. (Vue3)。
●負責 API 功能設計、開發與維護 (JavaScript/TypeScript)。
●負責 API 文件撰寫與維護。
●負責擔任技術窗口，與客戶進行串接、溝通及異常排除(on call)
●負責規劃前後端部屬策略（SSR、SPA、CDN、CI/CD）
●負責技術評估與選型，導入合適的框架與工具

【其他條件】
●熟悉至少一種前端開發框架 (React、Vue、Next.js、Nuxt、etc ..)
●熟悉模組化架構設計、前端效能優化、SEO、跨瀏覽器相容
●能獨立思考系統架構設計，理解整體軟體開發生命週期與 DevOps 流程
●文件編寫與管理能力
●溝通協調與團隊協作能力

【加分條件】
●熟悉 SQL / NoSQL 資料庫操作（PostgreSQL、MySQL、MongoDB、etc ..）
●熟悉 GCP 雲端平台操作與服務（App Engine、Cloud Run、Cloud Storage、Cloud SQL、Pub/Sub、etc ..）
●熟悉與AI模型或MCP串接應用整合,不拘,不拘,不拘","軟體工程師
、遊戲工程師
、Internet程式設計師",待遇面議,無需出差外派,台中市北區健行路356號,"https://maps.google.com.tw/?q=%E5%90%91%E4%B8%8A%E9%9B%86%E5%9C%98_%E5%90%91%E4%B8%8A%E5%9C%8B%E9%9A%9B%E7%A7%91%E6%8A%80%E8%82%A1%E4%BB%BD%E6%9C%89%E9%99%90%E5%85%AC%E5%8F%B8@24.159315,120.683007&z=17",向上集團_向上國際科技股份有限公司
https://www.104.com.tw/job/5fok0?app_jobsource=m_time4jobs&jobsource=new_map,資安工程師(台中),"測試、安裝、建置、維護企業資安設備及系統，如：防火牆（Firewall）、入侵偵測防禦系統(IPS) … 等資安設備。

※薪資依學經歷敘薪,1. 具備網路架構、TCP/IP、防火牆及資安設備運作基本概念。  
2. 有網路建置及虛擬化應用經驗尤佳。  
3. 細心、負責、積極。

註：如無相關工作經驗者，若對資訊安全有興趣，且具高度熱誠與學習能力，並有良好的溝通能力與抗壓性，也非常歡迎您。,Linux、UNIX、TCP/IP
提升專業能力
提升專業能力,不拘","系統工程師
、網路管理工程師
、資訊設備管制人員","月薪32,000元以上",需出差，一年累積時間約一個月以下,台中市北區,"https://maps.google.com.tw/?q=%E5%87%8C%E7%BE%A4%E9%9B%BB%E8%85%A6%E8%82%A1%E4%BB%BD%E6%9C%89%E9%99%90%E5%85%AC%E5%8F%B8@24.1573171,120.6832556&z=17",凌群電腦股份有限公司
https://www.104.com.tw/job/8on14?app_jobsource=m_time4jobs&jobsource=new_map,【台中】平台後端研發工程師（Backend Engineer with Product Passion）,"我們是誰？
我們是全台規模領先的智慧生活平台，擁有超過 250 萬會員、每日活躍用戶突破 150 萬，平台涵蓋智慧社區、智慧建築、AIOT 整合、社區數位治理、專業到府服務與電商等多元應用，技術堆疊涵蓋 Kubernetes 公有雲架構、高可用微服務、AIOT 訊息佇列與實時資料處理，後端技術核心以 .NET 為主軸，亦包含多語言整合環境。
我們正在尋找一位不只是寫程式，而是對「產品與使用者價值」有熱情的後端工程師，你會成為推動平台前進的技術夥伴，也可能是未來技術文化的佈道者（Evangelist）。

你會參與的事：
●設計並開發高可用、高併發、高穩定性的後端服務與 API
●與產品經理、前端與 QA 合作，從需求定義到落地開發，共同打造有感功能
●優化與重構既有系統架構，追求可維護性、可觀測性與擴展性
●持續導入新技術與最佳實踐（如 Clean Architecture、Event-Driven）
●協助團隊進行技術討論、code review、知識分享，扮演技術文化推動者
●支援平台對 AIOT、數據平台、社區設備整合等應用的後端開發需求

我們希望你有的樣子：
●具備 2 年以上後端開發經驗（.NET Core/C# 優先，其他語言亦可）
●熟悉 RESTful API 設計、資料庫 Schema 設計與效能調校（SQL/NoSQL）
●熟悉 Kubernetes、CI/CD、自動化部署流程尤佳
●對大型系統設計、軟體架構演進有興趣並願意鑽研（ex: 分散式系統、微服務）
●樂於分享、主動學習、關心使用者，能從「技術 + 產品」雙面思考

加分項目（不是硬性條件）：
●參與過中大型會員平台、訂單系統、排程任務等經驗
●熟悉消息佇列（如 Kafka、RabbitMQ、MQTT）與非同步架構
●有參與 DevOps、SRE 或 Observability（如 Prometheus, Grafana）實務經驗
●實作過 Domain-driven Design、Hexagonal/Clean Architecture 架構
●寫過技術部落格、社群分享、內部技術推廣等紀錄

 我們提供：
●技術導向文化，擁抱挑戰與創新，不設限於既有框架
●有規模也有速度的開發場域，讓你的設計在真實使用者中產生影響
●參與整個平台從產品概念到技術實踐的完整循環
●同溫層外的團隊，與你一樣熱血但不盲從的夥伴們
●彈性工時制度、教育訓練補助、技術社群參與支持

我們相信「工程師的成就感，來自技術實現使用者價值的過程」
如果你期待的不只是開發任務，而是一個能共同思考產品、挑戰技術極限、也能影響團隊文化的場域，請投遞你的履歷或作品集，讓我們一起聊聊怎麼讓「後端工程」更有靈魂。,不拘,ASP.NET、C#、MySQL
提升專業能力
提升專業能力,不拘","軟體工程師
、網頁設計師
、Internet程式設計師","月薪70,000~100,000元",無需出差外派,台中市北區太原北路130號11樓,"https://maps.google.com.tw/?q=%E6%99%BA%E7%94%9F%E6%B4%BB%E7%A7%91%E6%8A%80%E8%82%A1%E4%BB%BD%E6%9C%89%E9%99%90%E5%85%AC%E5%8F%B8@24.1653425,120.6701508&z=17",智生活科技股份有限公司
https://www.104.com.tw/job/8t9xt?app_jobsource=m_time4jobs&jobsource=new_map,AI應用工程師,"1.熟AI機器/深度學習演算法,具構建與部署NLP/Bert模型經驗 
2.熟Python, C#
3.具DevOps 經驗（Kubernetes, Docker） 
4.熟悉 API 設計、微服務架構經驗者佳
5.熟悉資料工程（如 ETL、API 串接、SQL、大數據平台）者佳
6.有MES系統整合經驗者佳
依經驗與能力調整，年薪100萬元以上（含績效與專案獎金）,不拘,C#、Python
提升專業能力
提升專業能力,深度學習、演算法設計","FAE工程師
、AI工程師
、資料科學家","月薪70,000元以上",無需出差外派,台中市北區文心路四段212號8樓之1,"https://maps.google.com.tw/?q=%E5%B7%9D%E6%B5%B7%E4%BC%81%E6%A5%AD%E7%AE%A1%E7%90%86%E9%A1%A7%E5%95%8F%E8%82%A1%E4%BB%BD%E6%9C%89%E9%99%90%E5%85%AC%E5%8F%B8@24.1729,120.6782316&z=17",川海企業管理顧問股份有限公司
https://www.104.com.tw/job/6g319?app_jobsource=m_time4jobs&jobsource=new_map,資深Kotlin Android APP講師-台中三民認證中心,"【業界經驗】至少有相關工作經驗7年以上。
【授課經驗】具備一年以上教學經驗尤佳，若無則需準備教材試教以確認教學能力。
【專業證照】須有獨立App開發、並成功在App市集上架之經驗。,不拘,Android、Git、Java、Kotlin、MySQL、Firebase
提升專業能力
提升專業能力,軟體程式設計","電腦補習班老師
、講師
、Android工程師","時薪400~1,200元",依公司規定,台中市北區三民路三段112號5樓,"https://maps.google.com.tw/?q=%E8%81%AF%E6%88%90%E9%9B%BB%E8%85%A6%E8%82%A1%E4%BB%BD%E6%9C%89%E9%99%90%E5%85%AC%E5%8F%B8(%E8%81%AF%E6%88%90%E9%9B%BB%E8%85%A6%2F%E8%81%AF%E6%88%90%E5%A4%96%E8%AA%9E)@24.1496394,120.6842319&z=17",聯成電腦股份有限公司(聯成電腦/聯成外語)
https://www.104.com.tw/job/7i8l1?app_jobsource=m_time4jobs&jobsource=new_map,客服維護工程師,"工作內容：
基本能力要求
1.協助處理進出貨事宜
2.協助處理客戶到場維護及線上報修問題
3.協助公司軟體工程師系統網路使用或設定問題
4.客戶端網路SERVER及電腦周邊維護
5.協助客戶規劃與建議解決方案
6.撰寫解決方案說明簡報或者軟體規格書
7.相關工作經驗兩年以上
公司備有專案配合教育訓練如何幫助客戶解決技術問題，並釐清產品技術相關責任，有時也需要擔任業務/RD與客戶間的橋樑，用客戶了解的語言協助處理技術問題，確保客戶能正常使用公司產品。
對於職務需具備獨立思考作業、細心與自我要求高的態度

人才需求之相關技能:
◆網路技術：TCP/IP、VLAN、Wireshark、IPSec VPN、L3/L2 Switching & Routing、IPv6、OSPF、BGP、ACL、NAT、RIP、數據中心建置(Cisco)... 等 
◆ Virtualization solution：VMWare Vsphere、ESXi虛擬化平台、VMWare虛擬化資源管理、VMWare虛擬機器大量部屬、MS SQL Server、Server...等 
◆設定維護防火牆、MailBox、網站架設IIS及DNS設定維護有經驗者,未填寫,TCP/IP、Microsoft Exchange、Vmware、Bridges、DHCP、DNS、Ethernet、Firewall、FTP、Hubs/ Routers、LAN、MS SQL、TcpDump、VPN、WAN、Excel、Outlook、PowerPoint、Visio、Word、MRP、VMS、Android、Windows Server 2012、Windows 10、Windows Server 2019、Database Management
提升專業能力
提升專業能力,規劃與管理防火牆、作業系統基本操作、資料備份與復原、電腦設備裝配、資訊設備操作檢修、資訊設備環境設定、系統架構規劃、資料庫系統管理維護、資料庫軟體應用、系統架構規劃與維護、伺服器網站管理維護、網路系統配置、網路規劃管理、網路設備設定安裝","FAE工程師
、網路管理工程師
、系統工程師","月薪30,000~40,000元",無需出差外派,台中市北區金華里進德北路150號,"https://maps.google.com.tw/?q=%E6%96%B9%E5%8B%9B%E8%B3%87%E8%A8%8A%E6%9C%89%E9%99%90%E5%85%AC%E5%8F%B8@24.154553,120.693078&z=17",方勛資訊有限公司
https://www.104.com.tw/job/7ha2d?app_jobsource=m_time4jobs&jobsource=new_map,韌體設計工程師★另有開發專案獎金★,"1. 熟悉程式語言與撰寫工具
2. 進行單元功能程式撰寫、整合及驗證
3. 系統壓力測試
4. 撰寫工程規格、功能流程、驗證報告與測試計畫等
5. 曾從事BLDCM/PMSM/IM驅動相關職務/產業尤佳
6. 控制器演算法應用(六步方波、FOC、PID、 PWM)
7. 通訊協定應用(CAN bus、UART等..)
8. 保護邏輯撰寫(過流保護、過溫保護、短路保護等…)

*歡迎對馬達/驅動器(用於木工機、電動園藝工具、電動輔助自行車馬達等..)有研發熱忱的求職者投遞履歷*,不拘,MCU、C、C++、Matlab
提升專業能力
提升專業能力,韌體工程開發、韌體整合測試、韌體程式設計、電源供應器設計","韌體工程師
、軟體工程師",待遇面議,無需出差外派,台中市大里區仁化路261號,"https://maps.google.com.tw/?q=%E5%8A%9B%E5%B1%B1%E5%B7%A5%E6%A5%AD%E8%82%A1%E4%BB%BD%E6%9C%89%E9%99%90%E5%85%AC%E5%8F%B8@24.0941497,120.7140391&z=17",力山工業股份有限公司
https://www.104.com.tw/job/8hrod?app_jobsource=m_time4jobs&jobsource=new_map,【2026菁英實習專案】軟體工程師(台北/台中),"【 本實習專案限定在校學生身份，預計2026/06畢業者。】
※適用對象：全國大專院校研究所或大學應屆畢業生
※實習期間：預計2026/02/24(二)~2026/06/30(二)(請留意本實習工作需要至少每周4日以上，非僅寒暑假實習)
※此實習計畫接軌就業，經訓練且通過考核者，得留任為正式員工。
※實習地點：台北/台中
※工作內容：
1.協助產品需求開發及文件製作
2.系統產品發版測試、程式功能開發測試。 
3.協助產品包版、版更工具維護及部署版更

實習期間獎助學金、保險、福利、時程資訊等其他詳情，
請參閱2026鼎新菁英實習專案網頁https://reurl.cc/A3r54e,不拘,不拘,不拘","軟體工程師
、資訊助理
、軟體助理工程師","月薪29,500元取得專屬你的薪水報告",無需出差外派,新北市新店區中興路一段222號；或；台中市大里區中興路一段161號(大里軟體園區),"https://maps.google.com.tw/?q=%E9%BC%8E%E6%96%B0%E6%95%B8%E6%99%BA%E8%82%A1%E4%BB%BD%E6%9C%89%E9%99%90%E5%85%AC%E5%8F%B8@24.1046899,120.6812114&z=17",鼎新數智股份有限公司
https://www.104.com.tw/job/8nl8h?app_jobsource=m_time4jobs&jobsource=new_map,測試工程師(Web)【享有留任獎金】,"工作內容：
1.依據產品需求與專案溝通，撰寫測試計畫與測試案例，執行測試並記錄結果。
2.協助發現與回報問題，並與開發團隊溝通修正，驗證修復結果。
3.進行功能測試、基本安全測試與使用者體驗測試，確保系統穩定性與可用性。
4.協助測試報告與紀錄管理，整理測試文件以利後續維護。

基本條件：
1.具備 Web 平台測試的基本知識與經驗 (一年以上經驗佳)
2.熟悉功能測試 (Function Test)、基本安全測試 (Security Test)
3.了解基本的測試流程，能夠編寫測試案例並執行測試。
4.具備細心與耐心，願意學習新技術與測試工具。

※任職滿3個月及6個月皆享有留任獎金。,不拘,Security、JIRA
提升專業能力
提升專業能力,系統架構規劃、功能測試(function test)、安全性測試(Security test)、問題追蹤處理(Bug tracking)、軟體整合測試、壓力測試(stress test)","系統工程師
、系統分析師
、軟體專案主管","月薪35,000~50,000元",無需出差外派,台中市北區,"https://maps.google.com.tw/?q=%E4%BA%9E%E8%8F%B2%E5%BE%97%E8%82%A1%E4%BB%BD%E6%9C%89%E9%99%90%E5%85%AC%E5%8F%B8@24.1573171,120.6832556&z=17",亞菲得股份有限公司
https://www.104.com.tw/job/5wj7l?app_jobsource=m_time4jobs&jobsource=new_map,資深軟體工程師(S1-台中),"1. 新系統開發與建置，現有系統維護與功能開發. 
2. 有以下任何一項之開發經驗：ASP.NET、C#、 JAVA、 C/C++、 Angular JS、 Bootstrap、 JQuery 
3. 熟悉IIS 資料庫、 WEB程式開發、 API介面、 C# 、JAVA、語言 APP 開發、 CUBE、ETL,具SE經驗、系統設計lead經驗及大數據應用經驗佳,ASP.NET、Java、jQuery、IIS
提升專業能力
提升專業能力,不拘","軟體工程師
、Internet程式設計師",待遇面議,無需出差外派,台中市北區中清路一段370號12樓,"https://maps.google.com.tw/?q=%E5%87%8C%E7%BE%A4%E9%9B%BB%E8%85%A6%E8%82%A1%E4%BB%BD%E6%9C%89%E9%99%90%E5%85%AC%E5%8F%B8@24.1615322,120.6752542&z=17",凌群電腦股份有限公司
https://www.104.com.tw/job/86pay?app_jobsource=m_time4jobs&jobsource=new_map,軟韌體研發工程師,"1. 嵌入式系統(Embedded Linux) C 程式設計。
2. 依主管指派工作執行。,不拘,Linux
提升專業能力
提升專業能力,軟體程式設計","韌體工程師
、軟體工程師",待遇面議,無需出差外派,台中市西屯區台中工業區38路210號3樓之10,"https://maps.google.com.tw/?q=%E7%AB%8B%E5%B7%A8%E9%9B%BB%E5%AD%90%E8%82%A1%E4%BB%BD%E6%9C%89%E9%99%90%E5%85%AC%E5%8F%B8@24.1299274,120.6848545&z=17",立巨電子股份有限公司
https://www.104.com.tw/job/8uhjn?app_jobsource=m_time4jobs&jobsource=new_map,嵌入式軟體工程師( C / C++ ),"1,應用程式開發:設計、實作並整合嵌入式系統中的新功能（使用 C++）,在資源受限的環境中優化程式效能、記憶體使用與穩定性,處理即時資料處理與通訊功能.
2,系統整合與驗證:與硬體及低階軟體團隊合作,確保系統穩定整合,參與多平台的驗證與除錯作業.
3,協作與支援:撰寫技術文件與維護流程,確保長期可維護性,支援其他技術團隊於原型設計、驗證與量產階段.
4,平台演進:協助系統從基於 FreeRTOS 的 STM32 架構轉型至嵌入式 Linux 系統,探索與 Web Server 設定整合的可能性.,技術能力：
精通 C++ 嵌入式程式設計與除錯,並具備 C 語言基礎
熟悉低階系統概念（RTOS、記憶體管理、硬體限制）,
熟悉微控制器架構（如 RISC-V、STM32／ARM 系列）,
有 RTOS（如 FreeRTOS）與嵌入式 Linux 開發經驗,
熟悉通訊協定（Ethernet/IP、Modbus、CAN、SPI、I2C、UART）

其他相關能力：
具備獨立解決問題的能力與主動性,能適應技術導向、多專案並行的工作環境,能以英文與多元文化團隊合作溝通,MCU、C、C++、Python
提升專業能力
提升專業能力,軟體工程系統開發、軟體程式設計","韌體工程師
、軟體工程師",待遇面議,無需出差外派,台中市北屯區三甲東街221號,"https://maps.google.com.tw/?q=%E6%96%B0%E5%8A%A0%E5%9D%A1%E5%95%86%E9%9B%85%E8%BF%AA%E5%85%8B%E8%82%A1%E4%BB%BD%E6%9C%89%E9%99%90%E5%85%AC%E5%8F%B8%E5%8F%B0%E7%81%A3%E5%88%86%E5%85%AC%E5%8F%B8@24.172133,120.7178734&z=17",新加坡商雅迪克股份有限公司台灣分公司
https://www.104.com.tw/job/4iobg?app_jobsource=m_time4jobs&jobsource=new_map,韌體工程師,"1. 規劃及執行產品控制單元設計。
2. 規劃執行產品韌體之撰寫，並維護量產產品。
3. 執行、協助或配合韌體新技術之研發、導入。
4. 執行產品韌體測試。,不拘,Linux、C、C++
提升專業能力
提升專業能力,不拘","韌體工程師
、軟體工程師","月薪30,000~60,000元",無需出差外派,台中市北屯區旱溪西路三段258巷80號,"https://maps.google.com.tw/?q=%E6%93%8E%E5%AE%8F%E9%9B%BB%E5%AD%90%E4%BC%81%E6%A5%AD%E6%9C%89%E9%99%90%E5%85%AC%E5%8F%B8@24.1736395,120.708162&z=17",擎宏電子企業有限公司
https://www.104.com.tw/job/7pb9r?app_jobsource=m_time4jobs&jobsource=new_map,資深後端工程師(擴編),"負責網站後台系統的開發、維護和優化。
設計和開發資料庫，編寫 SQL 語句。
參與系統需求分析、設計和實現。

職位要求：

1. 熟悉 Python 語言和 Flask 框架。
2. 熟悉 SQL 語句和 MySQL、PostgreSQL 等關聯式資料庫。
3. 熟悉 Linux 系統，與 Git 版本控制工具。
4. 具備 Docker 相關經驗，能夠使用 Docker 部署、管理和維護後台系統。
5. 熟悉 Docker Compose，能夠使用它來管理多個容器的部署和連接。
6. 具備 Nginx 相關經驗，能夠配置、管理和優化 Nginx 伺服器。
7. 具備良好的代碼風格、可讀性和可維護性。
8. 具備良好的溝通、協調和團隊合作能力。
9. 具備獨立思考和解決問題的能力，能夠獨立完成任務。

×瑞艾專屬特殊福利：
除了職涯成長外，我們也重視每位夥伴的生活品質！
超彈性假期安排，每個月的週六(假日)，可自由與上班日對調，
自行安排連假，讓您方便安排出遊、陪家人朋友，做自己時間的主人！,不拘,Github、Python、PostgreSQL
提升專業能力
提升專業能力,網路程式設計、資料庫程式設計","資料庫管理人員
、MIS程式設計師
、網路管理工程師","月薪42,000~70,000元",無需出差外派,台中市西區台灣大道二段2號19樓之1,"https://maps.google.com.tw/?q=%E7%91%9E%E8%89%BE%E7%A7%91%E6%8A%80%E6%9C%89%E9%99%90%E5%85%AC%E5%8F%B8@24.1481853,120.6735865&z=17",瑞艾科技有限公司
https://www.104.com.tw/job/8bl9p?app_jobsource=m_time4jobs&jobsource=new_map,SOC資安監控夜班一線工程師_台中,"【工作說明】
1.協助資安監控、基本分析與誤判調整。
2.協助案件追蹤、客戶問題紀錄與處理。
3.協助資安預警蒐集與定期報告製作。
4.協助處理主管交辦事項。,1. 熟悉基礎網路與系統知識。
2. 接觸資安領域知識與攻擊手法。
3. 具備具備良好的溝通協調能力。
4. 具備良好的團隊合作與責任感。
5. 重視自我學習、自我管理與自我要求者。
6.加分條件
   A.具備Python語言。
   B.具備資安證照(EC-Council CSA、CEH及ECIH….等)。
   C.具備網路系統證照。
   D.具備資安設備操作經驗。,不拘,不拘","系統分析師
、網路安全分析師
、網路管理工程師","月薪38,000元以上",無需出差外派,台中市北區文心路四段208-1號4F,"https://maps.google.com.tw/?q=%E6%BC%A2%E6%98%95%E7%A7%91%E6%8A%80%E8%82%A1%E4%BB%BD%E6%9C%89%E9%99%90%E5%85%AC%E5%8F%B8@24.1729251,120.677373&z=17",漢昕科技股份有限公司
https://www.104.com.tw/job/7ef5u?app_jobsource=m_time4jobs&jobsource=new_map,【台中】QA工程師,"你是否對於確保軟體產品品質充滿熱情？我們正在尋找一位細心且專業的軟體QA工程師，加入我們充滿活力的軟體平台團隊，一同確保我們軟體平台的產品能夠提供卓越的品質。

作為一家領先的軟體平台公司，我們致力於提供創新且高品質的產品。作為軟體QA工程師，你將成為這個目標實現的關鍵角色。

我們期待找到以下具備技能和特質的伙伴：
1.細心且注重細節：對於軟體品質有高度的警覺性，能夠細心地進行產品測試和問題追蹤。注重細節，確保每個功能和流程都達到高品質的標準。
2.測試專業知識：熟悉軟體測試的基本原理和方法，包括測試規劃、測試執行、錯誤報告等。具備手動測試和自動化測試的經驗，能夠撰寫自動測試程式。
3.良好的溝通和協作能力：能夠與開發團隊和產品團隊緊密合作，參與產品設計和規劃，理解需求並提供專業的意見和建議。具備良好的溝通和協調能力，能夠有效解決問題並推動團隊合作。
4.堅持品質和持續改進：對於品質有高度的追求，持續學習和改進測試方法和工具，提升測試效率和品質水準。勇於提出創新的測試策略和解決方案，推動產品品質的不斷提升。

加入我們的團隊，你將有機會參與開發引人注目的軟體產品，確保產品能夠提供無懈可擊的品質和使用者體驗。我們提供優越的工作環境和良好的成長機會，讓你的才華得以充分展現和發展。

如果你渴望成為軟體QA領域的佼佼者，我們誠摯地邀請你加入我們的團隊。我們期待與你見面，一同創造觸手可及的美好生活！




1.設計與執行軟體測試案例(Test Plan、Test Case)
2.產品Bug追蹤及驗證、缺陷管理(Mantis)
3.使用專案協作/追蹤/執行工具(Azure VSTS)
4.規劃撰寫自動化測試腳本或建構維護腳本(Cypress、appium)
5.自動化測試環境建置與Script撰寫

《加分事項》
1.規劃撰寫自動化測試腳本或建構維護腳本(Cypress、appium)
2.具備自動化測試環境建置或至少一種程式語言經驗尤佳

《測試產品範圍》
Web (Chrome Browser)
APP (iOS、Android)
異常情境測試
效能驗證,不拘,不拘,不拘","軟體工程師
、軟韌體測試工程師","月薪35,000~70,000元",無需出差外派,台中市北區太原北路130號11樓,"https://maps.google.com.tw/?q=%E6%99%BA%E7%94%9F%E6%B4%BB%E7%A7%91%E6%8A%80%E8%82%A1%E4%BB%BD%E6%9C%89%E9%99%90%E5%85%AC%E5%8F%B8@24.1653425,120.6701508&z=17",智生活科技股份有限公司
https://www.104.com.tw/job/8vfpm?app_jobsource=m_time4jobs&jobsource=new_map,影像視覺辨識工程師,"【工作內容】
1.影像應用開發，例如YOLOv5、YOLOv8、YOLOv9、OpenCV等深度學習 ，進行進行影像2.辨識和處理技術的優化，照片標記，多目標追蹤等應用；或是搭配合作夥伴Linker vision3平台進行影像分析開發導入。
3.對 AI、Machine Learning、Deep Learning 具高度熱誠與自學能力。
4.熟悉 Python 語言與資料處理工具（Pandas、NumPy 等）。
5.熟悉 PyTorch 或 TensorFlow 深度學習框架（偏好 PyTorch）。
6.理解常見深度學習架構與 Layer 原理（如 Convolution、RNN、Attention 等）。

【加分條件】
具備影像辨識、影像處理或模型訓練實務經驗者尤佳。
具良好團隊溝通能力與問題解決能力。,不拘,Python、OpenCV、C#、LLM
提升專業能力
提升專業能力,軟體程式設計","演算法工程師
、韌體工程師
、AI工程師","月薪30,000~64,000元",需出差，一年累積時間約一個月以下,台中市北屯區文心路四段81號5F-2,"https://maps.google.com.tw/?q=%E5%8A%9B%E5%AD%B8%E8%82%A1%E4%BB%BD%E6%9C%89%E9%99%90%E5%85%AC%E5%8F%B8@24.1742346,120.6726482&z=17",力學股份有限公司
https://www.104.com.tw/job/6a1tq?app_jobsource=m_time4jobs&jobsource=new_map,資安技術顧問_台中,"進行資安技術檢測並提出建議方案
資安弱點檢查，弱點掃瞄，弱點管理及滲透性測試入侵偵測及惡意程式檢測分析與相關報告
WEB資安檢測服務,至少需具備以下基礎工作內容之處理能力：(Level 1)
1.理解smtp/pop3/imap協定與架構
2.理解html格式與語法
3.理解OSI 7 LAYER、TCP/IP與常見網路/資安設備作用與架構。
4.理解Access control list規則與常見防火牆架構(內網、外網、dmz...etc)。
5.理解並能操作常見作業系統如Windows、Linux等。
6.理解並能查找常見的弱點資料庫如CVE、OSVDB、SecurityFocus等。
7.基本的英翻中讀寫能力、閱讀原廠文件能力。

挑戰進階工作內容，需通過主管審核：(Level 2 ~ Level 4)
8.理解OWASP TOP 10攻擊手段與成因
9.熟悉並能獨立操作Windows/Ubuntu系統
10.熟悉至少一門程式語言，並能執行Code Review。(需理解程式語言的變數過濾機制等)

以下為基礎技能要求：
a. 良好溝通能力，能讓客戶理解風險情境與對應風險等級，並提供可行性高的風險處理策略
b. 自主管理能力，包括專案管理、自我學習成長
c. 具有基本Word報告書撰寫能力與簡報能力
d.基本的英文讀寫能力
e. 理解OSI 7與TCP/IP協議
f. 至少對一種程式語言的語性有所了解，例如資料型態、邏輯判斷、流程控制等相關語法。
g. 具有基本cmd line操作能力，例如bash shell
h. 加分項目：具有資安相關認證或參與過CTF比賽等經驗。,不拘,不拘","網路安全分析師
、系統分析師
、軟體工程師",待遇面議,無需出差外派,台中市北區文心路四段208-1號4F,"https://maps.google.com.tw/?q=%E6%BC%A2%E6%98%95%E7%A7%91%E6%8A%80%E8%82%A1%E4%BB%BD%E6%9C%89%E9%99%90%E5%85%AC%E5%8F%B8@24.1729251,120.677373&z=17",漢昕科技股份有限公司
https://www.104.com.tw/job/8nnur?app_jobsource=m_time4jobs&jobsource=new_map,IPAS 資訊安全工程師(初級)講師-台中站前認證中心,"【業界經驗】業界五年以上相關經驗﹅能夠獨立開發專案﹅專案經驗分享。
【授課經驗】具備一年以上教學經驗尤佳，若無則需準備教材試教以確認教學能力。
【證照需求】IPAS 資訊安全工程師(初級)。,不拘,不拘,AI、機器學習、生成式AI、深度學習","講師
、AI工程師
、電腦補習班老師","時薪500~1,000元",依公司規定,台中市中區建國路123號3樓,"https://maps.google.com.tw/?q=%E8%81%AF%E6%88%90%E9%9B%BB%E8%85%A6%E8%82%A1%E4%BB%BD%E6%9C%89%E9%99%90%E5%85%AC%E5%8F%B8(%E8%81%AF%E6%88%90%E9%9B%BB%E8%85%A6%2F%E8%81%AF%E6%88%90%E5%A4%96%E8%AA%9E)@24.137451,120.6842567&z=17",聯成電腦股份有限公司(聯成電腦/聯成外語)
https://www.104.com.tw/job/8u47b?app_jobsource=m_time4jobs&jobsource=new_map,資訊人員,"1.建置、管理及維護公司相關系統
2.管理與維護公司網路及資料，並進行備份工作
3.協助處理各部門電軟硬體相關問題
4.網路環境相關設備安裝設定與Firewall /Router / Switch  有維護及管理能力(以Fortigate為優先)
5.其他主管交辦事項,不拘,不拘,資訊設備環境設定、安裝與維護網路安全系統、資訊設備操作檢修、電腦設備裝配","資訊設備管制人員
、網路管理工程師","月薪35,000~38,000元",無需出差外派,台中市北屯區太原路三段1315號,"https://maps.google.com.tw/?q=%E5%AF%8C%E8%8F%AF%E5%89%B5%E6%96%B0%E8%82%A1%E4%BB%BD%E6%9C%89%E9%99%90%E5%85%AC%E5%8F%B8%E5%8F%B0%E4%B8%AD%E5%88%86%E5%85%AC%E5%8F%B8@24.1612697,120.7294241&z=17",富華創新股份有限公司台中分公司
https://www.104.com.tw/job/80v7e?app_jobsource=m_time4jobs&jobsource=new_map,[遠端] 網站前端工程師－台中,"工作職責
・使用React、Next.js或Vite框架，開發並維護高效能、可擴展的核心平台網站。
・根據Figma、Sketch或InVision設計稿，精準切分React組件，實現像素級還原（Pixel-Perfect）的UI。
・整合RESTful API或GraphQL，與後端進行高效數據交互，確保應用流暢運行。
・實現響應式設計（RWD），確保跨設備與瀏覽器的優秀用戶體驗。
・使用Git進行版本控制，參與代碼審查，確保代碼質量與一致性。
・與跨職能團隊（設計師、後端、產品經理）協作，參與敏捷開發流程，提出技術優化建議。
・持續學習新技術，解決技術挑戰，推動產品功能與性能的持續改進。

必備技能與資格
・精通React框架，熟悉Hooks、Context API及狀態管理（如Redux、Zustand）。
・熟練使用Git進行版本控制，具備分支管理與衝突解決經驗。
・熟悉HTML5、CSS3（Flexbox、Grid），能實現響應式設計（RWD）。
・具備RESTful API或GraphQL的整合經驗，熟悉Axios或Fetch API。
・能根據Figma、Sketch或InVision設計稿，實現高保真UI。
・有iOS/Android前端開發經驗（如React Native）或RWD相關經驗。
・優秀的問題解決能力，能獨立調研並快速學習新技術。
・良好的溝通能力，能與團隊討論並達成共識，接受多元意見。
・熱衷挑戰，積極參與技術方案討論，樂於實現創新想法。

加分技能
・熟悉前端測試框架，如Jest、React Testing Library或Cypress。
・參與過開源項目，擁有GitHub或其他公開代碼倉庫。
・熟悉打包工具，如Webpack、Vite或Parcel，具備性能優化經驗。
・具備獨立解決問題的能力，同時展現優秀的團隊合作精神。
・有遠端工作經驗，熟悉遠端協作工具（如Slack、Jira）。

公司描述
・2012年團隊成立，建立台灣旅遊資訊網站 rtaiwanr.com，當時每10位外語旅客就有1位透過此網站規劃來台旅程
・2013年成立旅行社，提供包車旅遊服務，替外國旅客規劃50,000個客製化行程
・2016年研發行程規劃系統，景點自動推薦、路徑最佳化並即時報價，大幅縮減人力支出80%
・2018年從數據中發現約35%的行程並不需要全日包車旅遊，僅需單趟的接駁服務，因此將既有行程規劃系統做延伸，以演算法為基礎，開發出車輛調度與派車系統，建立 tripool旅步
・2019年 tripool旅步全年服務超過來自60個不同國家的旅客，透過路徑規劃演算法降低空車率，以市價5~8折提供長途專車接送，往返全台各地風景區、飯店與機場
・2020年Covid-19爆發後，深耕台灣市場，於2021年恢復疫情前營收表現，並於之後連續兩年成長超過100%
・2024年提供海外多國接送服務 ＆ 智慧共乘服務

網站：https://www.tripool.app
APP：https://apps.apple.com/tr/app/tripool-旅步-全台長途接送/id1577319798,不拘,Github、Sketch、Redux、ReactJS、ReactNative、HTML、PostgreSQL、Ruby、Git
提升專業能力
提升專業能力,伺服器網站管理維護、安裝與維護網路安全系統、資料庫程式設計、資料庫系統管理維護、網路程式設計、軟體程式設計、軟體工程系統開發、系統整合分析、系統架構規劃","Internet程式設計師
、軟體工程師","月薪45,000~55,000元",無需出差外派,台中市中區,"https://maps.google.com.tw/?q=Tripool%E6%97%85%E6%AD%A5_%E7%8E%A9%E5%B3%B6%E7%8E%A9%E6%97%85%E8%A1%8C%E7%A4%BE%E8%82%A1%E4%BB%BD%E6%9C%89%E9%99%90%E5%85%AC%E5%8F%B8@24.1402601,120.6818181&z=17",Tripool旅步_玩島玩旅行社股份有限公司
https://www.104.com.tw/job/847xu?app_jobsource=m_time4jobs&jobsource=new_map,資安工程師 【享有留任獎金】,"1. 負責公司ISO27701、ISO27701及PCI DSS安全框架的推行與驗證工作
2. 執行網站及系統弱點掃描、滲透測試並協助資訊人員進行弱點修補作業
3. 執行伺服器、網路、雲端等相關日誌之分析
4. 協助資安事件處理，包含事件分析、改善方案、報告產出
5. 公司同仁資訊安全教育訓練的規畫與執行
6. 與外部資安顧問協同合作，強化資訊安全防護

※任職滿3個月及6個月皆享有留任獎金,不拘,不拘,不拘","資安工程師
、網路安全分析師
、網路管理工程師",待遇面議,無需出差外派,台中市北區,"https://maps.google.com.tw/?q=%E4%BA%9E%E8%8F%B2%E5%BE%97%E8%82%A1%E4%BB%BD%E6%9C%89%E9%99%90%E5%85%AC%E5%8F%B8@24.1573171,120.6832556&z=17",亞菲得股份有限公司
https://www.104.com.tw/job/6g8bs?app_jobsource=m_time4jobs&jobsource=new_map,長照中心-資訊人員（工作地點：台中市潭子區）,"1.長照管理資訊系統及行政管理系統程式撰寫。
2.主管交辦撰寫功能項目。
3.撰寫工具Angular(node.js)、 Django(python)、Flutter(Dart)、 Flask(python)。
4.具有網頁應用程式設計工作經驗者(二年以上經驗尤佳)。,不拘,Python、Node.js、Django、Angular
提升專業能力
提升專業能力,不拘","軟體工程師
、Internet程式設計師
、MIS程式設計師","月薪50,000元以上",無需出差外派,台中市潭子區,"https://maps.google.com.tw/?q=%E8%B2%A1%E5%9C%98%E6%B3%95%E4%BA%BA%E4%B8%AD%E8%8F%AF%E6%B0%91%E5%9C%8B%E4%BD%9B%E6%95%99%E6%85%88%E6%BF%9F%E6%85%88%E5%96%84%E4%BA%8B%E6%A5%AD%E5%9F%BA%E9%87%91%E6%9C%83@24.2163612,120.7062535&z=17",財團法人中華民國佛教慈濟慈善事業基金會
https://www.104.com.tw/job/2k7ud?app_jobsource=m_time4jobs&jobsource=new_map,資安系統工程師_台中,"1.資安產品專案的專案導入，包含規劃、建置、維護與問題排除。 
2.建立資安產品相關測試環境，包含虛擬化建置與管理。 
3.撰寫工作進度報告、操作手冊、維護手冊、教育訓練等技術文件。 
4.資安產品介紹及簡報。,1.良好人際溝通能力，樂於主動學習與分享討論，抗壓性及穩定性高。 
2.熟悉TCP/IP Protocol及網路架構知識。 
3.具備Windows/Linux系統基本操作能力。 
4.具備Office文書處理軟體基本操作能力。 
5.具備英文技術文件基本閱讀能力。 
6.認同藍隊文化，且對抓駭客有熱忱與興趣者。 
加分條件 
1.具備資安產品管理經驗(FW/IPS/WAF/Anti-Spam等)。 
2.具備不同類型日誌處理經驗、資安異常分析、資安事件處理實務經驗。,不拘,不拘","網路安全分析師
、系統工程師
、資安工程師","月薪36,000元以上",無需出差外派,台中市北區文心路四段208-1號4F,"https://maps.google.com.tw/?q=%E6%BC%A2%E6%98%95%E7%A7%91%E6%8A%80%E8%82%A1%E4%BB%BD%E6%9C%89%E9%99%90%E5%85%AC%E5%8F%B8@24.1729251,120.677373&z=17",漢昕科技股份有限公司
https://www.104.com.tw/job/7h0dx?app_jobsource=m_time4jobs&jobsource=new_map,JAVA技術工程師,"負責基於公司既有相關平台維護及開發。

至少具有任何一個區塊鏈節點架設或開發經驗。

精通使用Spring Boot,Spring MVC架構。

熟悉RabbitMQ訊息對列。

熟習Gradle專案構建，熟練使用Git進行分散式版本控制，分支開發合併等功能。

負責JAVA程序撰寫及架設節點。

電腦或相關專業，2年以上後端開發經驗。

配置、優化調整並監看CentOS Linux主機等服務效能與日誌。

有參與開發冷錢包程序經驗者佳。

有參與開發區塊鏈挖礦/礦機經驗者佳。

與其他開發人員協同作業。

樂於溝通，於問題解決後儘速主動回報主管。

負責解決系統發生問題解決，此職位需 on call 值勤。,不拘,Linux、Java
提升專業能力
提升專業能力,不拘",軟體工程師,待遇面議,需出差，一年累積時間未定,台中市北屯區崇德路二段252號9樓,"https://maps.google.com.tw/?q=%E7%BE%8E%E6%98%9F%E5%81%A5%E5%BA%B7%E7%A7%91%E6%8A%80%E6%9C%89%E9%99%90%E5%85%AC%E5%8F%B8@24.1749323,120.6859182&z=17",美星健康科技有限公司
https://www.104.com.tw/job/8jvp2?app_jobsource=m_time4jobs&jobsource=new_map,AI中心程式設計師,"1、大學（含）以上，醫學資訊、資訊科學、資訊管理、資訊工程相關科系畢業。
2、工作經驗不拘，有資訊相關產業背景尤佳。
3、具備知識：資料庫、演算法。
4、資訊技能：Java、Python、ASP.Net、Javascript、CSS、MSSQL、Oracle。
5、能力：學習力強，對程式開發及軟體工程具有熱情，願意嘗試挑戰新的技術。
6、人格特質：具良好的溝通能力，團隊配合度高。
7、依個別資歷、工作表現、職務內容等，提供經驗年資薪、技術津貼、每季提供績效獎金。,不拘,ASP.NET、Java、Python、MS SQL、Oracle、JavaScript、CSS
提升專業能力
提升專業能力,不拘",軟體工程師,"月薪35,000~100,000元",無需出差外派,台中市潭子區豐興路一段66、88號,"https://maps.google.com.tw/?q=%E4%BD%9B%E6%95%99%E6%85%88%E6%BF%9F%E9%86%AB%E7%99%82%E8%B2%A1%E5%9C%98%E6%B3%95%E4%BA%BA%E5%8F%B0%E4%B8%AD%E6%85%88%E6%BF%9F%E9%86%AB%E9%99%A2@24.1941709,120.7203818&z=17",佛教慈濟醫療財團法人台中慈濟醫院
https://www.104.com.tw/job/7ay21?app_jobsource=m_time4jobs&jobsource=new_map,後端工程師-台中,"【職缺描述】

如果你充滿技術熱情，並且對最新的技術充滿追求，誠摯地邀請你加入我們的團隊，其中包括微軟MVP成員！我們正在尋找那些敢於挑戰問題並提供解決方案的人，具備卓越的規劃能力和創意思維，並且樂於積極合作和不斷學習。在這個團隊中，你將有機會與設計師和工程師密切合作，共同發掘無限潛力。此外，提供工作環境交通便利，以及彈性上下班福利，以確保你在團隊中有最佳的工作體驗。這是一個展開技術交流和分享的精彩之旅，你絕對不會想錯過！
如果想要了解你的產品被那些客戶使用，請參考 導入實績https://www.wishingsoft.com/clients.html

【職務說明】

1.  按照主管或產品 PM 指派，進行後端應用程式開發，以及相關技術研究與問題排除。

2.  參與產品開發工作討論，提供產品開發建議，與團隊共同成長。

3.  處理 Azure 相關 DevOps 流程與搭配相關 Azure 服務，使得產品能有效運行。

4. 協助撰寫相關技術文件與研發紀錄。

【技能】

1.  熟悉 .NET 開發的生態圈
     C#、SQL、 ASP .NET MVC、 ASP .NET Core、Web API、Nuget 等後端程式語言。

2.  熟悉使用GitHub Copilot進行代碼編寫和版本控制。

3.  具備設計和開發 RESTful API的經驗。

4.  對於軟體架構有一定的概念與熟悉
     三層式架構、DDD（Clean Architecture）。

5.  熟悉資料庫
     以 MSSQL 為主，了解規劃 Table Schema，能夠進行效能調校。

6. 接觸過或熟悉 git 相關操作。

7. 熟悉開發「好」系統的概念
    物件導向、測試概念、SOLID 等讓開發品質更佳。

【加分條件】

–在快速變動的環境裡，客戶需求亦日新月異，因此，培養靈活的敏捷思維變得尤為關鍵。

–具備同理心的溝通能力：能夠與非工程師溝通，並清楚解釋技術問題，提出有效解決方案。

【應徵前準備】

若您對本職務內容感興趣，歡迎先到官網了解我們：https://www.wishingsoft.com/,完成「2022數位通才超速養成」課程並取得VUE認證可獲得優先面試機會

【加分條件】

1. 熟悉 Microsoft Azure及 Azure DevOps。

2. 熟悉 TDD/BDD 開發。

3. 熟悉前端開發：js、 .Net core。

4. 熟悉 Scrum，有做過 PO 或者 Scrum master 的角色。,Github、C#、MS SQL
提升專業能力
提升專業能力,不拘",軟體工程師,待遇面議,無需出差外派,台中市西區台灣大道二段2號10樓之7,"https://maps.google.com.tw/?q=%E5%A8%81%E7%85%A6%E8%BB%9F%E9%AB%94%E9%96%8B%E7%99%BC%E6%9C%89%E9%99%90%E5%85%AC%E5%8F%B8@24.1481853,120.6735865&z=17",威煦軟體開發有限公司
https://www.104.com.tw/job/8qfh9?app_jobsource=m_time4jobs&jobsource=new_map,【總公司】資訊專員,"一、熟悉電腦相關硬體架構與故障排除。
二、熟悉 SQL 語法。
三、熟悉 PHP、JavaScript 語法。
四、具備軟體開發或維護的能力者佳。
五、具 ERP、POS 系統概念者佳。
六、需至店鋪巡檢及設備維護。,不拘,不拘,不拘","系統工程師
、網路管理工程師","月薪33,000元以上",無需出差外派,台中市北屯區文心路四段696號25樓,"https://maps.google.com.tw/?q=%E5%A4%A7%E9%BC%8E%E9%A4%90%E9%A3%B2%E4%BA%8B%E6%A5%AD%E9%9B%86%E5%9C%98_%E5%A4%A7%E9%BC%8E%E6%B4%BB%E8%9D%A6%E9%A4%90%E5%BB%B3%E8%82%A1%E4%BB%BD%E6%9C%89%E9%99%90%E5%85%AC%E5%8F%B8@24.1716088,120.6873763&z=17",大鼎餐飲事業集團_大鼎活蝦餐廳股份有限公司
https://www.104.com.tw/job/7qcq5?app_jobsource=m_time4jobs&jobsource=new_map,專案管理處 序列化 管理師（防偽追溯追蹤雲端系統使用）,"*歡迎無相關經驗但具學習意願者投遞
*若具序列化相關工作經歷者薪資另議

1.國際客戶防偽追溯追蹤需求分析
2.防偽追溯追蹤雲端系統平台(如Tracelink,SAP ATTP/ICH或其他)操作、資料交換和問題處理
3.包裝線製程資料產生或上傳相關問題處理
4.國際藥品防偽追溯追蹤法規需求了解,1.具電腦程式語言撰寫經驗(如Python,XML,SQL等)
2.具B2B或web service應用經驗(如SOAP,sFTP,AS2,REST等)
3.具GS1條碼(如GS1-128,DataMatrix等)或EPCIS等相關知識或應用經驗者為佳
4.具國際藥品或醫材防偽追溯追蹤規範基本知識或應用經驗者為佳,Java、Python、JavaScript、XML
提升專業能力
提升專業能力,不拘","軟體專案管理師
、其他資訊專業人員
、系統分析師","月薪32,000元以上",需出差，一年累積時間約一個月以下,台中市潭子區潭興路一段3號,"https://maps.google.com.tw/?q=%E5%9C%8B%E5%85%89%E7%94%9F%E7%89%A9%E7%A7%91%E6%8A%80%E8%82%A1%E4%BB%BD%E6%9C%89%E9%99%90%E5%85%AC%E5%8F%B8@24.2033558,120.7285905&z=17",國光生物科技股份有限公司
https://www.104.com.tw/job/7hvgx?app_jobsource=m_time4jobs&jobsource=new_map,AI工程師,"1. 對 AI/Machine Learning/Deep Learning 與其應用，具有高度熱誠。
2. 熟悉 Python語言與其資料處理的libaries,如 Pandas, NumPy, tensorflow/PyTorch (偏好PyTorch)。
3. 熟悉 Deep Learning 各種layers(例如， Convolution, RNN, ....) 的原理、運算、與設計概念。
3. 規劃執行軟體架構及模組之設計，並控管軟體設計進度。
4. 進行軟體之測試與修改。
5. 規劃、執行與維護量產的產品。
6. 協助研發軟體新技術與新工具。
7. 管控軟體開發成本。,不拘,C#、C++、Python
提升專業能力
提升專業能力,軟體程式設計","演算法工程師
、系統分析師
、韌體工程師","月薪30,000~64,000元",需出差，一年累積時間約一個月以下,台中市北屯區文心路四段81號5F-2,"https://maps.google.com.tw/?q=%E5%8A%9B%E5%AD%B8%E8%82%A1%E4%BB%BD%E6%9C%89%E9%99%90%E5%85%AC%E5%8F%B8@24.1742346,120.6726482&z=17",力學股份有限公司
https://www.104.com.tw/job/8lk59?app_jobsource=m_time4jobs&jobsource=new_map,DevOps工程師,"【工作內容】
1.AWS基礎設施管理
2.自動化部署與管理
3.監控與故障排除
4.安全性與合規性
5.資源優化與成本管理

【加分條件】
1.具備設計Scalable系統經驗。
2.具備大數據效能調校經驗。
3.具備 DevOps 相關知識與經驗。
4.具備 CI/CD 相關知識與經驗。,1. 後端程式開發經驗至少3年以上，並具備獨立開發能力。
2. Node.js及框架開發經驗。
3. 熟悉Restful API開發與設計。
4. 熟悉SQL語法，並有NoSQL資料庫開發經驗（如MongoDB、DynamoDB等）。
5. 具備Code Review經驗，確保程式碼品質與穩定性。
6. 擅長工具：AWS、Docker、Github、pgAdmin。
7. 有AWS Certified Solutions Architect、AWS Certified DevOps Engineer、Kubernetes認證等相關證照者優先。,Github、AWS
提升專業能力
提升專業能力,不拘",後端工程師,待遇面議,無需出差外派,台中市北屯區文心路三段447號31F〈環球巨星大樓〉,"https://maps.google.com.tw/?q=RiConnect%2C%20Inc._%E6%8C%AF%E9%88%BA%E6%95%B8%E4%BD%8D%E6%9C%8D%E5%8B%99%E8%82%A1%E4%BB%BD%E6%9C%89%E9%99%90%E5%85%AC%E5%8F%B8@24.1736769,120.6685984&z=17","RiConnect, Inc._振鈺數位服務股份有限公司"
https://www.104.com.tw/job/7sl74?app_jobsource=m_time4jobs&jobsource=new_map,電子商務資訊處理專員,"1.帳務資料彙整歸類、審核文件報表整理，輸入建檔
2.核查帳務數據的準確性。 
3.進行資料處理、轉換及整合工作
4.熟稔EXCEL電腦操作等系統使用技能
5.具耐心且細心,不拘,中文打字50~75、英文打字50~75
提升專業能力
提升專業能力,作業系統基本操作、資料備份與復原、文書處理軟體操作",其他資訊專業人員,"月薪33,000~40,000元",無需出差外派,台中市北屯區,"https://maps.google.com.tw/?q=%E5%98%89%E5%AF%8C%E8%A9%AE%E8%A1%8C%E9%8A%B7%E6%9C%89%E9%99%90%E5%85%AC%E5%8F%B8@24.1815237,120.6861019&z=17",嘉富詮行銷有限公司
https://www.104.com.tw/job/88gc5?app_jobsource=m_time4jobs&jobsource=new_map,工具軟體研發(資深)工程師 - 台中,"1. 負責跨平台 (Windows/Linux) 工具軟體的設計與研發
2. 開發BMC自動化測試程式與相關工具軟體的設計與研發
3. 研讀原文規範書及參與需求分析，制定測試計畫以及方案，並有效實作，對測試結果負責。
4. 設計分析並定位系統 Bug 及潛在的系統缺陷，協助開發人員確認問題。
5. 嚴格確保開發工具符合要求，站在使用者角度確認產品功能和流程的流暢。,1. 創意佳、學習能力強。
2. 對軟體研發有高度興趣，對程式設計有充份信心。
3. 有獨立開發及解決問題的能力。
4. 熟悉作業系統的操作，如Windows、Linux系統。,Shell、C、C#、C++、Java、Python、HTML、JavaScript、CSS
提升專業能力
提升專業能力,不拘","韌體工程師
、軟體工程師",待遇面議,無需出差外派,台中市南區忠明南路,"https://maps.google.com.tw/?q=%E7%B3%BB%E5%BE%AE%E8%82%A1%E4%BB%BD%E6%9C%89%E9%99%90%E5%85%AC%E5%8F%B8@24.1191584,120.6710344&z=17",系微股份有限公司
https://www.104.com.tw/job/8p8le?app_jobsource=m_time4jobs&jobsource=new_map,SA系統分析師,"【工作內容】
1. 產品需求分析，系統規劃設計及規格文件撰寫。
2. 規劃並撰寫系統需求規格、系統分析、使用者介面雛型設計、程式規格、測試計畫、測試報告等相關文件。
3. 協助系統測試和驗收，確保系統功能符合需求。
4. 技術文件撰寫，包括系統規格書和知識管理。
5. 協助進行SIT、UAT。
6. 與軟體開發工程師合作，確保軟體功能符合規格要求。
7. 確保開發團隊依據所製作的程式規格書完成程式撰寫。
8. 協助導入開發之產品，並提供使用者系統操作的教育訓練。
9. 開發進度追蹤及Code Review。

【必要條件】
1. 熟悉專案軟體開發流程。
2. 具3年以上系統分析實務經驗。
3. 熟悉Java、HTML、CSS、JavaScript、Jquery等WEB開發相關的技術。
4. 資料庫Schema設計及SQL 撰寫。
5. 具有較強的業務模型分析及邏輯思維能力、良好的溝通協調及表達能力、良好的文件撰寫能力。
6. 熟悉Figma或其他介面雛形設計工具。

【加分條件】
1. 程式開發與資料庫管理工具經驗。
2. 資安領域開發相關經驗。
3. 熟悉Linux系統。,1. 若有相關作品集或檔案，請於面試當天，提供給主管參考。
2. 時間管理佳，抗壓性高。
3. 對學習新技術具有熱情。
4. 主動積極、善溝通、重團隊、有責任心。
5. 具解決問題的獨立思考能力，學習意願高及勇於接受挑戰。,Linux、Github、Git、AJAX、HTML、JavaScript、jQuery、CSS、Sass、ReactJS、VueJS、Angular、Figma
提升專業能力
提升專業能力,系統架構規劃、軟體程式設計、資料庫程式設計",系統分析師,"月薪55,000~75,000元",無需出差外派,台中市北區忠明五街9號,"https://maps.google.com.tw/?q=%E6%8B%93%E9%9B%B2%E8%B3%87%E7%A7%91%E8%82%A1%E4%BB%BD%E6%9C%89%E9%99%90%E5%85%AC%E5%8F%B8@24.1640771,120.6676205&z=17",拓雲資科股份有限公司
https://www.104.com.tw/job/8gh6b?app_jobsource=m_time4jobs&jobsource=new_map,電子/韌體工程師,"電子相關：
1.PCB電路設計與PCB Layout
2.電路板(PCBA)檢驗與維修
3.控制箱配線設計、機電整合應用

韌體相關：
1.MCU應用及程式編寫(MCS-51、PIC、ARM…等 / C、Assembly…等),1. 熟悉Altium Designer電路設計及PCB Layout
2. 熟類比、數位電路，具機電整合能力
3. 熟MCU應用及相關語言
4. 熟萬用表、示波器操作，具基礎電路板維修能力
5. 具基礎安規知識及EMC雜訊抑制處理經驗
6. 具基礎PCB、PCBA製程經驗,MCU、Protel、PCBA
提升專業能力
提升專業能力,不拘","韌體工程師
、電子工程師",待遇面議,需出差，一年累積時間未定,台中市大里區仁化路105號,"https://maps.google.com.tw/?q=%E4%B8%89%E4%B9%85%E8%82%A1%E4%BB%BD%E6%9C%89%E9%99%90%E5%85%AC%E5%8F%B8@24.091735,120.722559&z=17",三久股份有限公司
https://www.104.com.tw/job/7x53l?app_jobsource=m_time4jobs&jobsource=new_map,機器視覺技術支援工程師(中部),"[職責精神]
1.以技術觀點來促進產品銷售順暢
2.注重客戶服務，解決產品使用技術問題減少客訴
3.擔任客戶、公司、原廠在技術服務上的窗口及溝通橋樑

[工作職掌]
負責公司銷售之[光學零組件產品線]之技術支援，[光學零組件產品線]舉例如相機、鏡頭、影像卡、光源、控制器、開發軟體等等

[工作內容]
1. 售前評估 (針對預推廣之產品對客戶進行講解、使用排難、實驗測試、評估報告等等)
2. 售後服務 (針對已售出產品之技術問題諮詢、異常產品之維修案處理跟進等等)
3. 技術問題匯整及歸納 (如撰寫產品教學手冊等等)
4. 主管交辦事項

*歡迎想要擁有一技之長的你加入*
*公司有提供完整的教育訓練*,不拘,C#、C++、Python
提升專業能力
提升專業能力,系統架構規劃、軟體程式設計、光學系統研發設計、光學系統測試分析","光學工程師
、軟體工程師
、FAE工程師",待遇面議,無需出差外派,台中市大里區國光路二段702號11樓,"https://maps.google.com.tw/?q=%E5%BC%98%E7%BF%94%E7%B2%BE%E5%AF%86%E7%A7%91%E6%8A%80%E8%82%A1%E4%BB%BD%E6%9C%89%E9%99%90%E5%85%AC%E5%8F%B8@24.1146718,120.6794302&z=17",弘翔精密科技股份有限公司
https://www.104.com.tw/job/8ht8s?app_jobsource=m_time4jobs&jobsource=new_map,資深PHP後端工程師(Senior PHP Backend Developer),"1.依專案需求功能分析 、規劃、設計及程式撰寫
2. 以Laravel 8.X框架開發網站。 
3. 維護既有資料庫，PHP, JavaScript程式碼並優化。 
4. 後台開發與維護。
5. 具備良好的溝通與傾聽技巧,處理客戶線上反應相關問題諮詢及排除問題處理。
6. 能獨立完成交辦事項,協助團隊專案開發並配合專案執行的時間完成

必備條件:
1.API 開發 & 介接經驗 (restful 尤佳)
2.具有 Git 版本控管使用經驗
3.具有 Linux 指令操作經驗
4.熟悉後端開發流程，懂得程式精簡化、模組化
5.有使用過雲端平台的經驗 (GCP / AWS),未填寫,PHP、MySQL、HTML、JavaScript
提升專業能力
提升專業能力,軟體程式設計、資料庫系統管理維護","軟體工程師
、Internet程式設計師
、後端工程師","月薪50,000~80,000元",無需出差外派,台中市西區臺灣大道二段2號6樓之5,"https://maps.google.com.tw/?q=%E6%A8%82%E8%8F%93%E8%B3%87%E8%A8%8A%E6%9C%89%E9%99%90%E5%85%AC%E5%8F%B8@24.1481853,120.6735865&z=17",樂菓資訊有限公司
https://www.104.com.tw/job/2rf26?app_jobsource=m_time4jobs&jobsource=new_map,寬頻網路工程師(無經驗可),"【工作說明】
1.有線電視工程安裝/運轉/維護。
2.寬頻網路工程裝機/維護/維修。
3.客戶端障礙維修/排除。
4.主管交辦事項。

【薪獎制度】
◆依部門獎金辦法核發，因表現而定將發放績效獎金,1.新人無經驗起薪$34,000起；有相關產業經驗起薪$36,000-$42,000。
2.具有線電視及光纖網路、機電、弱電以上其一經驗者尤佳。
3.具電信、通信架設、網路有線查修隊人員尤佳。
4.具服務熱忱，擅溝通協調
5.刻苦耐勞、且需架桿作業 。
6.汽車駕照(手排)為必要條件。
7.無經驗可。,Windows 7、Windows 10、Excel、Outlook、Word、中文打字20以下、英文打字20以下
提升專業能力
提升專業能力,電信線路工程架設、網路配線工具使用、網路架設佈線、網路設備設定安裝","通信測試維修人員
、電信及電力線路架設工
、後端工程師","月薪34,000~46,000元",無需出差外派,台中市大里區德芳南路277號,"https://maps.google.com.tw/?q=%E5%A4%A7%E5%8F%B0%E4%B8%AD%E6%95%B8%E4%BD%8D%E6%9C%89%E7%B7%9A%E9%9B%BB%E8%A6%96%E8%82%A1%E4%BB%BD%E6%9C%89%E9%99%90%E5%85%AC%E5%8F%B8@24.1024274,120.6861701&z=17",大台中數位有線電視股份有限公司
https://www.104.com.tw/job/8v5vu?app_jobsource=m_time4jobs&jobsource=new_map,1MC1-人工智慧暨機器人創新中心 健康台灣深耕計畫_研發工程師,"協助健康台灣深耕計畫,不拘,不拘",軟體工程師,"月薪57,000元以上",無需出差外派,台中市北區育德路2號,"https://maps.google.com.tw/?q=%E4%B8%AD%E5%9C%8B%E9%86%AB%E8%97%A5%E5%A4%A7%E5%AD%B8%E9%99%84%E8%A8%AD%E9%86%AB%E9%99%A2@24.1568721,120.6807399&z=17",中國醫藥大學附設醫院
https://www.104.com.tw/job/71s0h?app_jobsource=m_time4jobs&jobsource=new_map,系統維運工程師,"1. 負責公司會員相關系統維運
2. 熟SQL語法、SSMS工具
3. 協助用戶端問題處理、系統測試
4. 上線與維運階段問題回應與處理
5. 具團隊合作與良好溝通能力,不拘,MS SQL
提升專業能力
提升專業能力,網路程式設計","系統工程師
、軟體工程師
、網路管理工程師","月薪34,500~37,000元",無需出差外派,台中市北區三民路三段161號,"https://maps.google.com.tw/?q=%E4%B8%AD%E5%8F%8B%E7%99%BE%E8%B2%A8%E8%82%A1%E4%BB%BD%E6%9C%89%E9%99%90%E5%85%AC%E5%8F%B8@24.1522437,120.6848058&z=17",中友百貨股份有限公司
https://www.104.com.tw/job/6i1on?app_jobsource=m_time4jobs&jobsource=new_map,資訊助理人員(台中),"1.電腦軟硬體及週邊安裝維護    
2.客服電話處理 
3.基本網路軟硬體設定安裝 
4.產品系統教育訓練 
5.有相關經驗者尤佳 
6.此職缺需至客戶端(外勤)執行例行維護,不拘,不拘,不拘","系統工程師
、資訊設備管制人員","月薪28,590~35,000元",無需出差外派,台中市西區台中市西區台灣大道二段181號,"https://maps.google.com.tw/?q=%E8%80%80%E7%B7%AF%E7%A7%91%E6%8A%80%E6%9C%89%E9%99%90%E5%85%AC%E5%8F%B8@24.1518186,120.6684121&z=17",耀緯科技有限公司
https://www.104.com.tw/job/88qfl?app_jobsource=m_time4jobs&jobsource=new_map,PHP程式設計人員,"1. 負責資料庫網站的分析、設計、程式撰寫與維護，並進行資料庫網站的測試與修改，以及控管資料庫網站設計進度。
2. 負責資料庫規劃、管理、資料備援、效能調校、協助程式設計做應用面的強化及安全管理等工作，以維護資料庫正常運行。
3.需會撰寫PHP+MYSQL的平台架構。
4.熟悉HTML、PHP、My SQL、Java script尤佳。
5. 具高度責任感與獨立思考能力，工作配合度高，跨部門溝通協調能力強；邏輯性強，對於新技術有研究熱情。,不拘,Java、PHP、MySQL、HTML、JavaScript、jQuery、VueJS
提升專業能力
提升專業能力,系統架構規劃、系統整合分析、軟體工程系統開發、軟體程式設計、模組化系統設計、資料庫程式設計、資料庫軟體應用","全端工程師
、後端工程師
、Internet程式設計師","月薪35,000~50,000元",無需出差外派,台中市北屯區文心路四段696號20樓之2,"https://maps.google.com.tw/?q=%E9%A6%96%E5%B2%B3%E8%B3%87%E8%A8%8A%E7%B6%B2%E8%B7%AF%E8%82%A1%E4%BB%BD%E6%9C%89%E9%99%90%E5%85%AC%E5%8F%B8@24.1716088,120.6873763&z=17",首岳資訊網路股份有限公司
https://www.104.com.tw/job/6vfwf?app_jobsource=m_time4jobs&jobsource=new_map,客服工程師,"1.回覆客戶應用技術的問題，提供產品技術諮詢。
2.提供客戶技術服務，必要時外勤至客戶處安裝、檢修設備。
3.設定、檢修網路設備，規劃網路管理機制。
4.執行電腦軟硬體各項設備的安裝及測試。
5.維護公司Mail、對外網路 等網路系統服務。
6.防火牆進出管理及維護。,未填寫,TCP/IP
提升專業能力
提升專業能力,作業系統基本操作、電腦設備裝配、安裝與維護網路安全系統、網路安全架構分析與設計","產品售後技術服務
、電腦組裝／測試
、網路管理工程師","月薪38,000~45,000元",無需出差外派,台中市北區進化北路238號14樓之3,"https://maps.google.com.tw/?q=%E6%80%9D%E9%82%A6%E7%A7%91%E6%8A%80%E8%82%A1%E4%BB%BD%E6%9C%89%E9%99%90%E5%85%AC%E5%8F%B8@24.163273,120.683904&z=17",思邦科技股份有限公司
https://www.104.com.tw/job/7zn0f?app_jobsource=m_time4jobs&jobsource=new_map,tripool｜後端工程師－台中 (全遠端)｜旅遊新創,"工作機會描述
API 接口開發及維護
・與產品、設計團隊合作，開發高效且可延展的後端功能
・持續優化與維護後端服務架構
・能學習並使用合適的新技術使平台更有效率
・串接第三方金流服務相關經驗佳
・三年以上軟體開發經驗
・熟悉 Ruby on Rails、Python、或 Java
・熟悉 Linux (Ubuntu), PostgreSQL, Redis
・熟悉Git
・擅長溝通協調，對新技術學習充滿熱情


其它加分條件
・熟悉 AWS / GCP / Docker
・CI/CD 經驗

你會想加入我們團隊的原因
- 你喜歡在小型團隊工作，並討厭官僚僵化的流程
- 你喜歡學習，熱愛鑽研技術
- 你享受嘗試新事物和前衛的技術
- 彈性上班時間，完全遠端工作



公司描述
・2012年團隊成立，建立台灣旅遊資訊網站 rtaiwanr.com，當時每10位外語旅客就有1位透過此網站規劃來台旅程
・2013年成立旅行社，提供包車旅遊服務，替外國旅客規劃50,000個客製化行程
・2016年研發行程規劃系統，景點自動推薦、路徑最佳化並即時報價，大幅縮減人力支出80%
・2018年從數據中發現約35%的行程並不需要全日包車旅遊，僅需單趟的接駁服務，因此將既有行程規劃系統做延伸，以演算法為基礎，開發出車輛調度與派車系統，建立 tripool旅步
・2019年 tripool旅步全年服務超過來自60個不同國家的旅客，透過路徑規劃演算法降低空車率，以市價5~8折提供長途專車接送，往返全台各地風景區、飯店與機場
・2020年Covid-19爆發後，深耕台灣市場，於2021年恢復疫情前營收表現，並於之後連續兩年成長超過100%


網站：https://www.tripool.app
APP：https://apps.apple.com/tr/app/tripool-旅步-全台長途接送/id1577319798,不拘,AWS、PostgreSQL、Rails、Ruby、Python、Java、Git、Github
提升專業能力
提升專業能力,安裝與維護網路安全系統、伺服器網站管理維護、資料庫程式設計、資料庫系統管理維護、網路程式設計、軟體程式設計、軟體工程系統開發、系統整合分析、系統架構規劃","Internet程式設計師
、軟體工程師
、後端工程師","月薪65,000~90,000元",無需出差外派,台中市中區,"https://maps.google.com.tw/?q=Tripool%E6%97%85%E6%AD%A5_%E7%8E%A9%E5%B3%B6%E7%8E%A9%E6%97%85%E8%A1%8C%E7%A4%BE%E8%82%A1%E4%BB%BD%E6%9C%89%E9%99%90%E5%85%AC%E5%8F%B8@24.1402601,120.6818181&z=17",Tripool旅步_玩島玩旅行社股份有限公司
https://www.104.com.tw/job/8ukgb?app_jobsource=m_time4jobs&jobsource=new_map,智慧機器人工程師(中部區),"1.AI機器人設計與開發
2.AI機器人智慧影像辨識
3.AI機器人3D列印
4.AI機器人自動販賣機系統整合,不拘,不拘,不拘","AI工程師
、後端工程師
、軟體工程師",待遇面議,無需出差外派,台中市北區,"https://maps.google.com.tw/?q=%E6%99%BA%E8%B3%BC%E7%A7%91%E6%8A%80%E8%82%A1%E4%BB%BD%E6%9C%89%E9%99%90%E5%85%AC%E5%8F%B8@24.1573171,120.6832556&z=17",智購科技股份有限公司
https://www.104.com.tw/job/8a43v?app_jobsource=m_time4jobs&jobsource=new_map,前後端研發工程師,"1. API 設計與撰寫經驗， API串接、後端系統分析、設計以及程式撰寫。
2.熟悉系統架構分析，能執行軟體開發前後建置及功能測試、除錯修改。
3.負責網站前後台程式設計與開發，具備 2年以上的 Web/API 開發經驗。
4.熟悉 RWD 網頁切版，前端網頁視覺呈現，與APP工程師協作。
5.熟悉 Go lanuge、PHP、Laravel，具備 MySQL、資料庫開發經驗。
6.熟悉TCP/IP、MQTT、HTTP等網路通訊協定者佳。
7.具Iot物聯網人機介面相關通訊協定處理經驗者佳。
8.負責產品系統程式規劃、設計、撰寫、開發及維護。
9.具電子支付系統撰寫經驗，熟悉各支付API串接流程及系統程式架構。,1. 需有 JAVA、PHP、MySQL、Git 指令之技能，依需求撰寫並維護 API與資料庫效能調校與優化。
2. 熟悉 Git 版本控管（GitLab)操作及指令。
3. 具備有獨立以 PHP 開發網站之能力，懂得使用 MVC Framework 尤佳。
4. 對Linux, java,AWS, MySQL 擅長者優先。
5. 瞭解如何以 SQL 操作資料表，對 SQL Injection / XSS 等網站安全議題有基本認知。
6. 對線上金流串接API有相關經驗。,Linux、TCP/IP、HTTP、CSS、JavaScript、MySQL、PHP、Java、Git、Github
提升專業能力
提升專業能力,伺服器網站管理維護、資料庫軟體應用、資料庫程式設計、資料庫系統管理維護、網路程式設計、軟體程式設計、軟體工程系統開發、系統整合分析、系統架構規劃、資訊設備環境設定","軟體工程師
、Internet程式設計師
、軟體專案主管",待遇面議,無需出差外派,台中市北屯區遼寧路一段167號,"https://maps.google.com.tw/?q=%E9%80%B8%E5%A5%94%E7%A7%91%E6%8A%80%E6%9C%89%E9%99%90%E5%85%AC%E5%8F%B8@24.1776389,120.6966169&z=17",逸奔科技有限公司
https://www.104.com.tw/job/61345?app_jobsource=m_time4jobs&jobsource=new_map,系統分析師-台中,"醫療資訊整合系統
•具備醫療資訊工作經歷
•瞭解醫療系統操作流程
•具相關專業Know-how
•醫療軟體系統開發維護
•系統設計整合介接能力
•熟稔關聯式資料庫規劃
•參與專案建置導入上線

•如果您符合以上條件，請盡快投遞您的履歷，期待有機會認識您,不拘,C#
提升專業能力
提升專業能力,系統架構規劃、系統整合分析、資料庫軟體應用、模組化系統設計、結構化程式設計、軟體品質與保證",系統分析師,"月薪60,000~80,000元",需出差，一年累積時間約三個月以下,台中市北屯區文心路四段696號23樓之2（距捷運文心崇德站約250公尺）,"https://maps.google.com.tw/?q=%E6%98%B1%E8%AA%A0%E6%99%BA%E8%83%BD%E6%9C%8D%E5%8B%99%E8%82%A1%E4%BB%BD%E6%9C%89%E9%99%90%E5%85%AC%E5%8F%B8@24.1716088,120.6873763&z=17",昱誠智能服務股份有限公司
https://www.104.com.tw/job/85wad?app_jobsource=m_time4jobs&jobsource=new_map,資訊專員,"1.電腦及周邊設備安裝，設定問題排除
2.軟體系統維護設定、安裝及問題排除
3.機房、伺服器、網路設備、電話系統、監控系統、門禁系統監控暨維護
4.資料庫管理、簡易程式開發
5.有工作熱忱、責任感、完成主管交辦事項,不拘,Routers、TCP/IP、VPN
提升專業能力
提升專業能力,不拘","MIS程式設計師
、網路管理工程師
、資訊助理","月薪30,000~35,000元",需出差，一年累積時間約一個月以下,台中市北屯區昌平路一段30之6號,"https://maps.google.com.tw/?q=%E8%8C%82%E7%9B%9B%E9%86%AB%E9%99%A2@24.166463,120.6942391&z=17",茂盛醫院
https://www.104.com.tw/job/844zt?app_jobsource=m_time4jobs&jobsource=new_map,影像處理工程師-台南,"1.產品演算法設計
2.產品演算法可用範圍測試
3.產品演算法技術文件產出與管理
4.資料蒐集分析
5.分析客戶影像，強化演算法開發
6.可接受新尖兵培育計畫培訓三個月為優先對象,不拘,Python
提升專業能力
提升專業能力,不拘","軟體工程師
、演算法工程師","月薪32,000~50,000元",無需出差外派,台中市中區綠川西街135號12樓之1,"https://maps.google.com.tw/?q=%E5%85%A8%E5%9F%9F%E7%A7%91%E6%8A%80%E6%9C%89%E9%99%90%E5%85%AC%E5%8F%B8@24.1391989,120.6836672&z=17",全域科技有限公司
https://www.104.com.tw/job/6zwfx?app_jobsource=m_time4jobs&jobsource=new_map,1MC1-人工智慧暨機器人創新中心 演算法研發工程師(NLP),"醫療 AI 臨床應用專案開發，需有機器學習或深度學習相關背景經驗
具下列其一領域具有相關經驗者，歡迎投遞 
1.電腦視覺技術原理與開發及醫學影像應用。
2.生物醫學訊號處理之演算法開發及驗證 。
3.NLP自然語言處理。
4.生物資訊等基因序列比對、辨識等精準醫學模型開發。
5.三維手術規劃軟體開發。
上述之醫療AI解決方案演算法開發。,1.科系：工科、理科、生物醫學、資訊、生醫工程相關科系。
2.具 Python, R, C++ 等開發程式語言技術；熟悉 CUDA, Tensorflow, Pytorch, Caffe, Keras 等框架經驗尤佳。
3.具 Machine Learning, Deep Learning 等相關演算法技術及實務開發經驗。
4.具工作熱忱且喜歡挑戰新技術。,不拘,不拘","演算法工程師
、其他研究人員",待遇面議,無需出差外派,台中市北區育德路2號,"https://maps.google.com.tw/?q=%E4%B8%AD%E5%9C%8B%E9%86%AB%E8%97%A5%E5%A4%A7%E5%AD%B8%E9%99%84%E8%A8%AD%E9%86%AB%E9%99%A2@24.1570004,120.6810232&z=17",中國醫藥大學附設醫院
https://www.104.com.tw/job/7iy5u?app_jobsource=m_time4jobs&jobsource=new_map,業務支援工程師,"1. 協助業務處理客戶所提出產品相關應用的技術問題，並提供客戶技術支援服務。
2. 協助開發新產品，在新產品上市前，進行應用和測試並支援業務所面臨的技術問題。
3. 協助業務人員在產品上的基礎知識訓練，以及提供客戶產品使用方面的技術訓練。
4. 提供產品售後服務。
5. 機電整合支援展覽與業務樣品展示。
6. 回應客戶相關應用、測試的需求。
7. 撰寫產品規格書或編譯技術文件說明書。
8. 將客戶端所提出的需求彙整與報告相關主管，以作未來產品開發上的參考。
9. 了解客戶端客製的需求，並進行適當PLC或C語言程式的撰寫及測試。,不拘,MCU、C++、PLC、C#、TCP/IP、VPN、LAN
提升專業能力
提升專業能力,不拘","業務支援工程師
、空調冷凍技術人員
、軟體工程師",待遇面議,需出差，一年累積時間約一個月以下,台中市北屯區台中市北屯區北屯路390號8F-3,"https://maps.google.com.tw/?q=%E8%BF%A6%E5%8D%97%E9%80%9A%E4%BF%A1%E5%B7%A5%E6%A5%AD%E8%82%A1%E4%BB%BD%E6%9C%89%E9%99%90%E5%85%AC%E5%8F%B8@24.1773565,120.7002093&z=17",迦南通信工業股份有限公司
https://www.104.com.tw/job/6u3no?app_jobsource=m_time4jobs&jobsource=new_map,後端工程師,"這個職位要做的是世界級、運算極密集的平台開發與維護，絕對把你現有的知識與經驗重新翻洗，大幅提升後端能力。

  1. 研究開發並維護後端架構
  2. 基本效能評估、測試與優化改善
  3. RESTful API 開發
  4. 開發/API文件撰寫
  5. 與不同職能專家協同作業,1. 具 MongoDB 或 ElasticSearch 使用經驗者
2. Messaging Engine, e.g. Kafka, ELK, MQ,
3. Data Processing, Pipeline 規劃開發
4. 熟悉容器技術, e.g. Docker 相關技術
5. 熟悉AWS或其他雲服務
6. Linux平台上開發經驗
7. 提供 GitHub 個人主頁
8. 熟悉Harbor, NPM等技術,Github、JIRA、Node.js、RDBMS、PostgreSQL、MySQL、Python、Java、C++、Linux
提升專業能力
提升專業能力,軟體工程系統開發、資料庫軟體應用、資料庫程式設計、資料庫系統管理維護、演算法設計、AI、網路程式設計、軟體程式設計","Internet程式設計師
、軟體工程師
、演算法工程師",待遇面議,無需出差外派,台中市北屯區文心路四段696號8樓之一,"https://maps.google.com.tw/?q=%E5%A5%87%E9%BB%9E%E7%84%A1%E9%99%90%E8%82%A1%E4%BB%BD%E6%9C%89%E9%99%90%E5%85%AC%E5%8F%B8@24.171622,120.687356&z=17",奇點無限股份有限公司
https://www.104.com.tw/job/8p8l8?app_jobsource=m_time4jobs&jobsource=new_map,前端開發工程師,"【工作內容】 
1. 具Web開發以及使用Javascript、CSS、HTML5 程式開發經驗。 
2. 熟悉RWD、排版、網頁架構。
3. 與後端工程師配合，串接 API，完成產品開發。 
4. 模組化前端組件，建立前端開發架構，提高前端開發的效率。 
5. 使用過Angular或VUE框架者尤佳。 
6. 制定內部前端的開發工作的技術準則。 
7. 負責各產品線以及交付項目前端功能開發，網站介面技術優化。 
8. 例行Code review 及檢討。 
9. 自動化部署與維護。 

【必要條件】 
1. 具3年以上前端實務開發經驗。
2. 具備一定前端技術背景、熟悉版控Git 、串接 RESTful API、 HTML5、CSS3以及切版與除錯能力。
3. 熟悉前端開發工具與架構、遵守開發流程及規範。

【加分條件】 
1. 資安領域開發相關經驗。
2. 熟悉Linux系統。 
3. 熟悉Figma或其他介面雛形設計工具。,1. 若有相關作品集或檔案，請於面試當天，提供給主管參考。
2. 時間管理佳，抗壓性高，能在指定時間內完成高品質代碼及註解。
3. 對學習新技術具有熱情。
4. 主動積極、善溝通、重團隊、有責任心。
5. 具解決問題的獨立思考能力，學習意願高及勇於接受挑戰。,Git、Angular
提升專業能力
提升專業能力,軟體程式設計","軟體工程師
、前端工程師
、全端工程師",待遇面議,無需出差外派,台中市北區忠明五街9號,"https://maps.google.com.tw/?q=%E6%8B%93%E9%9B%B2%E8%B3%87%E7%A7%91%E8%82%A1%E4%BB%BD%E6%9C%89%E9%99%90%E5%85%AC%E5%8F%B8@24.1640771,120.6676205&z=17",拓雲資科股份有限公司
https://www.104.com.tw/job/8u4rr?app_jobsource=m_time4jobs&jobsource=new_map,PHP工程師 PHP engineer,"【工作項目】
1. 系統開發與設計
▪ 使用 PHP 進行程式開發與系統設計，具備原生 PHP 或 CodeIgniter 電商平台開發經驗者優先。
▪ 具備前端相關語言開發能力，能獨立作業。

2. 前端技術應用
▪ 熟悉 jQuery 與 JavaScript 開發設計。
▪ 具備 AJAX 技術經驗，熟悉 API、JSON 串接。

3. 資料庫管理
▪ 熟悉 MySQL 語法與操作，能進行資料建置、維護及效能優化。

4. 軟體品質維護
▪ 負責軟體開發後的測試、驗證與除錯，確保系統穩定性。
▪ 依需求進行功能測試及問題回報，維護產品品質。

5. 技術支援
▪ 提供技術解決方案，協助內外部問題排解。

6. 其他事項
▪ 部門主管交辦之相關工作。
▪ 協助跨部門主管安排相關行銷支援事宜。

【加分條件】
1. 熟悉 Linux 系統環境管理與伺服器部署。
2. 具備 Git 版控經驗，能與團隊協作開發。
3.有大型電商平台或 API 串接專案經驗。
4.具備雲端服務 (AWS、GCP、Azure) 應用基礎概念。
5. 具備跨部門溝通與專案協作能力佳。

【其他說明】
本職位在公司的價值在於開發程式、優化系統、維持平台穩定運作、提升使用者體驗，並支撐電商業務持續成長，屬於關鍵性角色，具備長遠發展潛力。

若您對程式開發充滿熱情，並具備以上資格，期待您加入馥華電商！
我們歡迎 ⭐️誠信正直 ⭐️積極熱忱 ⭐️勇於創新 的您，加入 Forwardmall 的技術團隊！

【面試流程】
- 面試前測驗（以 email 提供題目，通過測試後HR會主動邀約面試時間）。
- interview: 部門主管 / HR,不拘,AJAX、JavaScript、MySQL、PHP、jQuery、CSS、Linux、Windows 7、Windows 8、Windows 10、DHTML、XML
提升專業能力
提升專業能力,系統整合分析、系統架構規劃、軟體程式設計","全端工程師
、後端工程師
、前端工程師","月薪80,000元以上",無需出差外派,台中市北屯區文心路三段447號13樓之2,"https://maps.google.com.tw/?q=%E9%A6%A5%E8%8F%AF%E5%85%A8%E7%90%83%E9%9B%BB%E5%95%86%E8%82%A1%E4%BB%BD%E6%9C%89%E9%99%90%E5%85%AC%E5%8F%B8@24.1736769,120.6685984&z=17",馥華全球電商股份有限公司
https://www.104.com.tw/job/6zzi7?app_jobsource=m_time4jobs&jobsource=new_map,後端工程師 Backend Engineer,"1. 有後端程式開發經驗佳(例如：python、php、node.js、golang..等等)。
2. 具備 RESTful API 設計及實作經驗與後端 API 開發經驗
3. 具備 SQL 資料庫基礎能力。
4. 與前端工程師協作，開發網頁前端互動功能
5. 具備團隊合作的精神、正面且專業的態度及強烈的責任心,【加分項目】
1. 有Golang  開發經驗尤佳
2. 熟悉gin、grpc、
3. 熟悉Docker、K8S
4. 熟悉Linux系統操作。
5. 擁有良好的代碼習慣，要求結構清晰，命名規範，邏輯性強，代碼冗餘率低。
6. 熟悉Git版控。,不拘,不拘","軟體工程師
、Internet程式設計師","月薪37,000~45,000元",無需出差外派,台中市北區忠明路424號8F之1,"https://maps.google.com.tw/?q=%E7%91%9E%E6%80%9D%E8%B3%87%E8%A8%8A%E8%82%A1%E4%BB%BD%E6%9C%89%E9%99%90%E5%85%AC%E5%8F%B8@24.1627113,120.669397&z=17",瑞思資訊股份有限公司
https://www.104.com.tw/job/6ywc8?app_jobsource=m_time4jobs&jobsource=new_map,Android-App應用軟體研發工程師,"Android APP 設計、開發、測試、維護：
-依照功能需求, 進行功能開發
-依照UI設計師版面, 進行UI佈署開發,1. 對這份工作展現熱誠，主動積極，能獨立思考及解決問題，具團隊合作與分享精神。
2. 對opencv影像辨識處理有開發經驗者尤佳。
3. 有工作經驗加分、對Android APP程式開發有熱忱者加入我們！
4. 依學經歷敘薪，實習者薪水依時薪算。,Android、C++、Java、Python、Kotlin、JavaScript
提升專業能力
提升專業能力,系統整合分析、軟體工程系統開發、軟體程式設計","軟體工程師
、演算法工程師
、遊戲工程師","月薪36,000~70,000元",無需出差外派,台中市北屯區,"https://maps.google.com.tw/?q=%E7%8E%8B%E9%81%93%E6%A9%9F%E5%99%A8%E4%BA%BA%E8%82%A1%E4%BB%BD%E6%9C%89%E9%99%90%E5%85%AC%E5%8F%B8@24.1815237,120.6861019&z=17",王道機器人股份有限公司
https://www.104.com.tw/job/8q1d6?app_jobsource=m_time4jobs&jobsource=new_map,"【Hsinchu, Taichung, Changhua, Chiayi or oversea】CIM & AI application Sr Manager","Biz-PM or Tech-PM
(Biz-PM) Problem Solving:
(1) Translate business needs into technical solutions.
(2) Use big data to identify and solve manufacturing challenges.

(Tech-PM) System Development and AI Integration:
(1) Develop intelligent manufacturing systems with automation and advanced control.
(2) Integrate AI to improve productivity and quality.
(3) Build real-time data systems for better decision-making.

(Biz-PM & Tech-PM) Project Management:
(1) Ensure clear communication between teams and users.
(2) Lead cross-departmental solutions focusing on integration and performance.,Technical Skills:
1. Proficient in programming (e.g., Python, SQL, C#, Java, React, TensorFlow, CUDA).
2. Familiar with machine learning, data visualization, statistical analysis, and CIM system development.
3. Strong logical thinking and communication skills.
4. Project management experience is a plus.

Preferred Experience:
1. Experience in semiconductor CIM or AI/ML applications.
2. Hands-on with MLOps/ AIOps, web development.
3. Knowledge of automation tools, low-coding platforms, and cloud-native technologies is a plus.

Personal Attributes:
1. Self-motivated, result-oriented, eager to learn.
2. Strong teamwork, problem-solving, and communication skills.

Additional Information:
On-call Requirements: Occasional low-frequency on-call support,不拘,不拘","生產管理主管
、AI工程師
、專案經理","月薪68,100~150,000元",無需出差外派,台中市潭子區,"https://maps.google.com.tw/?q=Siliconware%20Precision%20Industries%20Co.%2C%20Ltd._%E7%9F%BD%E5%93%81%E7%B2%BE%E5%AF%86%E5%B7%A5%E6%A5%AD%E8%82%A1%E4%BB%BD%E6%9C%89%E9%99%90%E5%85%AC%E5%8F%B8@24.2163612,120.7062535&z=17","Siliconware Precision Industries Co., Ltd._矽品精密工業股份有限公司"
https://www.104.com.tw/job/78owr?app_jobsource=m_time4jobs&jobsource=new_map,軟體工程師(K3-台中),"開發及維護線上 WEB 系統

※薪資依學經歷敘薪※,1. 需熟悉 ASP.NET, C# , Javascript ,  MSSql, Oracle,MVC 架構具開發專案經驗尤佳
2. 思考靈活,工作態度佳,能配合專案需求出差,ASP.NET、C#、MS SQL、Oracle、JavaScript
提升專業能力
提升專業能力,不拘","軟體工程師
、Internet程式設計師","月薪31,000元以上",需出差，一年累積時間約三個月以下,台中市北區中清路一段370號12樓,"https://maps.google.com.tw/?q=%E5%87%8C%E7%BE%A4%E9%9B%BB%E8%85%A6%E8%82%A1%E4%BB%BD%E6%9C%89%E9%99%90%E5%85%AC%E5%8F%B8@24.1614658,120.6752748&z=17",凌群電腦股份有限公司
https://www.104.com.tw/job/887kf?app_jobsource=m_time4jobs&jobsource=new_map,Unity 3D物聯網平台軟體工程師(台中),"主要工作內容：
建築自動化平台系統開發，及原有系統維護，測試，除錯等。

基本能力：
1. 了解BIM的使用。
2. 有Unity、Android、iOS APP、或其它WEB前端其中一項開發經驗。
3. 具解決問題之能力。
4. 具基本電腦軟硬體及網路相關知識。,未填寫,Git、Unity3D
提升專業能力
提升專業能力,不拘","軟體工程師
、韌體工程師
、通訊軟體工程師",待遇面議,無需出差外派,台中市北屯區崇德六路一段29號2樓,"https://maps.google.com.tw/?q=%E5%84%AA%E6%87%8B%E7%B6%B2%E9%9B%BB%E7%A7%91%E6%8A%80%E8%82%A1%E4%BB%BD%E6%9C%89%E9%99%90%E5%85%AC%E5%8F%B8@24.1796868,120.6957173&z=17",優懋網電科技股份有限公司
https://www.104.com.tw/job/7h0e0?app_jobsource=m_time4jobs&jobsource=new_map,JAVA程式設計師,"1、2年以上開發經驗。
2、熟練掌握主流開發框架，如：SSM、Spring Boot、微服務架構等並且熟悉其底層架構和原理。
3、熟悉設計模式、資料庫語法等。
4、熟練掌握MQ、Kafka、Tomcat、Nginx等中間應用層AP元件技術。
5、負責後台服務功能模塊的分析、設計、編碼及測試工作。
6、參與系統的需求調研、分析及設計工作，
      解決日常應用中的系統各種技術性問題。
7、完成公司交辦的其他工作。
8、樂於溝通、主動回報問題。
9、此職位需值勤處理線上問題。,不拘,Linux、Github、Git、Java、Spring、MySQL、Tomcat
提升專業能力
提升專業能力,系統維護操作、系統整合分析、軟體工程系統開發、軟體程式設計、系統架構規劃與維護","軟體工程師
、Internet程式設計師
、MIS程式設計師",待遇面議,需出差，一年累積時間未定,台中市北屯區崇德路二段252號9樓,"https://maps.google.com.tw/?q=%E7%BE%8E%E6%98%9F%E5%81%A5%E5%BA%B7%E7%A7%91%E6%8A%80%E6%9C%89%E9%99%90%E5%85%AC%E5%8F%B8@24.1749323,120.6859182&z=17",美星健康科技有限公司
https://www.104.com.tw/job/8qnjx?app_jobsource=m_time4jobs&jobsource=new_map,文檔企劃,"你也對於軟體規劃充滿熱情嗎？你規劃的產品功能將會使用在全台上千棟社區大樓生活中，歡迎喜歡挑戰的你，一同揮灑想法、參與一場引人注目的軟體開發，成為同事最信任的PM！

※ 挑戰自我邏輯
❑  流程及介面規劃：Flow Chart、Wireframe、Functional Map。
❑  wireframe / Prototype 能清楚地表達自己的 UI 邏輯。
❑ 製作產品Flow、Wireframe，生出完整規劃規格文件給資訊開發。
❑ 規劃執行軟體架構及模組之設計。
❑ 發想軟體新技術與新工具。

※ 將想像中的藍圖真實呈現
❑ 進行軟體之測試與修改、解決痛點與需求。
❑ 專案需求確認、產品功能及系統架構文件、系統流程圖繪製，產品研發規劃。
❑ 掌握進度與時程，推動專案落地。
❑ 與公司業務、營運單位討論規劃，為客戶提供服務。
❑ 與關連部門溝通，協助同事減少工作時的系統困擾。

※ 與研發團隊合作
❑ 成為設計和研發工程師的好朋友，一起解決開發這條漫漫長路上遇到的問題。
❑ 發揮優越的踩蟲能力，找出所有bug並消滅它們。
❑ 蒐集使用產品使用上的問題，優化再優化。
❑ 生出規劃規格文件給研發工程師。
❑ 問題追蹤及緊急狀況處理。,不拘,Excel、PowerPoint、Word、Planner
提升專業能力
提升專業能力,專案規劃執行╱範圍管理、專案溝通╱整合管理、提案與簡報技巧、網站企劃能力、功能測試(function test)、問題追蹤處理(Bug tracking)、文書處理軟體操作、流程圖軟體操作、使用者介面設計","軟體專案管理師
、產品企劃
、軟體工程師","月薪35,000~45,000元",無需出差外派,台中市北區英才路118號,"https://maps.google.com.tw/?q=%E5%84%AA%E8%83%BD%E5%AE%B6%E7%A7%91%E6%8A%80%E8%82%A1%E4%BB%BD%E6%9C%89%E9%99%90%E5%85%AC%E5%8F%B8@24.1558556,120.6777061&z=17",優能家科技股份有限公司
https://www.104.com.tw/job/8sfg2?app_jobsource=m_time4jobs&jobsource=new_map,【金融創新部】初階程式設計師（工作地點：台中）,"【⼯作內容】
現有功能維護及開發: 能接觸到前端、後端、SQL技術，⼀條⿓的串接開發，提供實務開發的平台

【必要技能】
1. 後端：C# .net Framework MVC、MS SQL
2. 前端：Javascript
3. 接觸過HTML、CSS、物件導向程式設計概念

【加分條件】
1. 了解MVC架構
2. 了解前端框架(Ext.js、React等)
3. 了解SVN、Git等版控操作
4. 喜歡接觸新事物、新技術、並能不斷提升⾃我技術⽔準


【寶碩財務科技−⾦融創新部簡介】
我們致⼒於⾦融商品投資管理平台開發，協助客戶進⾏⾦融商品交易部位管理、
⾵險管理及投資決策分析。

我們的成員組成為敏捷式團隊，提供客戶WEB化系統產品與服務(基於MVC架構)。
有別於其他傳統系統代理與專案模式，我們配置專職財務⼯程專家掌握最新⾦融技術、
商品變化與法規要求，結合兩個領域的優勢，建構完整、全⾯的投資平台，致⼒於核⼼產品開發，引領客戶⾯對不斷變化中的⾦融挑戰。

我們這裡有扁平的組織結構、採⽤敏捷式開發流程、開放⾃由的討論⽂化與導師制度、
完善的新⼈教育訓練、彈性的上班時間(8:30~10:30)做滿8⼩時⾃⾏下班、
沒有傳統企業的包袱、下班不⽤等主管離開才能⾛、沒有加班⽂化，
每周⼀次以上的部⾨聚餐(⾃由參加)、
友善豐富的進修管道(內訓、外訓、證照補助、部⾨知識庫)、
提供每⼈基本配備個⼈電腦(含SSD)+雙螢幕、
不定時的資訊技術、財經新知、財務知識、理財知識分享。

無須具備財務⾦融相關知識，歡迎不具財經背景的資訊⼯程師加⼊⼀同成⻑、分享與切磋~,不拘,不拘,不拘","軟體工程師
、Internet程式設計師","月薪40,000~60,000元",無需出差外派,台中市北屯區崇德路二段256號12樓,"https://maps.google.com.tw/?q=%E5%AF%B6%E7%A2%A9%E8%B2%A1%E5%8B%99%E7%A7%91%E6%8A%80%E8%82%A1%E4%BB%BD%E6%9C%89%E9%99%90%E5%85%AC%E5%8F%B8@24.1746195,120.6862204&z=17",寶碩財務科技股份有限公司
https://www.104.com.tw/job/8rs9v?app_jobsource=m_time4jobs&jobsource=new_map,高級軟體工程師,"所需專長(1~2點可展示作品優):
1.C#.Net - 使用 Visual Studio
.HttpWebRequest
.JSON
DataBase
.Microsoft SQL Server
.Access
WinForm
MSSQL
系統整合分析
 
2. 使用 C#.NET 開發 Winform （財務模組）
發票管理
票據管理
固定資產管理
零用金/總務費用管理
傳票管理
會計明細表：日記帳、分類帳、試算表
財務報表：綜合資產負債表、綜合損益表、綜合損益表(二期)
進行軟體之測試、修改與後續維護、 撰寫系統各模組之操作手冊

3.「前端＋後端＋雲端＋資料庫」
◆C#與.NET Framework 
◆.NET 物件導向程式開發 
◆ADO.NET 
◆.NET
◆LINQ 
◆ASP.NET MVC 
◆ASP.NET Web Form 
◆Azure 
◆資料庫設計 RDB&NoSQL 
◆SQL Server 
◆Git 版本控制
◆SVN
◆Agile 
◆CSS 
◆JavaScript 
◆HTML5 
◆Ajax 
◆JQuery 
◆RWD 
◆Bootstrap

需有實際(財務模組)相關1.2.項工作五年以上經驗者佳
面試時請備專題(影片及簡報或實際可操作者),未填寫,Android、ASP.NET、C#、Java、Visual Studio、WinForm、MS SQL
提升專業能力
提升專業能力,資料備份與復原、資訊設備環境設定、系統整合分析、軟體工程系統開發、軟體程式設計、資料庫系統管理維護、資料庫程式設計、資料庫軟體應用、系統架構規劃與維護","軟體工程師
、全端工程師","月薪60,000元以上",無需出差外派,台中市北區,"https://maps.google.com.tw/?q=%E6%96%B9%E5%8B%9B%E8%B3%87%E8%A8%8A%E6%9C%89%E9%99%90%E5%85%AC%E5%8F%B8@24.1573171,120.6832556&z=17",方勛資訊有限公司
https://www.104.com.tw/job/8bvac?app_jobsource=m_time4jobs&jobsource=new_map,自動化影像軟體工程師(台中),"1.影像處理軟體或軟體開發(HALCON, VISION PRO…)
2.AOI/自動化設備模組架構與整合
3.光機設計
4.3D檢測經驗,視覺檢測系統評估與規劃
5.配合新專案評估、測試、分析
6.配合出差及執行主管交辦事項,1.具二年以上軟體開發能力者佳
2具.AOI自動化設備開發與整合經驗者佳
3具軟體設備整合高度熱忱 及良好溝通能力者,Visual C#
提升專業能力
提升專業能力,軟體程式設計、資料庫程式設計、光學系統研發設計、光學系統測試分析","軟體工程師
、演算法工程師
、業務支援工程師","月薪40,000~55,000元",需出差，一年累積時間未定,台中市北屯區,"https://maps.google.com.tw/?q=%E6%97%AD%E7%A6%8F%E8%82%A1%E4%BB%BD%E6%9C%89%E9%99%90%E5%85%AC%E5%8F%B8@24.1815237,120.6861019&z=17",旭福股份有限公司
https://www.104.com.tw/job/8pote?app_jobsource=m_time4jobs&jobsource=new_map,後端工程師,"1. 負責後端服務的開發與設計。
2. 負責後端服務的日常維護。
3. 進行平臺界接及整合。
4. 優化系統性能與除錯，並串接資料庫，如 MySQL及快取服務器，如 Redis。
5. 與外部團隊協作，並以雙方共同完成專案為目標。
6. 主管交辦事項處理。,能獨立作業有實務經驗者尤佳,PHP、Python、MySQL、Node.js
提升專業能力
提升專業能力,軟體程式設計、模組化系統設計","後端工程師
、前端工程師
、全端工程師","月薪40,000~50,000元",無需出差外派,台中市西區自治街155號7F-2,"https://maps.google.com.tw/?q=%E5%85%83%E5%AE%89%E8%BF%85%E7%A7%91%E6%8A%80%E6%9C%89%E9%99%90%E5%85%AC%E5%8F%B8@24.1414797,120.6676526&z=17",元安迅科技有限公司
https://www.104.com.tw/job/7r3ch?app_jobsource=m_time4jobs&jobsource=new_map,科技金融_軟體開發/設計工程師(台中),"1. 配合業務需求進行需求訪談分析與設計
2. 規劃執行系統軟體架構及模組設計
3. 依據設計規格書進行程式開發
4. 依需求擬定功能測試個案、測試計畫、測試進度追蹤與問題管理
5. 協助研發軟體新技術與新工具,1. 具備4年以上系統分析及設計(SA)經驗，或1~5年以上程式開發經驗
2. 具備Java,JavaScript, jQuery, Angular,Spring,SQL相關經驗
3. 熟微服務架構設計、容器化的應用開發經驗、DevOps、曾參與敏捷專案CI/CD/CT建置尤佳
4. 具備跨系統整合實務經驗或系統規劃能力佳
5. 具有獨立解決問題能力及團隊合作特質，善於溝通與表達,Linux、Java、Spring、MS SQL、MySQL、Oracle、JavaScript、VueJS、Angular
提升專業能力
提升專業能力,不拘","系統分析師
、軟體工程師
、Internet程式設計師",待遇面議,無需出差外派,台中市中區民族路50號,"https://maps.google.com.tw/?q=%E4%B8%AD%E5%9C%8B%E4%BF%A1%E8%A8%97%E5%95%86%E6%A5%AD%E9%8A%80%E8%A1%8C%E8%82%A1%E4%BB%BD%E6%9C%89%E9%99%90%E5%85%AC%E5%8F%B8@24.1383767,120.6812569&z=17",中國信託商業銀行股份有限公司
https://www.104.com.tw/job/7lm9h?app_jobsource=m_time4jobs&jobsource=new_map,PM（軟體專案與產品管理，客戶需求、溝通與協調）,"奇點無限是一家以「數學最佳化」與「資料科學」為核心技術的軟體公司，致力於智慧交通及綠色物流領域。透過頂尖數學家與工程師的合作，提供全球永續發展的最佳化解決方案。

【職務說明】
我們正在尋找一位充滿熱情與創新精神的 PM，來加入我們的團隊，協助推動軟體開發與雲端解決方案的管理，並與客戶保持密切合作。此職位特別適合對新創企業充滿熱情、並渴望展現前瞻性職涯發展的您！


【職責內容】
1. 與客戶需求對接與溝通：
    • 透過與客戶的深入交流，了解業務需求、需求變更並確認優先級。
    • 將客戶需求轉化為具體的產品規格與功能要求。
2. 專案規劃與管理：
    • 撰寫專案計劃書，負責專案進度控管、資源調度、風險預判與管理。
    • 確保專案按時順利推進，每週進度追蹤，並及時處理專案瓶頸與風險。
3. 跨部門協調與資源調度：
    • 與開發團隊密切協作，確保技術可行性並處理技術問題。
    • 進行內部協調，確保資源合理分配與專案順利推進。
4. 專案文件與測試協調：
    • 撰寫系統功能文檔、產品規格書、進度報告，並為測試團隊提供支持。
    • 與UI設計師合作，確保產品設計符合客戶需求與使用者體驗。
5. 專案總結與持續優化：
    • 完成專案後進行總結，識別問題並提出改進建議。
    • 優化公司內部專案管理流程，提升工作效率與質量。


【基本要求】
• 具備2年以上軟體專案管理或產品管理經驗。
• 優秀的溝通與協調能力，能清晰表達並理解需求。
• 熟練使用專案管理工具（如JIRA、Trello等）來追蹤與管理專案進度。
• 良好的問題解決能力，能快速應對專案中的變化。
• 具備一定的產品設計理解，能與UI設計師協作開發符合需求的介面與流程。


【加分條件】
• 具備雲端技術經驗（如Azure、AWS或GCP）或軟體開發經驗。
• 熟悉敏捷開發流程與方法論（如Scrum或Kanban）。
• 有跨國專案經驗，能處理多元文化團隊與客戶需求。
• 具備數據分析能力或使用者體驗（UX）設計經驗。
• 熟悉版本控制工具（如Git、SVN）。
• 具備程式設計能力（如JavaScript、Python等）。
• 具備軟體工程基本知識，能與工程師順利協作。
• 熟悉系統原型設計軟體（如Axure RP）。
• 良好的商業規劃思維。
• 具物流領域相關經驗者。
• 對物聯網相關話題有了解。

【應徵方式】
團隊是實現夢想的核心，請提供以下資料，讓我們更了解你：

1. 簡歷：分享您的專案管理經驗與成就。
2. 專案管理或作品連結：展示您的專案成果。
3. 應徵動機：簡單說明，您希望在團隊中實現什麼！


如果您具備上述條件，並擁有豐富的創新思維與挑戰精神，立即加入我們，一同運用數學與資料科學，開創智慧交通與綠色物流的未來！,【期望特質】

智者說：對的人是成事的關鍵，我們期待您具備以下特質：

• 熱衷創新，勇於嘗試新技術並付諸實踐。
• 擅長團隊合作，與他人有效溝通，共同解決問題。
• 自律且具責任感，能有效管理時間與資源。
• 面對挑戰時，保持正向、靈活應對變動。
• 高度誠信，對工作全力以赴，保證如期完成。
• 以用戶需求為核心，專注提升產品與服務體驗。
• 積極學習，接受挑戰，持續自我成長。
• 認同公司使命，並為共同目標努力。,Excel、PowerPoint、Word
提升專業能力
提升專業能力,文書處理╱排版能力、行政事務處理、報表彙整與管理、文件檔案資料處理、轉換及整合工作、管理行事曆與會議協調安排、專案成本╱品質╱風險管理、專案時間╱進度控管、專案規劃執行╱範圍管理、專案溝通╱整合管理、專案管理架構及專案說明、提案與簡報技巧、系統架構規劃、系統整合分析","系統分析師
、軟體專案管理師
、營運管理師／系統整合／ERP專案師","月薪35,000元以上",無需出差外派,台中市北屯區文心路四段696號8樓之1,"https://maps.google.com.tw/?q=%E5%A5%87%E9%BB%9E%E7%84%A1%E9%99%90%E8%82%A1%E4%BB%BD%E6%9C%89%E9%99%90%E5%85%AC%E5%8F%B8@24.1716088,120.6873763&z=17",奇點無限股份有限公司
https://www.104.com.tw/job/805qo?app_jobsource=m_time4jobs&jobsource=new_map,軟體工程師(金融產品-台中),"負責程式撰寫、系統維護

※薪資依學經歷敘薪※,具備Microsoft C#.Net及Web 應用系統實務開發經驗；熟悉 Java更佳,ASP.NET、C#、Java
提升專業能力
提升專業能力,不拘",軟體工程師,"月薪31,000元以上",需出差，一年累積時間未定,台中市北區中清路一段370號12樓,"https://maps.google.com.tw/?q=%E5%87%8C%E7%BE%A4%E9%9B%BB%E8%85%A6%E8%82%A1%E4%BB%BD%E6%9C%89%E9%99%90%E5%85%AC%E5%8F%B8@24.1615069,120.6755427&z=17",凌群電腦股份有限公司
https://www.104.com.tw/job/8un5z?app_jobsource=m_time4jobs&jobsource=new_map,後端工程師（Backend Developer）,"我們正在尋找一位對開發充滿熱情、能獨立作業並具備團隊合作精神的工程師加入我們的團隊。如果你熟悉 PHP、Laravel ，並且願意持續學習與挑戰不同技術，我們非常歡迎你的加入！

---

###【工作內容】

* 參與公司 Web 系統後台與前台的開發與維護
* 使用 Laravel 架構進行後端 API 設計與資料庫操作
* 與團隊協作解決技術問題並優化系統效能

---

###【必備條件 Must Have】

* 熟悉 PHP 與 **MySQL**，具備實際開發經驗
* 熟練使用 Laravel 框架
* 具備 Git 基本操作能力，了解版本控制流程

---

###【加分條件 Better Have】

* 熟悉 Ubuntu / Linux 環境 基本操作與部署
* 有使用 Redis 作為快取與佇列處理經驗
* 熟悉任一雲端平台（**AWS / GCP / Azure**）操作經驗
* 熟悉 Cloudflare 的設定與優化應用
* 曾使用過 Node.js及Socket開發過任一專案
* 曾使用過 PM2 設定與應用
---

###【工作型態】

* 全職
* 彈性上下班時間（核心時段制）

---

### 【我們提供】

* 開放溝通的團隊文化
* 每年技術進修補助與學習資源
* 使用最新框架與工具，鼓勵技術實驗與創新
* 具挑戰性與實戰經驗的專案環境,不拘,Linux、MySQL、PHP、AWS、JavaScript、CSS、Git、AJAX
提升專業能力
提升專業能力,資料庫程式設計、軟體程式設計","後端工程師
、Internet程式設計師","月薪55,000~65,000元",無需出差外派,台中市西區自由路一段101號7樓之7,"https://maps.google.com.tw/?q=%E7%BE%A4%E5%AD%B8%E9%96%8B%E7%99%BC%E6%9C%89%E9%99%90%E5%85%AC%E5%8F%B8@24.1377779,120.6792575&z=17",群學開發有限公司
https://www.104.com.tw/job/8id2y?app_jobsource=m_time4jobs&jobsource=new_map,【部分遠距外商新創AI品牌】Desktop Application Engineer_ITS_839 (#C++ #QT #跨平台應用程式),"【工作內容】

我們正在尋找一位充滿熱情且具備經驗的桌面應用程式工程師，加入我們充滿創新精神的團隊。您將站在打造下一代資料安全與隱私保護工具的最前線，這項產品將運用尖端的 AI 技術，全面守護使用者的資料安全。

該職位主要負責基於 Qt（C++/Python） 的桌面應用開發、系統層功能整合與性能優化。
理想的候選人熟悉 Windows 與 macOS 平臺開發，能夠在 Qt 應用開發 與 系統服務集成/核心驅動整合之間靈活切換，並具備扎實的C++ 程式設計基礎。

【Responsibilities】

• 負責基於 Qt (Widgets / WebEngine) 的跨平臺桌面應用開發與維護
• 使用 Python (QProcess / IPC) 與後端服務、腳本模組進行交互與整合
• 實現部分底層邏輯或性能關鍵模組的 C++ 擴展開發
• 設計並優化應用的啟動、性能、穩定性與跨平臺相容性
• 參與工程化流程（CI/CD、代碼評審、模組化設計），確保交付品質
• 與產品、測試、運維團隊協作，推動功能按期上線

如對職缺有興趣者，可直接投遞履歷至 summer.hsieh@adecco.com
或官方Line:@260pmatg (記得+@)加入後請提供職缺名稱/聯繫方式,【必備條件】
• 熟悉 Qt 框架（Widgets、WebEngine、信號槽機制、QML 加分）
• 熟悉 Python 與 Qt 的集成方式（QProcess、IPC、模組封裝等）
• 具備 Windows 與 macOS 系統開發經驗，理解平臺差異（系統 API、許可權模型、打包簽名等）
• 能夠編寫並維護 C++ 模組（Class設計、記憶體管理、介面封裝）
• 具備良好的 軟體工程化思維（版本控制、代碼規範、單元測試）

【加分條件】
• 熟悉 Qt 與系統層介面整合（Windows 核心驅動開發（WDF、Minifilter、WFP） 或 macOS 核心驅動（DriverKit、System Extension、Network Extension））
• 瞭解 應用打包與部署流程（Windows Installer、macOS Bundle/Code Signing 等）
• 具備 性能調優、記憶體分析 或 多執行緒開發 經驗
• 熟悉 AI 助理 / Copilot 工具 在開發流程中的應用

【理想人選】
• 具備在 Qt / Python / C++ 三者之間靈活工作的能力
• 熟悉跨平臺開發流程與系統差異，能在 Windows/macOS 雙平臺快速交付
• 對系統穩定性、性能優化與使用者體驗有高標準要求
• 善於自我驅動、快速學習並轉化為實際成果,C++、Python、Qt
提升專業能力
提升專業能力,不拘","軟體工程師
、軟體專案主管",待遇面議,部分遠端，前期須進辦公室，後期獨立作業可遠端辦公,台中市中區,"https://maps.google.com.tw/?q=%E8%97%9D%E7%8F%82%E4%BA%BA%E4%BA%8B%E9%A1%A7%E5%95%8F%E8%82%A1%E4%BB%BD%E6%9C%89%E9%99%90%E5%85%AC%E5%8F%B8@24.1402601,120.6818181&z=17",藝珂人事顧問股份有限公司
https://www.104.com.tw/job/8s6cp?app_jobsource=m_time4jobs&jobsource=new_map,【保障年薪14個月】後端開發工程師,"【 About  Us 】
廣告行銷產業變動快速，是具備高度競爭力的產業。我們的團隊節奏快，管理風格扁平、重視團隊合作與溝通協作，歡迎有挑戰精神的您加入我們的團隊，共同在資訊洪流中展穩腳步並且茁壯成長！

【後端開發工程師 Back-End Developer】從系統部署到 API 開發，一手包辦！
我們在尋找一位能獨立掌握系統管理與後端開發的後端工程師，協助提升開發效率與系統穩定性。

【工作內容 / 你將負責】
◤ 網站後端開發與系統維護
   使用 Python（Flask／Django）或 Node.js（Express）撰寫與維護 RESTful API。
   具備兩年以上後端開發與維運經驗，負責版本控管、功能優化與穩定性維護。
◤ 伺服器管理與雲端部署
   管理與部署 AWS、GCP 或 GoDaddy 等雲端／主機環境，熟悉 EC2、網域與 DNS 設定流程。
   理解 Linux／Windows 系統操作，處理日常維運、Log 監控與錯誤排查。
   熟悉 Docker 與 CI/CD 概念，能協助建置自動化流程與開發環境。
◤ 資料庫與自動化系統管理
   設計與管理關聯式資料庫，優化查詢效能、備份與資料安全機制。
   撰寫自動化任務與系統排程（如備份、資源清理、報表生成），提升運營效率。
◤ 系統安全與連線穩定性保障
   建立與管理反向代理（如 NGINX）、配置 HTTPS 憑證，確保網站安全連線與可用性。
   進行系統 Debug、錯誤追蹤與效能監控，迅速排除異常狀況。

【必備技能 / 我們希望你】
◆ 具備2年以上後端管理維護經驗
◆ 熟悉任一主流程式語言：Python 或 Node.js，並具備 RESTful API 開發經驗。
◆ 有實際操作過 AWS 、 GCP或Godaddy 等雲端服務，以及基本的 Linux 系統管理經驗。
◆ 熟悉伺服器部署、反向代理（如 Nginx）、HTTPS 憑證申請與安裝。
◆ 熟悉 Git 版本控制，具備基本的 Docker/CI/CD 概念。
◆ 邏輯清晰、擅長問題解決，能與主管密切溝通進度與挑戰。
◆ 積極學習：持續吸收新技術並主動研究更好的解法。

【加分技能】

【你會喜歡這裡，因為我們】
☆ 重視創意與溝通，尊重每個人的專業與聲音。
☆ 我們重視效率，追求成果勝過加班時數。
☆ 我們提倡員工自主性，鼓勵成員在工作中主動思考並持續成長。
☆ 鼓勵開放討論與積極回饋，任何人都可以提出好點子。
☆ 成果導向：您的努力會被看見。在這裡，回報與表現成正比。
☆ 鼓勵成員持續學習新知與優化流程，一起進化不間斷。
☆ 只要你對職涯有積極成長的規劃與期待，我們非常樂意提供舞台與機會。

★具競爭力的公司福利★
◇固定年終獎金2個月
◇三節禮金
◇生日禮金
◇每年穩定調薪
◇每年享有12天(以上)特休+不扣薪病假5天
◇不定期部門聚餐
◇團康活動(運動類、益智桌遊、藝術創作)
◇員工活動

★成為正式員工額外享有★
◇一年2次績效考核獎金
◇員工團體保險
◇年度健康檢查
◇健身房補助方案,未填寫,Node.js、Python、Linux、AWS、DNS、Git、Github
提升專業能力
提升專業能力,伺服器網站管理維護、資訊設備操作檢修","後端工程師
、前端工程師
、全端工程師","月薪55,000~70,000元",無需出差外派,台中市北屯區,"https://maps.google.com.tw/?q=%E8%B5%AB%E7%88%BE%E5%A2%A8%E6%80%9D%E8%A1%8C%E9%8A%B7%E6%9C%89%E9%99%90%E5%85%AC%E5%8F%B8@24.1815237,120.6861019&z=17",赫爾墨思行銷有限公司
https://www.104.com.tw/job/84zng?app_jobsource=m_time4jobs&jobsource=new_map,資訊部 IT/MIS 副理/資深工程師 (台中),"職務影響力：
MIS/IT 為泓德集團資訊基礎建設與數位管理的核心支持角色。直接關連到企業營運效率、網路安全、資料可靠性與各單位資訊系統運作穩定。對於企業內部營運不中斷、提升數位化成熟度，落實資訊安全政策及支持業務快速反應具關鍵貢獻。 

主要職責：
1.管理與維護公司內外部機房的伺服器（Server）與儲存設備（Storage），確保系統穩定與資料安全；
2.負責辦公區域之區域網路與無線網路（Wi-Fi）架構、設定與日常維運；
3.管理公司各地區辦公室的防火牆、防毒系統與整體網路安全策略；
4.負責軟體授權與應用系統的日常管理、版本控管與故障排除；
5.提供內部電腦使用者的技術支援，處理電腦硬體、作業系統與常用軟體相關問題；
6.協助推動與執行資訊安全政策與公司IT資產管理制度，包含內稽內控及ISO27001；
7.參與與執行IT專案任務，包含需求收集、時程管控、測試驗收與成果彙整報告；
8.協助 MIS 系統上線、測試與使用者培訓，提供技術支持並編寫操作手冊；
9.撰寫並維護技術文件、系統說明與操作流程，作為內部知識文件；
10.定期備份關鍵資料與系統設定，協助災難復原計劃（RDP）；
11.追蹤新興資訊技術趨勢，提出改善建議以提升資訊部門整體效率與效能。

資格要求：
1.至少 1～3 年相關 IT 支援、系統管理或 MIS 維運經驗；
2.熟悉 Windows Server、VMware、NAS/SAN 儲存設備等管理；
3.熟悉網路基礎建設（交換器、防火牆、VPN、無線網路等）；
4.熟悉 IT 資產與授權管理流程；
5.具備 PowerShell、Python 等Shell Script能力者尤佳。
6.邏輯思維清晰，能有效管理技術團隊並提供具前瞻性的 IT 解決方案,不拘,Excel、PowerPoint、Word、鼎新
提升專業能力
提升專業能力,不拘","資訊設備管制人員
、資安工程師
、MIS／網管主管",待遇面議,需出差，一年累積時間約一個月以下,台中市北區,"https://maps.google.com.tw/?q=%E6%B3%93%E5%BE%B7%E8%83%BD%E6%BA%90%E7%A7%91%E6%8A%80%E8%82%A1%E4%BB%BD%E6%9C%89%E9%99%90%E5%85%AC%E5%8F%B8@24.1573171,120.6832556&z=17",泓德能源科技股份有限公司
https://www.104.com.tw/job/87qug?app_jobsource=m_time4jobs&jobsource=new_map,Cocos Creator 工程師,"▍職責：

1. 基於 Cocos Creator 引擎，負責專案的開發
2. 能配合團隊溝通與開發、職務內獨立作業完成
3. 負責專案上線、優化及 Bug 解決
4. 負責PC、移動平台( Android / IOS )網頁各端，優化和發佈

▍要求：

1. Cocos Creator 遊戲引擎使用經驗
2. 熟練 JavaScript / TypeScripts 其中一種語言
3. 熟悉 WebSocket、Http 等網路協定
4. 良好的編寫代碼習慣、邏輯性強、遵守開發命名規範
5. 具使用 Git 版本控制開發經驗,不拘,Git、JavaScript、Socket
提升專業能力
提升專業能力,軟體程式設計","遊戲工程師
、軟體工程師
、Internet程式設計師",待遇面議,無需出差外派,台中市北屯區,"https://maps.google.com.tw/?q=%E9%A0%86%E4%B9%85%E8%B3%87%E8%A8%8A%E6%9C%89%E9%99%90%E5%85%AC%E5%8F%B8@24.1815237,120.6861019&z=17",順久資訊有限公司
https://www.104.com.tw/job/8qhvh?app_jobsource=m_time4jobs&jobsource=new_map,半導體設備 自動控制工程師,"1.開發與維護自動化設備控制軟體（C# 程式語言）
2.整合運動控制、I/O、感測器與視覺模組
3.設計操作介面（HMI）並優化使用體驗
4.撰寫控制邏輯與演算法（路徑規劃 / 對位 / 控制等）
5.設備組測試與現場除錯
6.協助設備導入與技術支援，撰寫相關技術文件,未填寫,C#、Visual Studio、WinForm、Matlab、LabVIEW、ChatGPT
提升專業能力
提升專業能力,自動化系統設計整合、電機設備設計開發、自動化機構裝配、軟體程式設計、自動化設備／系統介面之維護改善、模組化系統設計、軟體工程系統開發、規劃、維護自動控制系統、系統整合分析","自動控制工程師
、演算法工程師
、韌體工程師","月薪40,000~50,000元",無需出差外派,台中市大里區塗城里光正路262號3樓,"https://maps.google.com.tw/?q=%E8%B6%8A%E5%B1%B1%E6%99%BA%E8%83%BD%E8%82%A1%E4%BB%BD%E6%9C%89%E9%99%90%E5%85%AC%E5%8F%B8@24.0933431,120.7151274&z=17",越山智能股份有限公司
https://www.104.com.tw/job/7y2ua?app_jobsource=m_time4jobs&jobsource=new_map,(DR42-GB013)軟體工程師/高級工程師 (台中),"因應承接國際大廠ODM專案需求將擴編徵才，並計畫於近期IPO，歡迎菁英人才加入我們的行列。

工作內容:
負責IP-CAM Linux系統開發,不拘,C、C++
提升專業能力
提升專業能力,不拘",軟體工程師,待遇面議,無需出差外派,台中市北屯區崇德路二段252號7F,"https://maps.google.com.tw/?q=%E7%B6%A0%E5%9F%BA%E4%BC%81%E6%A5%AD%E8%82%A1%E4%BB%BD%E6%9C%89%E9%99%90%E5%85%AC%E5%8F%B8@24.1749323,120.6859182&z=17",綠基企業股份有限公司
https://www.104.com.tw/job/8v1tb?app_jobsource=m_time4jobs&jobsource=new_map,電子工程師,"1. 產品電子電路開發設計、驗證、PCB&FPC製作、電子相關問題處理。
2. 產品測試的軟硬體設計製作。
3. 測試機台驗證&檢修。,1.電子電路原理
2.示波器&電錶操作
3.具I2C、SPI、UART通訊經驗
4.具PCB&FPC開發經驗佳
5.研究新技術Paperm與實作
6.熟悉C#、Arduino、樹莓派、OrCAD、Aluminium、Python佳,C#、OrCAD、Python
提升專業能力
提升專業能力,不拘","電子工程師
、電子產品系統工程師
、軟體工程師","月薪45,000~55,000元",無需出差外派,台中市潭子區建國路24號,"https://maps.google.com.tw/?q=%E4%BD%B3%E5%87%8C%E7%A7%91%E6%8A%80%E8%82%A1%E4%BB%BD%E6%9C%89%E9%99%90%E5%85%AC%E5%8F%B8@24.2189573,120.6992803&z=17",佳凌科技股份有限公司
https://www.104.com.tw/job/8k7vw?app_jobsource=m_time4jobs&jobsource=new_map,資深PHP後端工程師Senior Backend Engineer,"【工作內容】
1.與前端⼯程師和設計師合作，參與產品設計和架構建置，提升產品效能和使⽤者體驗

2.維護與優化Laravel專案，撰寫可測試、⾼品質的程式碼

3.獨立負責開發項⽬，應⽤RESTful API和微服務架構進⾏系統設計

4.參與技術決策，提出建設性建議，確保技術實現與產品⽬標⼀致

5.提供技術建議與規劃，⽀援設計師和業務團隊，解決技術挑戰

【招募背景】
1.擁有五年以上的產品環境開發與⼯作經驗
2.能根據商業需求，結合團隊現況，提出合適的技術⽅案和系統架構
3.具備良好的溝通能⼒，能清晰表達技術觀點
4.積極主動與各團隊協作，能有效解決跨團隊的技術問題
5.深入理解 MySQL關聯式資料庫及其優化技術
6.具備雲平台使⽤經驗（如 AWS、GCP)
7.熟悉微服務架構與開發實務
8.精通 PHP與Laravel 框架開發

 
【加分項目】
1.具備資料分析經驗，能從商業⾓度理解數據價值
2.熟悉Docker、Kubernetes容器化技術
3.熟悉 Redis、MongoDB、Elasticsearch等資料庫技術,未填寫,Linux、Git、PHP、MySQL、AWS
提升專業能力
提升專業能力,軟體工程系統開發、軟體程式設計、資料庫程式設計","後端工程師
、全端工程師","月薪60,000元以上",無需出差外派,台中市北屯區文心路四段752之2號(宏台企業大樓3樓),"https://maps.google.com.tw/?q=%E6%96%B0%E5%8A%A0%E5%9D%A1%E5%95%86%E5%86%95%E5%89%B5%E6%9C%89%E9%99%90%E5%85%AC%E5%8F%B8@24.1715934,120.6884834&z=17",新加坡商冕創有限公司
https://www.104.com.tw/job/8ee17?app_jobsource=m_time4jobs&jobsource=new_map,雲端架構與MIS工程師,"奇點無限是一家以「數學最佳化」與「資料科學」為核心技術的軟體公司，致力於智慧交通及綠色物流領域。透過頂尖數學家與工程師的合作，提供全球永續發展的最佳化解決方案。


【職務說明】
我們正在尋找具備雲端技術與MIS管理經驗的科技專才，加入我們的團隊，打造穩定、安全且高效的系統運作環境。適合對新創充滿熱情，並渴望前瞻性職涯發展的您！


【職責內容】
1. 系統維護與支援
        - 確保系統穩定運行，執行日常維護及緊急故障修復
        - 部署及更新應用程式，協助開發團隊在生產環境中進行測試與發布
        - 制定及維護維運文件，確保後續運維工程師對系統運作有清晰理解
2. 公司內部MIS管理
        - 管理內部MIS/IT服務，包含公司網路、資料備份與安全
        - 負責資訊產品採購與設備盤點，並處理員工電腦的軟硬體問題
        - 執行主管交辦的IT相關事項
3. 雲端與網路管理
        - 支援AWS、Azure、GCP上的網站與應用服務遷移，進行資源與網速調校
        - 負責Domain/IP/DNS設定及SSL憑證的安裝
        - 高可用性（HA）架構管理、資料備援和遷移
        - VPN、負載平衡、流量管理（Routing/CDN），並執行網速測試及調配
4. 實體與遠端伺服器管理
        - 部署與管理地端和遠端伺服器，並負責相關伺服器架設
5. 公司基礎設施管理
        - 公司電話、電腦、監視系統及其他基礎設施維運


【加分條件】
• 大專以上資訊工程、資訊管理相關科系畢業。
• 雲端架構相關證照（如Azure、GCP、AWS）
• 擁有雲端架構相關證照（如Azure、GCP、AWS）。
• 熟悉CDN管理（如Cloudflare、Mlytics）及容器技術（如Docker、Kubernetes）。
• 具備撰寫Shell Script或其他腳本的能力。
• 精通監控工具（如Zabbix）及VMware vSphere。
• 具備Synology NAS管理經驗，熟悉GIT、SVN等版控工具。
• 從事MIS網管工作2年以上，具備獨立維護能力。
• 熟悉Windows、MacOS、Linux等作業系統。
• 熟悉網路TCP/IP架構與IT基礎架構。
• 具備相關證照者。
• 熟悉PVE者。
• 具高度資安意識與相關經驗者。
• 良好的商業規劃思維。
• 具物流領域相關經驗者。
• 對物聯網相關話題有基本了解者。


【應徵方式】
團隊是實現夢想的核心，請提供以下資料，讓我們更了解你：

1. 簡歷：分享你的資訊系統管理經驗與技術成就。
2. 專案經驗或作品連結：展示你在系統維護或IT管理的專案成果。
3. 應徵動機：用簡短文字告訴我們，你希望在團隊中實現什麼！


如果您具備上述條件，擁有豐富的想像力與創新思維，並希望在充滿挑戰的環境中，運用數學與資料科學，與我們共同開創智慧交通與綠色物流的未來，立即加入我們！,不拘,Angular、Citrix、Vmware、AWS、JavaScript、jQuery、CSS、Sass、Node.js、ReactJS、AngularJS、VueJS、Redux、MySQL、Cisco、DHCP、DNS、Firewall、Juniper、LAN、LDAP、Routers、TCP/IP、VLAN、VPN、Linux、Shell、UNIX、Github、Jenkins、Git、AJAX
提升專業能力
提升專業能力,規劃與管理防火牆、資料備份與復原、電腦設備裝配、資訊設備操作檢修、資訊設備環境設定、系統架構規劃、軟體程式設計、資料庫系統管理維護、資料庫程式設計、資料庫軟體應用、系統架構規劃與維護、安裝與維護網路安全系統、規劃與管理入侵防護系統（IPS）、伺服器網站管理維護、網路系統危機管理、網路系統配置、網路架設佈線、網路設備設定安裝","網路管理工程師
、資訊設備管制人員
、MIS／網管主管","月薪35,000元以上",無需出差外派,台中市北屯區文心路四段696號8樓之一,"https://maps.google.com.tw/?q=%E5%A5%87%E9%BB%9E%E7%84%A1%E9%99%90%E8%82%A1%E4%BB%BD%E6%9C%89%E9%99%90%E5%85%AC%E5%8F%B8@24.1716088,120.6873763&z=17",奇點無限股份有限公司
https://www.104.com.tw/job/2yyg5?app_jobsource=m_time4jobs&jobsource=new_map,系統分析師-B90C,"1. 客戶需求訪談、瞭解客戶需求、提供最佳解決方案。
2. 依據客戶需求，構想和製作Prototype，製做需求文件，與客戶溝通確認符合需求。
3. 系統分析和設計：系統功能畫面、功能操作流程、資料庫和資料結構、資料傳輸規格，並撰寫系統分析文件
4. 協助工程師進行開發工作
5. 協助完成測試，解決問題，提供使用者教育訓練,不拘,不拘,不拘","軟體工程師
、MIS程式設計師
、系統分析師",待遇面議,需出差，一年累積時間約六個月以下,台中市北區太原路一段532號11樓,"https://maps.google.com.tw/?q=%E5%8F%B0%E7%81%A3%E8%B3%87%E6%9C%8D%E7%A7%91%E6%8A%80%E8%82%A1%E4%BB%BD%E6%9C%89%E9%99%90%E5%85%AC%E5%8F%B8@24.1648931,120.673485&z=17",台灣資服科技股份有限公司
https://www.104.com.tw/job/8rpgv?app_jobsource=m_time4jobs&jobsource=new_map,研發高級工程師/工程師 (智慧製造應用開發工程師),"1、協助智慧製造方案、技術評估與建置、自動化設備與應用系統開發。
* 深度學習模型應用餘視覺檢測AI-AOI。
* 自動倉儲管理系統（Warehouse Management System, WMS)開發
*  IoT資料庫系統建置，進行數據應用工程並展現可視化看板介面。
* AI應用開發：優化運輸路線、文件自動化、視覺辨識種類與計數
2、歡迎無經驗畢業生應徵，面試時請攜帶作品集或案例DEMO說明，以便更快速地了解您！,不拘,不拘,不拘","軟體工程師
、全端工程師
、AI工程師",待遇面議,需出差，一年累積時間未定,台中市太平區永平路二段520號,"https://maps.google.com.tw/?q=%E6%AC%A3%E5%B1%95%E5%B7%A5%E6%A5%AD%E8%82%A1%E4%BB%BD%E6%9C%89%E9%99%90%E5%85%AC%E5%8F%B8@24.1295511,120.7088354&z=17",欣展工業股份有限公司
https://www.104.com.tw/job/7us1o?app_jobsource=m_time4jobs&jobsource=new_map,資訊工程師,"1. 維護電腦系統效能，保持系統正常運作並進行除錯。
2. 建立並操作測試設備，並評估部件、裝置或系統的性能。
3. 建構、檢驗、維修電子儀器或測試設備。
4.網路架構規劃與建置、分析、解決客戶問題。
5. 負責軟、硬體及其他系統周邊裝置的安裝及維修。
6. 幫客戶端設定好電腦工作環境（如：應用軟體）。
7. 評估系統修改及建立新系統的需求。
8.有耐心、樂於與人溝通者尤佳。,不拘,Word、Ghost、Excel、TCP/IP、FTP、Windows Server 2019、Windows 10、Windows 7、Windows XP
提升專業能力
提升專業能力,網路設備設定安裝、伺服器網站管理維護、網路規劃管理、網路系統配置、安裝與維護網路安全系統、資訊設備環境設定、資訊設備操作檢修、電腦設備裝配、資料備份與復原、作業系統基本操作","網路管理工程師
、其他資訊專業人員
、資訊助理","月薪40,000元以上",需出差，一年累積時間未定,台中市太平區,"https://maps.google.com.tw/?q=%E5%B4%A7%E6%B5%A9%E7%A7%91%E6%8A%80%E6%9C%89%E9%99%90%E5%85%AC%E5%8F%B8@24.1240719,120.7170701&z=17",崧浩科技有限公司
https://www.104.com.tw/job/8cv1k?app_jobsource=m_time4jobs&jobsource=new_map,Flutter工程師,"負責APP系統開發,不拘,Android、iOS、Flutter
提升專業能力
提升專業能力,不拘","iOS工程師
、Android工程師
、後端工程師","月薪35,000~50,000元",無需出差外派,台中市北屯區文心路4段83號10樓-1,"https://maps.google.com.tw/?q=%E5%8F%B0%E7%81%A3%E7%A6%8F%E6%96%AF%E7%A7%9F%E8%B3%83%E8%82%A1%E4%BB%BD%E6%9C%89%E9%99%90%E5%85%AC%E5%8F%B8@24.1742688,120.6729144&z=17",台灣福斯租賃股份有限公司
https://www.104.com.tw/job/8u7rc?app_jobsource=m_time4jobs&jobsource=new_map,MIS開發工程師(台中),"此職務主要開發MIS系統之客製化,包括公司自有低代碼開發平台之客製化開發、TipTop表單開發(4GL語言)以及MIS相關自動化工具(RPA)開發,具有低代碼開發經驗與程式開發經驗(C#或Python等語言皆可)為佳,相關客製化開發會需要跨部門溝通與基本系統分析能力。,未填寫,Word、PowerPoint、Outlook、Excel、MS SQL、Windows Server 2019、Linux、Project、Windows 10、Java、Perl、PHP、MySQL、Oracle、C#
提升專業能力
提升專業能力,軟體程式設計、軟體工程系統開發、系統整合分析","MIS程式設計師
、軟體工程師
、數據分析師／資料分析師","月薪40,000~60,000元",無需出差外派,台中市北區文心路四段200號5樓之3,"https://maps.google.com.tw/?q=%E5%BE%B7%E9%B4%BB%E7%A7%91%E6%8A%80%E8%82%A1%E4%BB%BD%E6%9C%89%E9%99%90%E5%85%AC%E5%8F%B8@24.173143,120.6768627&z=17",德鴻科技股份有限公司
https://www.104.com.tw/job/8u1u1?app_jobsource=m_time4jobs&jobsource=new_map,德州撲克牌 發牌員（荷官）,"1.處理協會會員活動相關事宜
2.協會專業發牌員 
3.環境衛生維護
4.主管交代事項

◎無經驗可
◎公司培訓指導到您能獨立掌控遊戲進行流程及引導玩家動作。
培訓內容:
＊德州撲克相關國際賽事規則
＊德州撲克遊戲與發牌流程,不拘,不拘,不拘","遊戲企劃
、其他娛樂事業人員
、遊戲工程師","月薪60,000元以上",無需出差外派,台中市中區台中市中區成功路10號4樓,"https://maps.google.com.tw/?q=%E8%87%BA%E4%B8%AD%E5%B8%82%E9%88%A6%E6%99%AE%E7%89%8C%E7%AB%B6%E5%8D%94%E6%9C%83@24.1383099,120.6859418&z=17",臺中市鈦普牌競協會
https://www.104.com.tw/job/6iuzp?app_jobsource=m_time4jobs&jobsource=new_map,軟體工程師,"1.系統開發設計及程式撰寫。  (擅長ASP、ASP.NET、C#、Javascript)
2.軟體測試及修改。 
3.規劃、執行與維護系統。
4.資料庫處理。(熟MSSQL)
5.API資料交換。(熟WebAPI、XML、Json)
6.主管交辦事項。,不拘,AJAX、ASP、ASP.NET、C#、MS SQL、JavaScript、jQuery、Excel
提升專業能力
提升專業能力,軟體程式設計、網路程式設計、資料庫程式設計","MIS程式設計師
、軟體工程師","月薪30,000~50,000元",無需出差外派,台中市北屯區進化北路80-4號,"https://maps.google.com.tw/?q=%E5%8F%B0%E4%B8%AD%E9%8A%80%E4%BF%9D%E9%9A%AA%E7%B6%93%E7%B4%80%E4%BA%BA%E8%82%A1%E4%BB%BD%E6%9C%89%E9%99%90%E5%85%AC%E5%8F%B8@24.163281,120.688736&z=17",台中銀保險經紀人股份有限公司
https://www.104.com.tw/job/8v5vo?app_jobsource=m_time4jobs&jobsource=new_map,1MC1-人工智慧暨機器人創新中心 健康台灣深耕計畫_演算法助理工程師,"協助健康台灣深耕計畫,不拘,不拘","演算法工程師
、其他研究人員","月薪60,000元以上",無需出差外派,台中市北區育德路2號,"https://maps.google.com.tw/?q=%E4%B8%AD%E5%9C%8B%E9%86%AB%E8%97%A5%E5%A4%A7%E5%AD%B8%E9%99%84%E8%A8%AD%E9%86%AB%E9%99%A2@24.1568721,120.6807399&z=17",中國醫藥大學附設醫院
https://www.104.com.tw/job/8egcv?app_jobsource=m_time4jobs&jobsource=new_map,PHP後端工程師(Junior PHP Backend Developer),"職務說明:
1.依專案需求功能分析 、規劃、設計及程式撰寫
2. 以Laravel 8.X框架開發網站。 
3. 維護既有資料庫，PHP, JavaScript程式碼並優化。 
4. 後台開發與維護。
5. 具備良好的溝通與傾聽技巧,處理客戶線上反應相關問題諮詢及排除問題處理。
6. 能獨立完成交辦事項,協助團隊專案開發並配合專案執行的時間完成

加分條件:
1.API 開發 & 介接經驗 (restful 尤佳)
2.具有 Git 版本控管使用經驗
3.具有 Linux 指令操作經驗
4.SQL 語法和 MySQL / MariaDB 資料庫設計經驗,未填寫,PHP、MySQL、HTML、JavaScript
提升專業能力
提升專業能力,軟體工程系統開發、軟體程式設計、資料庫系統管理維護","軟體工程師
、Internet程式設計師","月薪35,000~50,000元",無需出差外派,台中市西區臺灣大道二段2號6樓之5,"https://maps.google.com.tw/?q=%E6%A8%82%E8%8F%93%E8%B3%87%E8%A8%8A%E6%9C%89%E9%99%90%E5%85%AC%E5%8F%B8@24.1481853,120.6735865&z=17",樂菓資訊有限公司
https://www.104.com.tw/job/704a2?app_jobsource=m_time4jobs&jobsource=new_map,TIPTOP ERP軟體工程師,"1. 鼎新TIPTOP GP5.3 Genero 4GL 客製程式開發及維護工作。
2. Crystal Report報表程式開發。
3. BI報表客製程式開發及維護工作。
4. 其他主管交辦事項。,不拘,不拘,軟體程式設計","軟體工程師
、MIS程式設計師
、系統分析師","月薪45,000~60,000元",無需出差外派,台中市潭子區建國路11-3號(427),"https://maps.google.com.tw/?q=%E5%AE%89%E7%A2%81%E7%A7%91%E6%8A%80%E8%82%A1%E4%BB%BD%E6%9C%89%E9%99%90%E5%85%AC%E5%8F%B8@24.2182408,120.7031003&z=17",安碁科技股份有限公司
https://www.104.com.tw/job/3oy9x?app_jobsource=m_time4jobs&jobsource=new_map,程式設計師-B90C,"1. 負責專案開發與維護
2. 具備Java開發經驗一年以上，有使用過 SQL、javascript
3. 程式設計與撰寫
4. 協助分析系統並提出建議
5. 程式單元測試
6. 協助系統整合測試
7. 撰寫具備Java web application經驗,不拘,Java、JSP、Oracle、Tomcat、JavaScript、Angular
提升專業能力
提升專業能力,系統整合分析、軟體工程系統開發、軟體程式設計","軟體工程師
、Internet程式設計師
、MIS程式設計師","月薪35,000~40,000元",無需出差外派,台中市北區太原路一段532號11樓,"https://maps.google.com.tw/?q=%E5%8F%B0%E7%81%A3%E8%B3%87%E6%9C%8D%E7%A7%91%E6%8A%80%E8%82%A1%E4%BB%BD%E6%9C%89%E9%99%90%E5%85%AC%E5%8F%B8@24.1648931,120.673485&z=17",台灣資服科技股份有限公司
https://www.104.com.tw/job/8rvsn?app_jobsource=m_time4jobs&jobsource=new_map,自動化測試工程師,"1.建置/維護自動化測試環境及架構 。
2.規劃與開發Web及APP自動化及測試腳本。
3.配合產品迭代持續開發與維護Web及APP自動化測試、回歸測試。
4.提供測試報告和建議以保障產品可測性和架構合理性 。,1.主動積極、具備責任感，可以獨立完成工作並妥善安排時間。
2.注重自我溝通與團隊協作能力且樂意分享。
3.需配合出差。,不拘,不拘","軟體工程師
、軟韌體測試工程師",待遇面議,需出差，一年累積時間未定,台中市北屯區文心路四段696號10樓之2,"https://maps.google.com.tw/?q=%E5%A5%87%E9%BB%9E%E6%95%B8%E6%93%9A%E8%A1%8C%E9%8A%B7%E6%9C%89%E9%99%90%E5%85%AC%E5%8F%B8@24.1716161,120.6873704&z=17",奇點數據行銷有限公司
https://www.104.com.tw/job/6134l?app_jobsource=m_time4jobs&jobsource=new_map,軟體工程師-台中,"醫療資訊HIS系統
•醫療軟體程式撰寫與測試
•醫療系統維運及功能優化
•C#程式開發相關工作經驗
•參與nHIS系統導入及上線
•主管交辦工作事項

•如果對我們的工作感興趣，請盡快投遞履歷，讓我們有機會認識您,不拘,C#
提升專業能力
提升專業能力,系統維護操作、功能測試(function test)、問題追蹤處理(Bug tracking)、軟體程式設計",軟體工程師,"月薪35,000~58,000元",需出差，一年累積時間約一個月以下,台中市北屯區文心路四段696號23樓之2（距捷運文心崇德站約250公尺）,"https://maps.google.com.tw/?q=%E6%98%B1%E8%AA%A0%E6%99%BA%E8%83%BD%E6%9C%8D%E5%8B%99%E8%82%A1%E4%BB%BD%E6%9C%89%E9%99%90%E5%85%AC%E5%8F%B8@24.1716088,120.6873763&z=17",昱誠智能服務股份有限公司
https://www.104.com.tw/job/74235?app_jobsource=m_time4jobs&jobsource=new_map,SAP ERP研發工程師(台北/台中/高雄),"1. SAP ERP系統開發與異質系統串接開發
2. Web API程式開發、維護、系統規劃、開發設計
3. 須熟悉C#程式(或VB程式)、及熟悉MS SQL語法應用，尤其是多Table Join能力
4. 軟體問題追蹤以及除錯，根據規劃完成系統的開發工作
5. 需有專案開發與程式撰寫實務經驗1年以上，且能獨立作業,不拘,WinForm、CSS、jQuery、VBScript、JavaScript、HTML、MS SQL、SWIFT、Objective-C、ASP、Visual Studio .net、Visual Studio、Visual C#、Visual Basic .net、Visual Basic、Java、C++.Net、ASP.NET
提升專業能力
提升專業能力,不拘","軟體工程師
、其他資訊專業人員
、系統分析師","月薪30,000~50,000元",需出差，一年累積時間約一個月以下,台中市西區民權路314巷11號7樓,"https://maps.google.com.tw/?q=%E5%A4%A7%E7%B6%9C%E9%9B%BB%E8%85%A6%E7%B3%BB%E7%B5%B1%E8%82%A1%E4%BB%BD%E6%9C%89%E9%99%90%E5%85%AC%E5%8F%B8@24.1491683,120.6704677&z=17",大綜電腦系統股份有限公司
https://www.104.com.tw/job/8v5ev?app_jobsource=m_time4jobs&jobsource=new_map,前端工程師，跟後端工程師一起合作，可全遠端，熟悉vibe coding開發流程,"- 開發創新、吸引人的 UI/UX 功能，解決客戶複雜問題。
- 在敏捷環境中與團隊合作，優化並擴展可投入生產的解決方案。
- 優化 Web 應用程式效能和使用者體驗，解決介面問題。
- 與軟體工程師合作，確保組件整合順暢。
- 審查程式碼，進行手動和自動測試，維持代碼品質。
- 持續學習並掌握最新前端技術和最佳實踐。

資格
- 熟悉前端技術，包括 HTML、CSS、JavaScript，並具備現代 Web 框架（例如 React、Angular 或 Vue.js）的豐富經驗（3 年以上）。
- 擁有使用 JavaScript 和 TypeScript 構建 UI 解決方案的經驗。
- 具備 Vue、Nuxt.js 或類似框架/函式庫的開發經驗。
- 擁有使用 Jest、Vitest 或其他測試框架進行單元測試的經驗。
- 具備使用版本控制系統（如 Git）的經驗。
- 持有電腦科學、電腦工程或相關領域的學士學位，或具有同等的實踐經驗。

加分資格
- 具備基於生成式人工智慧開發應用程式的經驗。
- 擁有雲端運算平台經驗，如 Azure、AWS、Google Cloud 等。
- 具備應用程式生命週期管理（ALM）工具（例如 Azure DevOps）的使用經驗。
- 擁有端對端（End-to-End，E2E）測試的經驗。

UI技術
- JavaScript
- TypeScript
- Vue 3
- Nuxt.js
- Jest 或 Vitest,不拘,HTML、Cloud、JavaScript
提升專業能力
提升專業能力,不拘","前端工程師
、後端工程師
、全端工程師",待遇面議,無需出差外派,台中市北屯區松竹路三段660號,"https://maps.google.com.tw/?q=%E5%85%83%E5%BF%83%E5%BB%BA%E6%9D%90%E8%88%88%E6%A5%AD%E6%9C%89%E9%99%90%E5%85%AC%E5%8F%B8@24.1900486,120.673981&z=17",元心建材興業有限公司
https://www.104.com.tw/job/7q8t6?app_jobsource=m_time4jobs&jobsource=new_map,後端工程師,"職務描述：
 1. 負責網站後台系統的開發、維護和優化。
 2. 設計和開發資料庫，編寫高效的 SQL 語句。
 3. 參與系統需求分析、設計和實現，確保系統的穩定性和可擴展性。
 4. 負責後端服務的部署與運維，提升系統效率和可靠性。

職位要求（必備）

 1. 熟悉Python 語言，具備Flask 框架的開發經驗。
 2. 熟悉SQL 語句，並能熟練操作MySQL、PostgreSQL 等關聯式資料庫。
 3. 熟悉Git 版本控制工具，具備團隊協作開發經驗。
 4. 具備良好的代碼風格，能確保代碼的可讀性與可維護性。
 5. 具備良好的溝通、協調與團隊合作能力。
 6. 具備獨立思考和解決問題的能力，能夠主動學習新技術並獨立完成任務。

加分條件（尤佳）

 1. 具備Redis 使用經驗，了解其應用場景及優化方法。
 2. 具備Docker 容器化應用的開發與部署經驗。
 3. 具備Linux 系統操作與伺服器配置經驗。
 4. 具備RTSP 與影像串流處理經驗。
瑞艾專屬特殊福利：

除了職涯成長外，我們也重視每位夥伴的生活品質！
 • 超彈性假期安排：每月的週六（假日）可自由與上班日對調，自由安排連假。
 • 工作生活平衡：方便您規劃出遊、陪伴家人朋友，成為自己時間的主人！,不拘,Github、Python、PostgreSQL
提升專業能力
提升專業能力,網路程式設計、資料庫程式設計",軟體工程師,"月薪30,000~50,000元",無需出差外派,台中市西區灣大道二段2號19樓之1,"https://maps.google.com.tw/?q=%E7%91%9E%E8%89%BE%E7%A7%91%E6%8A%80%E6%9C%89%E9%99%90%E5%85%AC%E5%8F%B8@24.1481853,120.6735865&z=17",瑞艾科技有限公司
https://www.104.com.tw/job/8rv7r?app_jobsource=m_time4jobs&jobsource=new_map,軟體開發工程師(薪資非常好面議),"1、大學（含）以上，資訊工程、軟體工程或相關科系畢業（或具同等專業能力）
2、資訊專業技能：Java、Python、Oracle、HTML5/FLEX前端框架、Javascript等
3、具備資料庫操作能力（Oracle SQL/PostgreSQL等）
4、基本軟體工程概念（版本控制 Git、API 呼叫、除錯與測試），熟RESTful API標準尤佳。
5、良好問題解決能力與團隊合作精神，學習能力強，對程式開發及軟體工程具有熱情，願意嘗試新的技術及架構。
6、依個別資歷、工作表現、職務內容等，每季提供績效獎金。,未填寫,ASP.NET、C#、Java、PHP、Python、MS SQL、MySQL、Oracle、JavaScript、CSS
提升專業能力
提升專業能力,軟體程式設計、網路程式設計、資料庫程式設計、資料庫軟體應用","軟體工程師
、系統分析師
、Internet程式設計師",待遇面議,需出差，一年累積時間未定,台中市潭子區豐興路一段66、88號,"https://maps.google.com.tw/?q=%E4%BD%9B%E6%95%99%E6%85%88%E6%BF%9F%E9%86%AB%E7%99%82%E8%B2%A1%E5%9C%98%E6%B3%95%E4%BA%BA%E5%8F%B0%E4%B8%AD%E6%85%88%E6%BF%9F%E9%86%AB%E9%99%A2@24.1941709,120.7203818&z=17",佛教慈濟醫療財團法人台中慈濟醫院
https://www.104.com.tw/job/7r3hb?app_jobsource=m_time4jobs&jobsource=new_map,科技金融_軟體開發工程師(台中),"1. 規劃執行系統軟體架構及模組設計 
2. 依據設計規格書進行程式開發 
3. 依需求擬定單元測試個案、測試進度追蹤與問題管理 
4. 協助研發軟體新技術與新工具,1. 具備1年以上程式開發經驗
2. 具備Java,JavaScript, jQuery, Angular,Spring,SQL相關經驗
3. 具備微服務應用開發經驗、DevOps、曾參與敏捷專案CI/CD/CT建置尤佳
4. 具有獨立解決問題能力及團隊合作特質，善於溝通與表達,Linux、Java、Spring、MS SQL、MySQL、Oracle、JavaScript、VueJS、Angular
提升專業能力
提升專業能力,不拘","系統分析師
、軟體工程師
、Internet程式設計師",待遇面議,無需出差外派,台中市中區民族路50號,"https://maps.google.com.tw/?q=%E4%B8%AD%E5%9C%8B%E4%BF%A1%E8%A8%97%E5%95%86%E6%A5%AD%E9%8A%80%E8%A1%8C%E8%82%A1%E4%BB%BD%E6%9C%89%E9%99%90%E5%85%AC%E5%8F%B8@24.1383767,120.6812569&z=17",中國信託商業銀行股份有限公司
https://www.104.com.tw/job/8rcfk?app_jobsource=m_time4jobs&jobsource=new_map,【2026菁英實習專案】服務顧問師_需具程式基礎(台北/台中),"【 本實習專案限定在校學生身份，預計2026/06畢業者。】
※適用對象：全國大專院校研究所或大學應屆畢業生
※實習期間：預計2026/02/24(二)~2026/06/30(二)(請留意本實習工作需要至少每周4日以上，非僅寒暑假實習)
※此實習計畫接軌就業，經訓練且通過考核者，得留任為正式員工。
※實習地點：台北/台中

※工作內容：
1. 協助客戶ERP系統操作、流程應用及排除系統問題。
2. 協助個案程式開發、測試、更新等作業。
3. 協助系統程式版本更新。

實習期間獎助學金、保險、福利、時程資訊等其他詳情，
請參閱2026鼎新菁英實習專案網頁https://reurl.cc/A3r54e,不拘,不拘,不拘","軟體工程師
、資訊助理
、其他資訊專業人員","月薪29,500元取得專屬你的薪水報告",無需出差外派,新北市新店區中興路一段222號；或；台中市大里區中興路一段161號(大里軟體園區),"https://maps.google.com.tw/?q=%E9%BC%8E%E6%96%B0%E6%95%B8%E6%99%BA%E8%82%A1%E4%BB%BD%E6%9C%89%E9%99%90%E5%85%AC%E5%8F%B8@24.1046899,120.6812114&z=17",鼎新數智股份有限公司
https://www.104.com.tw/job/6ivgl?app_jobsource=m_time4jobs&jobsource=new_map,D4000 網站前端開發工程師/資深工程師【台中】,"電子商務平台前端程式開發。,不拘,AJAX、HTML、JavaScript、CSS
提升專業能力
提升專業能力,不拘","Internet程式設計師
、軟體工程師
、網頁設計師",待遇面議,無需出差外派,台中市北屯區文心路四段955號9樓,"https://maps.google.com.tw/?q=%E5%AF%8C%E9%82%A6%E5%AA%92%E9%AB%94%E7%A7%91%E6%8A%80%E8%82%A1%E4%BB%BD%E6%9C%89%E9%99%90%E5%85%AC%E5%8F%B8(%E5%AF%8C%E9%82%A6momo)@24.1711371,120.6953441&z=17",富邦媒體科技股份有限公司(富邦momo)
https://www.104.com.tw/job/8trxm?app_jobsource=m_time4jobs&jobsource=new_map,後端工程師,"│基本條件│
1.平台系統開發與維護
2.串接第三方服務
3.客製化平台系統開發
4.跨團隊合作，如協助產品、前端、設計、測試及維運團隊,不拘,PHP、MySQL、Github
提升專業能力
提升專業能力,不拘",後端工程師,"月薪50,000~100,000元",無需出差外派,台中市北區頂厝里崇德路一段631號7樓之2,"https://maps.google.com.tw/?q=%E5%AE%8F%E4%BD%B3%E5%AF%B6%E5%9C%8B%E9%9A%9B%E8%B3%87%E8%A8%8A%E6%9C%89%E9%99%90%E5%85%AC%E5%8F%B8@24.1674949,120.6848235&z=17",宏佳寶國際資訊有限公司
https://www.104.com.tw/job/8sxze?app_jobsource=m_time4jobs&jobsource=new_map,WMS系統開發專員【台中區】,"【工作摘要】
專責WMS專案系統程式設計與ERP系統串聯，主導專案規劃時程並完成工作。

【工作內容】
1.WMS程式開發及維護 (Visual Studio .NET , C#)
2.規劃並執行軟體設計分析與程式撰寫。
※連結MS SQL、藍芽設備列印
3.產品軟體測試、修改與維護。
擅長工具
C#、Visual Studio、Visual Studio .net、MS SQL

【注意事項】
面試當日需接受上機測試 ，無經驗者，請勿投遞履歷。,不拘,C#、Visual Studio、Visual Studio .net、MS SQL
提升專業能力
提升專業能力,軟體程式設計、結構化程式設計、模組化系統設計","系統工程師
、軟體工程師
、網路管理工程師",待遇面議,無需出差外派,台中市北區華信街8號1樓,"https://maps.google.com.tw/?q=IDEAHOUSE_%E5%90%88%E6%BE%A4%E4%BC%81%E6%A5%AD%E6%9C%89%E9%99%90%E5%85%AC%E5%8F%B8@24.1622666,120.6736303&z=17",IDEAHOUSE_合澤企業有限公司
https://www.104.com.tw/job/81iy0?app_jobsource=m_time4jobs&jobsource=new_map,資深前端工程師 Senior Frontend Engineer,"1.  1年以上前端開發的經歷
2. 與後端工程師協作(溝通串接 API)
3. 熟悉 HTML/CSS/JS  ES6+7
4. 技術研究、系統維護、效能優化 
5. Vue.js 框架開發經驗(Vue2、VueX、Vue Router)
6. 熟悉 Git 作版本控制
7. 與UI/UX、PM、後端工程師合作團隊溝通協作
8. 熟悉  iView UI，Element UI，Tailwind CSS,未填寫,HTML、JavaScript、CSS、VueJS
提升專業能力
提升專業能力,軟體程式設計","軟體工程師
、Internet程式設計師
、網頁設計師",待遇面議,無需出差外派,台中市北區忠明路424號8F之1,"https://maps.google.com.tw/?q=%E7%91%9E%E6%80%9D%E8%B3%87%E8%A8%8A%E8%82%A1%E4%BB%BD%E6%9C%89%E9%99%90%E5%85%AC%E5%8F%B8@24.1627113,120.669397&z=17",瑞思資訊股份有限公司
https://www.104.com.tw/job/8pwvo?app_jobsource=m_time4jobs&jobsource=new_map,SEO工程師(可獨立架站),"【工作內容】
1.負責公司網站的SEO策略規劃與執行
2.進行關鍵字研究、分析與有效部署
3.優化網站內部連結架構，提升使用者體驗
4.規劃與建置高品質外部連結，提升網站權威性
5.定期追蹤與分析SEO成效，提出改善方案
6.有獨自架站的能力

專業技能
具有實戰SEO經驗，曾成功將非品牌關鍵字優化至Google搜尋結果前2頁
熟練操作SEO分析工具，如Ahrefs、關鍵字規劃工具、SimilarWeb等

擁有邏輯思考能力，對於SEO趨勢與演算法變化具有高度關注，有電商或特定產業SEO優化經驗者





**遠端工作者，請勿投遞，謝謝**.,不拘,SEO、Google Analytics、Google Tag Manager、ChatGPT、Canva、Wordpress、HTML、Google Trend
提升專業能力
提升專業能力,演算法設計、內容行銷、網站流量成效追蹤、數位媒體行銷、網站企劃能力、行銷策略擬定、數據分析","全端工程師
、網頁設計師",待遇面議,無需出差外派,台中市北區,"https://maps.google.com.tw/?q=%E6%BB%BF%E5%85%86%E5%9C%8B%E9%9A%9B%E6%9C%89%E9%99%90%E5%85%AC%E5%8F%B8@24.1573171,120.6832556&z=17",滿兆國際有限公司
https://www.104.com.tw/job/8vlgr?app_jobsource=m_time4jobs&jobsource=new_map,H19-網管專員(台中會本部),"『請務必上本會官網-人才招募系統(http://hr.ccf.org.tw/ManbankClient)，查詢職缺訊息，並線上投遞履歷與報名表，謝謝您的合作！』

【網管專員工作內容】：
1.負責網路設備安裝、上架、設定與維護
2.機房環境維運管理，確保機房正常運作
3.負責本會相關伺服器建置與管理
 
 【應徵資格】 ： 
1. 國內外大學以上電腦、資訊等相關學系。
2. 具LAN/WAN規劃、管理及維護1年以上經驗。
3. 擅長溝通、規劃及執行能力佳者。
4. 工作主動積極，有良好的團隊合作精神。,不拘,LAN、WAN
提升專業能力
提升專業能力,系統架構規劃與維護、網路設備設定安裝、網路規劃管理、網路系統配置、規劃與管理防火牆、安裝與維護網路安全系統、伺服器網站管理維護、系統維護操作、資訊設備環境設定、資訊設備操作檢修、電腦設備裝配、資料備份與復原、作業系統基本操作",網路管理工程師,"月薪39,000~41,000元",無需出差外派,台中市西區民權路228號(會本部),"https://maps.google.com.tw/?q=%E5%AE%B6%E6%89%B6%E5%9F%BA%E9%87%91%E6%9C%83_%E8%B2%A1%E5%9C%98%E6%B3%95%E4%BA%BA%E5%8F%B0%E7%81%A3%E5%85%92%E7%AB%A5%E6%9A%A8%E5%AE%B6%E5%BA%AD%E6%89%B6%E5%8A%A9%E5%9F%BA%E9%87%91%E6%9C%83@24.1450063,120.6720831&z=17",家扶基金會_財團法人台灣兒童暨家庭扶助基金會
https://www.104.com.tw/job/7clwc?app_jobsource=m_time4jobs&jobsource=new_map,SAP軟體工程師,"1. MM或SD模組之系統需求分析、IMG配置、ABAP程式開發
2. 企業流程梳理與優化改善
3. 解決SAP使用者系統問題排除及教育訓練
4. 撰寫操作手冊、系統流程文件、更新系統配置文件、開發程式規格書
5. 專案執行，技術方案設計及系統測試
6. 相關應用系統日常運維及問題排除，如BI、OA等。,1.SAP系統MM或SD模組維運及專案實施經驗3年以上，具備技術方案設計、IMG配置及ABAP開發能力；   
2.較強的企業流程分析能力、邏輯判斷能力、跨部門協調溝通能力。,SAP、SAP HANA
提升專業能力
提升專業能力,不拘",軟體工程師,待遇面議,需出差，一年累積時間約一個月以下,台中市北屯區文心路四段696號18樓,"https://maps.google.com.tw/?q=%E9%9B%99%E9%A4%98%E5%AF%A6%E6%A5%AD%E8%82%A1%E4%BB%BD%E6%9C%89%E9%99%90%E5%85%AC%E5%8F%B8@24.171622,120.687356&z=17",雙餘實業股份有限公司
https://www.104.com.tw/job/8l1rz?app_jobsource=m_time4jobs&jobsource=new_map,Unity工程師,"【工作內容】
1.可獨立作業
2.使用Unity引擎，利用C#開發遊戲 
3.主要開發手機線上遊戲
4.對於開發遊戲有熱忱及自信
 
【必備技能 】
1.熟悉Unity / C#
2.對3D遊戲製程有經驗
3.後端API串接

【加分條件】
1.附相關作品參考者尤佳
2.數理邏輯組織能力強
3.參與過建築類，卡牌RPG類型手機遊戲開發
4.對台灣獨立遊戲有高度熱忱者尤佳
5.熟悉 Shader 編寫者。
6.photon fusion使用經驗
7.Animator設定經驗
8.UI/UX設計經驗


【獎金/禮品類】
1.年終獎金(保證最低年薪): 13個月
2.三節禮金
3.專案獎金

◆ 保險類
1.勞健保、勞退

◆ 請/休假制度
1.彈性上下班(上班時間9:00~10:00/下班時間18:00~19:00)
2.週休二日
3.特休/年假
4.生理假
5.陪產假

◆ 其他
1.下午茶、生日會、中秋烤肉、聖誕餐會、尾牙活動。
2.員工聚餐
3.旅遊獎勵
4.個人進修補助,不拘,Linux、Unity3D
提升專業能力
提升專業能力,系統架構規劃、軟體程式設計","軟體工程師
、遊戲工程師","月薪40,000~60,000元",無需出差外派,台中市北屯區松竹路一段935號,"https://maps.google.com.tw/?q=%E6%B2%83%E9%BE%8D%E8%B6%85%E9%81%8A%E8%82%A1%E4%BB%BD%E6%9C%89%E9%99%90%E5%85%AC%E5%8F%B8@24.1821603,120.7126798&z=17",沃龍超遊股份有限公司
https://www.104.com.tw/job/7ef84?app_jobsource=m_time4jobs&jobsource=new_map,【台中】Android軟體研發工程師,"你是否對於Android開發充滿激情？我們正在尋找一位優秀的Android研發工程師，加入我們充滿活力和創新的軟體平台團隊，一同打造AIOT技術與創新商業模式等領域的驚人成就。

作為一家領先的軟體平台公司，我們致力於開發創新且具有影響力的解決方案，並將其應用於AIOT和其他前沿領域。作為Android軟體研發工程師，你將成為我們實現這一目標的關鍵角色。

我們期待找到以下具備技能和特質的候選人：
1.Android開發專業知識：具備扎實的Android原生程式開發能力，熟悉Android SDK、Java/Kotlin、Flutter、Cordova等相關技術。同時具備混合開發技術經驗進行跨平台開發。
2.創新思維和解決問題的能力：具有創新思維，能夠提出獨特的解決方案，推動項目的創新和突破。善於分析問題，能夠迅速定位並解決開發中的挑戰。
3.團隊合作和溝通能力：能夠與團隊成員緊密合作，共同推進項目進展。具有良好的溝通和協調能力，能夠有效地與其他團隊成員和利益相關者溝通合作。
4.熱愛學習和追求卓越：對於技術的學習和追求有持續的熱情。保持對最新Android開發趨勢和技術的敏銳感知，並能夠將其應用於項目中，不斷提升自身的技能和專業水準。
5.加入我們的團隊，你將有機會參與開發創新商業模式和AIOT領域的頂尖產品，並將其推向市場。我們提供優越的工作環境和良好的成長機會，讓你的才華得以充分展現和發展。

如果你渴望成為Android軟體研發領域的佼佼者，我們誠摯地邀請你加入我們的團隊。我們期待與您會面，一同創造觸手可及的美好生活！



1.熟 Java / Kotlin 語言開發
2.熟Android Architecture Components
3.熟Android SDK，各種元件的生命週期
4.有third party SDK、RESTful API串接經驗
5.有hybird APP plugin 開發經驗尤佳
6.熟Git版本控制
7.具備 OOP / Design Pattern 概念尤佳
8.團隊採scrum開發模式，有DDD領域驅動開發模式 經驗尤佳
9.團隊採用自動化持續交付或持續部署(CI/CD)

團隊訓練
1.定期舉辦內部/外部技術研討與訓練
2.定期內部/外部教育訓練
3.享有豐富線上教育系統資源(skill/flow),不拘,Android、Java、Kotlin
提升專業能力
提升專業能力,不拘",軟體工程師,待遇面議,無需出差外派,台中市北區太原北路130號11樓,"https://maps.google.com.tw/?q=%E6%99%BA%E7%94%9F%E6%B4%BB%E7%A7%91%E6%8A%80%E8%82%A1%E4%BB%BD%E6%9C%89%E9%99%90%E5%85%AC%E5%8F%B8@24.1653425,120.6701508&z=17",智生活科技股份有限公司
https://www.104.com.tw/job/7onox?app_jobsource=m_time4jobs&jobsource=new_map,網路/電腦/監控-建置工程師 (需有網路經驗.薪35k-45k),"1.電腦及網路管理維護。
2.網路攝影機管理維護。
3.中央監控系統網路管理維護。
4.雲端管理維護。
5.略懂AUTOCAD尤佳。,有電腦.網路管理相關經驗者佳

工作技能：
1.網路設備管理的能力
2.網路管理及維護的能力
3.電腦硬體維護能力
4.網站資料的備份與環原能立
5.網路設備記錄的分析能力,不拘,不拘","網路管理工程師
、資訊設備管制人員
、系統工程師","月薪38,000~45,000元",無需出差外派,台中市北屯區豐樂五街9號1樓,"https://maps.google.com.tw/?q=%E8%99%B9%E5%98%89%E7%A7%91%E6%8A%80%E8%82%A1%E4%BB%BD%E6%9C%89%E9%99%90%E5%85%AC%E5%8F%B8@24.1955738,120.6767642&z=17",虹嘉科技股份有限公司
https://www.104.com.tw/job/75fy2?app_jobsource=m_time4jobs&jobsource=new_map,資訊安全人員,"(一)資訊安全技術人員工作內容如下所列：
     1.資安事件監控、分析及處理
     2.資安設備日常維運、監控調教
     3.網路資安設備日誌管理
     4.網路/系統/程式弱點掃描
     5.網路/系統/程式弱點分析及改善建議 
     6.資訊系統安控強化建議、資安情資蒐集與安全事件之應變與處理
 (二)具有系統管理經驗任一，如: AD、VM、Linux、Windows、AS400、AIX、MS SQL、Oracle等系統管理經驗。
 (三)具備基礎網路系統知識
 (四)具有資安證照(如CISSP、CISM、CISA、ECIH、CHFI等)尤佳。
 (五)整合溝通協調能力佳、高抗壓性、自我學習能力、獨立工作能力和團隊合作精神。



致 求職者：
　銀行業對IT的投入相當高，國內大型銀行一年10億元之IT預算也很常見。

　進入社會工作，除了領薪水，日後也會接觸資金管理、投資理財、行動及各項支付、辦理購屋或消費貸款、信用卡... 而與銀行往來。銀行與我們的生活密切相關，資訊人員到銀行工作，可以有更多機會接觸及學得金融、法律及理財知識，幫助你規劃人生。

　富經驗佳；剛從學校出來，經驗稍缺、資質良好的朋友，我們樂意提供養成教育，可以在這裡獲得學習、成長的機會！
　我們提供良好的待遇，公司信譽卓著，穩健可以長久的工作，歡迎優秀朋友加入。

　本行為少數總行位於中部之銀行，資本額逾90億元、員工逾1,100人。
各項業務電腦系統--包括櫃台後台系統、核心交易及帳務系統、電子商務、各項自動化應用 (手機 app、官網、個人及行動網銀、企業網銀、金融卡及ATM、信用卡、電話語音 ...)、電子印鑑系統、業務支援系統、電子公文、OA ...等，均為自行開發，研發能力良好。

IBM Unix、Linux、Windows server、VM、Android、iOS、Raspberry Pi、Android box ... 等之系統均有運用，並建置有異地備援中心。

我們的作息正常，辦公室氣氛良好，應屆畢業(退伍)同樣歡迎。
　
歡迎對銀行資訊工作有興趣、希望於中部定居及工作的朋友加入！,不拘,不拘,不拘","網路安全分析師
、軟體工程師
、網路管理工程師",待遇面議,無需出差外派,台中市北區,"https://maps.google.com.tw/?q=%E4%B8%89%E4%BF%A1%E5%95%86%E6%A5%AD%E9%8A%80%E8%A1%8C%E8%82%A1%E4%BB%BD%E6%9C%89%E9%99%90%E5%85%AC%E5%8F%B8@24.1573171,120.6832556&z=17",三信商業銀行股份有限公司
https://www.104.com.tw/job/8tul2?app_jobsource=m_time4jobs&jobsource=new_map,資訊管理部 (助理)工程師,"1.各核心或GMP應用系統之使用者帳號與權限管理。
2.使用者端電腦應用軟體及周邊設備設定與維護。
3.確保系統維運之持續性、安全性與可回復性。
4.落實執行資訊及資安管理的各項規定。
5.資訊專案之相關評估、建置與執行監控。
6.電腦審計、GMP法規相關資訊電腦確效與稽核、政策性文件管理。
7.公司行政支援系統管理(ERP、BPM、DB資料庫.....)。
8.其他主管交辦事項
（部分時間需出差至南投中興新村辦公室，公司有提供交通車）,具相關資訊或行政工作1年以上經驗尤佳,不拘,不拘","網路管理工程師
、系統工程師
、資安工程師","月薪31,000~35,000元",需出差，一年累積時間未定,台中市潭子區潭興路一段3號/南投縣南投市虎山路3號,"https://maps.google.com.tw/?q=%E5%9C%8B%E5%85%89%E7%94%9F%E7%89%A9%E7%A7%91%E6%8A%80%E8%82%A1%E4%BB%BD%E6%9C%89%E9%99%90%E5%85%AC%E5%8F%B8@24.2033558,120.7285905&z=17",國光生物科技股份有限公司
https://www.104.com.tw/job/8ou2t?app_jobsource=m_time4jobs&jobsource=new_map,學習型 資料科學/資料分析/數據分析 實習生,"★非在學學生請勿投遞，此實習機會僅提供實習時數。

★可配合學校實習生計畫，請說明實習時數及期程。 

【實習內容】：
★藉由參與實務工作，學習相關產業領域專業技能，未來就業可順利接軌，充實就業即戰力。
★在職期間將規劃各類專業課程，同步提升職場軟實力。 

- 使用資料科學技術剖析數據，協助產品成效優化及發展方向
- 負責資料收集、資料清理、模型建置等學習工作事項
- 數據視覺化報表產出

資料科學在現今數據爆炸的時代是非常重要的，因為他們可以透過數據分析提供各種決策支援，協助公司提高效率、創造商機，同時也能發揮專業技能，推動自身發展。

如果您具備以上技能及資格，歡迎您加入我們的實習團隊，一起學習發揮專業技能。,不拘,不拘,不拘","資料科學家
、資料工程師
、數據分析師／資料分析師",部分工時(月薪)0元,無需出差外派,台中市東區六順路109號,"https://maps.google.com.tw/?q=%E9%82%91%E6%96%B9%E9%86%AB%E7%99%82%E5%99%A8%E6%9D%90%E4%BC%81%E6%A5%AD%E7%A4%BE@24.1254268,120.700062&z=17",邑方醫療器材企業社
https://www.104.com.tw/job/7yz3j?app_jobsource=m_time4jobs&jobsource=new_map,全端工程師,"1. 使用 Vue / React 維護網管程式與優化功能，進行簡易障礙排除或通報相關單位。
2. 操作 MySQL/ MSSQL/ NoSQL 撈取網管監控數據，進行後續分析與規劃。
3. 專案計畫執行及主管交辦事項。,1. 具Vue / React 任一前端開發經驗尤佳。
2. 具MySQL、MSSQL、NOSQL 經驗尤佳。,不拘,不拘","網路管理工程師
、系統工程師
、資料庫管理人員","月薪32,000~50,000元",無需出差外派,台中市北屯區文心路四段934號12樓,"https://maps.google.com.tw/?q=%E7%BE%A4%E5%81%A5%E6%9C%89%E7%B7%9A%E9%9B%BB%E8%A6%96%E8%82%A1%E4%BB%BD%E6%9C%89%E9%99%90%E5%85%AC%E5%8F%B8@24.1708625,120.6943977&z=17",群健有線電視股份有限公司
https://www.104.com.tw/job/7us9a?app_jobsource=m_time4jobs&jobsource=new_map,前端工程師,"1. 負責專案的前端修改和開發工作
2. 與視覺設計師、後端工程師協作，開發網頁前端互動
3. 網頁切版製作，承接Figma UI設計規範轉檔製作
4. 前端效能優化,不拘,Git、HTML、JavaScript、jQuery、CSS、Sass、Node.js、ReactJS
提升專業能力
提升專業能力,系統整合分析、軟體工程系統開發、軟體程式設計、網路程式設計",軟體工程師,"月薪36,000元以上",無需出差外派,台中市北屯區僑孝街67號4樓,"https://maps.google.com.tw/?q=%E7%8E%8B%E9%81%93%E6%A9%9F%E5%99%A8%E4%BA%BA%E8%82%A1%E4%BB%BD%E6%9C%89%E9%99%90%E5%85%AC%E5%8F%B8@24.178749,120.6985749&z=17",王道機器人股份有限公司
https://www.104.com.tw/job/8izow?app_jobsource=m_time4jobs&jobsource=new_map,PHP後端開發工程師(PHP Backend Developer),"1. 負責公司APP和遊戲的日常維護及開發，構建並完善後端系統、介面和活動等功能，按時完成項目版本反覆運算按時完成既定需求。
2. 根據業務需求，開發高效、穩定的後台系統，並確保系統性能和安全性。,不拘,Linux、Shell、Git、PHP、MySQL、TCP/IP、VueJS、HTML、CSS
提升專業能力
提升專業能力,遊戲開發、系統架構規劃、軟體工程系統開發、軟體程式設計","軟體工程師
、後端工程師
、全端工程師","月薪50,000~85,000元",無需出差外派,台中市北區民權路559號10樓之3 (鴻運金企業大樓),"https://maps.google.com.tw/?q=%E6%84%9B%E5%8B%9D%E7%A7%91%E6%8A%80%E6%9C%89%E9%99%90%E5%85%AC%E5%8F%B8@24.1618387,120.6702905&z=17",愛勝科技有限公司
https://www.104.com.tw/job/8e9ce?app_jobsource=m_time4jobs&jobsource=new_map,資訊維運工程師/台中(技能培訓、需自備機車),"仁大資訊為一專業的系統整合維運公司，提供客戶端全方位的軟硬體系統
整合、維運、開發等服務。歡迎對IT產業具熱忱的夥伴加入仁大的團隊!

◆ 你將在團隊參與 ◆
1. 客戶端日常維運。
2. 伺服器、網路設備、PC、NB交機及維護。
3. 需進出無塵室。
4. 其他主管交辦事項。

◆ 我們期待優秀的〝資訊維運工程師〞具備這樣的能力 ◆
1. 具備資訊周邊、PC維修經驗者佳。 
2. 積極熱情、喜與客戶互動，提供良好的客戶服務與協助~,不拘,作業系統基本操作、資料備份與復原、電腦設備裝配、資訊設備操作檢修、資訊設備環境設定","系統工程師
、其他資訊專業人員
、電腦組裝／測試","月薪30,000~40,000元",需出差，一年累積時間未定,台中市北區中清路一段,"https://maps.google.com.tw/?q=%E4%BB%81%E5%A4%A7%E8%B3%87%E8%A8%8A%E8%82%A1%E4%BB%BD%E6%9C%89%E9%99%90%E5%85%AC%E5%8F%B8@24.1625337,120.6746161&z=17",仁大資訊股份有限公司
https://www.104.com.tw/job/8o7m4?app_jobsource=m_time4jobs&jobsource=new_map,AI系統人員,"工作待遇/面議

「你，還記得當初踏入遊戲世界的那份熱血嗎？」

午夜時分，隊友們在副本裡奮戰，你操控角色精準走位，預測 Boss 技能，一場完美的配合讓你們順利通關。但如果你覺得 玩遊戲只是娛樂，那你肯定還沒解鎖真正的玩法！

或者，你不只是個玩家，你是個戰略家，是個數據分析師，是個創造內容的高手。

但如果，這份熱血、智慧與成就感，不只存在於遊戲，還能轉換成你的工作模式？
未來即將進入 AI  的無限戰場，你準備好了嗎？

現在，AI 正改變世界，而你，將是這場變革的核心！
我們正在尋找擁有 技術熱忱 + 遊戲思維 的夥伴，一起開發 AI 應用、遊戲系統整合、美工創作、社群運營，讓 AI 不只是工具，而是玩家體驗的終極強化裝備！

這不只是工具，而是 將 AI 變成你的最佳戰友，佈局遊戲市場、優化交易策略、打造沉浸式玩家體驗！

如果你是個熱愛遊戲、喜歡鑽研 AI、對系統整合與美工創作有興趣的高手，
這裡就是你的戰場！ 你一定知道只有魔法才能打敗魔法！


★我們希望找到應用開發 + AI 系統整合 + 美工 + 社群運營★
既是技術工程師，又是遊戲愛好者，更是能讓 AI「變聰明」的開發者的
這並不是普通的工程師職缺，而是一場 AI + 遊戲 +系統整合+影像技術 的大冒險！

你的武器？OpenAI、Notion、Python算法、影像處理、美工創意、社群影響力。
你的戰場？遊戲經濟、市場套利、風控監測、AI 遊戲內容創作！
你的敵人？低效率、數據盲點、人類操作的極限！
你的盟友？AI、機器學習、數據科學，以及一群對遊戲與 AI 充滿熱情的戰友！


▼你的使命（工作內容）▼
打造設計 AI系統整合Excel VBA Notion ChatGPT API串連與AI客服的運用

➤AI 影像 & 遊戲美術應用：
　利用 Stable Diffusion、Midjourney，製作遊戲主題的 GIF、短影片、社群視覺內容。
　設計 AI 生成的虛擬角色、場景、武器，甚至建立 AI 創意素材庫！

➤遊戲社群運營 & AI 行銷：
　建立 AI + 遊戲活動 + 建立社群生態圈，創造遊戲玩家的聚集地。
　製作遊戲短影片、直播，讓 AI 幫你製作最吸引玩家的內容！
　數據化社群增長，用 AI 優化行銷策略、廣告轉換率！


▼你的技能點（我們要找的人）▼
✓「你真的會玩遊戲！」
　一款遊戲有深入研究，知道 遊戲市場機制、道具交易、遊戲規則。
　懂市場動態，可以用 AI來輔助。
　對「遊戲」有概念，知道哪些地方可以套利，哪些地方會被封號！

✓「你的 AI 技術是你的戰術！」
　你懂 Excel、Python、Notion OpenAI / API，可以設計 AI 運行策略。
　你會 API 開發（Flask / FastAPI / Docker），能夠部署 AI 應用。
　你擅長 數據分析（SQL / NoSQL / Pandas），可以讀懂市場趨勢。
　你知道 OCR / 自動化技術，能讓 AI 幫助玩家！

✓「你的美工技能是你的武器！」
　你會使用 Stable Diffusion、Midjourney、Sora、KLINE 創造 AI 視覺內容！
　你可以讓 AI 自動生成遊戲風格的海報、角色設計、宣傳短影片！
　你不只是「做圖」，而是能用 AI 生產影音遊戲素材！

✓「你的社群影響力，是你的最終大招！」
　你了解 AI社群運營（FB / IG / YouTube / Line / Telegram），能吸引遊戲玩家。
　不只是發文，可以用 AI 提升行銷轉換率，甚至打造 AI 玩家社群！

快來加入我們的行列，一起征服 AI 的無限戰場！,不拘,VBA、Python、Windows 10
提升專業能力
提升專業能力,AI、軟體程式設計、系統架構規劃、資料庫軟體應用、模組化系統設計、系統整合分析","AI工程師
、全端工程師
、其他資訊專業人員",待遇面議,無需出差外派,台中市西區民族路279號4樓,"https://maps.google.com.tw/?q=%E6%A9%99%E4%BF%A1%E8%88%88%E6%A5%AD%E6%9C%89%E9%99%90%E5%85%AC%E5%8F%B8@24.1457224,120.6724428&z=17",橙信興業有限公司
https://www.104.com.tw/job/8uhiv?app_jobsource=m_time4jobs&jobsource=new_map,嵌入式低階軟體工程師( C / C++ ),"1,硬體啟動與驅動程式開發:設定 Bootloader 並初始化主要元件（記憶體、通訊匯流排、感測器）,開發與維護低階驅動程式.
2,除錯與驗證:與電子工程團隊密切合作,確保穩定整合,使用示波器、邏輯分析儀進行嵌入式軟體測試與除錯.
3,協作與支援:撰寫BSP（Board Support Package）、驅動程式與相關維護文件,支援其他技術團隊於原型設計、驗證與量產階段.
4,平台演進:協助系統轉型至嵌入式 Linux 架構.,技術能力：
熟悉 C/C++ 嵌入式程式設計與除錯技巧
具備硬體與軟體整合的紮實理解力
熟悉 RISC-V 微控制器（如 WCH CH32V 系列或 Espressif SoC）
有 RTOS（如 FreeRTOS）與嵌入式 Linux 開發經驗
熟悉通訊協定（Ethernet/IP、Modbus、CAN、SPI、I2C、UART）
能操作除錯工具（示波器、邏輯分析儀）

其他相關能力：
具備獨立解決問題的能力與主動性
能適應技術導向、多專案並行的工作環境
能以英文與多元文化團隊合作溝通,MCU、C、C++、Python
提升專業能力
提升專業能力,軟體工程系統開發、軟體程式設計","韌體工程師
、軟體工程師",待遇面議,無需出差外派,台中市北屯區三甲東街221號,"https://maps.google.com.tw/?q=%E6%96%B0%E5%8A%A0%E5%9D%A1%E5%95%86%E9%9B%85%E8%BF%AA%E5%85%8B%E8%82%A1%E4%BB%BD%E6%9C%89%E9%99%90%E5%85%AC%E5%8F%B8%E5%8F%B0%E7%81%A3%E5%88%86%E5%85%AC%E5%8F%B8@24.172133,120.7178734&z=17",新加坡商雅迪克股份有限公司台灣分公司
https://www.104.com.tw/job/8b8bg?app_jobsource=m_time4jobs&jobsource=new_map,【管理部】Ragic系統建構維護IT專員,"【系統維護專員】
虹光國際有限公司，創立於2000年。從執行長以B2C白手起家，路邊攤到成立零售門市，再進軍B2B市場設立工廠、做批發，一路到ODM&OEM創立團隊，也因虹光擁有從零售端到批發/接單生產的經驗，這讓團隊內部擁有珠寶專業能量，甚至能給予客戶更加實際、到位的一條龍服務，使虹光在產業上擁有一席之地。

虹光致力於貴金屬／銀飾開發、設計與生產，為了解決客戶銷售痛點，開發市場差異化之商品，無論高級珠寶與流行飾品虹光皆能協助客戶品牌開發完成，並同時擁有自家開發設計商品，供應客戶批發。我們在國內市場擁有70%的市占率，從經銷商到連鎖品牌都是我們服務的範疇。

虹光於2020年開始開通外銷市場。雖然外銷版圖僅短短2年半，但當時的我們從阿里巴巴國際站開始，並在短短9個月內開始獲利，甚至一年內達到3星商家。更在2022年榮獲台灣十大網商，並登上今周刊雜誌。

在未來的三年裡，我們將加以佈局創造更多渠道機會，並同時加以努力讓客戶因為虹光的存在而使品牌開發＆交易更加輕鬆、更有價值，快速擴張B2B市場營收與供應能力。階段目標達成後，將佈局更多渠道甚至角逐B2C市場，擴建電商團隊，成為南台灣第一家百人全球電商企業團隊，幫助團隊夥伴圓夢。

我們擁有思維年輕新穎的老闆、有夢想具使命感的主管
歡迎有夢想且熱情的你，一起加入我們共創未來、共創團隊！

【崗位職責】
1、內部系統維運事項，Regic系統建構維護。
2、系統廠商管理事項
3、資訊維運事項
4、內部系統相關設定
5、專案管理相關事項
7、公司系統軟體作業
8、資料庫的管理及維護
9、文件與報表彙整與分析
10、部門專案需求溝通

【我們要找的你】
1、無經驗可，但！你必須：有夢想、樂於挑戰，有上進心、耐心，善於學習，自我要求高; 積極、樂觀、自律、抗壓能力強
2、有系統建立、維護經歷者為優先


【我們能給你】
→保障月薪 $27,470元以上＋業務分紅獎金＆年終保障（視績效表現）


【企業未來高發展性】
→虹光已應映產業與社會變遷未來趨勢，擬定企業未來短、中、長期目標，高層目標共識明確並正落實朝目標前進中。
→企業主思維開放、跳耀式前衛的思維 與 清晰的目標，擁有集團組織與人才培育計劃。
→企業組織扁平化、職位層級清晰透明、條件內容明確，經考核並符合資格，經過面試培訓晉升主管，成就豐富多元的職涯發展。,未填寫,SAP、Google Trend、Google Analytics、Word、PowerPoint、Excel、iOS
提升專業能力
提升專業能力,軟硬體設備預算與採買規劃、網路設備設定安裝、網路系統危機管理、網路安全架構分析與設計、規劃與管理網路入侵檢測系統（NIDS）、規劃與管理入侵防護系統（IPS）、安裝與維護網路安全系統、伺服器網站管理維護、系統架構規劃與維護、企業資源規劃管理(ERP)、資料庫軟體應用、資料庫程式設計、資料庫系統管理維護、軟硬體設備成本控制、系統維護操作、資訊設備環境設定、資訊設備操作檢修、電腦設備裝配、資料備份與復原、作業系統基本操作","其他資訊專業人員
、資料庫管理人員
、系統工程師","月薪28,590~45,000元",無需出差外派,台中市中區,"https://maps.google.com.tw/?q=%E8%99%B9%E5%85%89%E5%9C%8B%E9%9A%9B%E6%9C%89%E9%99%90%E5%85%AC%E5%8F%B8@24.1402601,120.6818181&z=17",虹光國際有限公司
https://www.104.com.tw/job/8ch5x?app_jobsource=m_time4jobs&jobsource=new_map,wordpress 網站工程師-台中,"1. WordPress網頁建置、日常維運與不定期改版。
2. 配合企劃、視覺設計師完善更新公司網頁內容,操作及Divi、Elementor、Block Editor頁面編輯器等工具。
3. 化Wordpress前台 HTML CSS Javascript
4. 對網站流量進行數據監控和數據統計，跟踪及分析頁面流量轉化數據和用戶行為提出改善建議。
5.負責制定公司SEO優化方案，包含：關鍵字部署、內部連結調整、頁面結構、外鏈建設等等。
6.公司內部網路環境架構、設定、維運，對故障進行分析、判定與排除異常。
7. 以php、MySQL開發客製化修改及外掛程式
8.靈活運用及優化 WordPress  版型及外掛，對前端優化具有一定熟悉度
9. WordPress網站性能優化,不拘,HTML、JavaScript、CSS、Wordpress、SEO
提升專業能力
提升專業能力,網路活動規劃與執行、網頁語法撰寫","網頁設計師
、前端工程師
、網站企劃",待遇面議,無需出差外派,台中市大里區環中東路六段200號,"https://maps.google.com.tw/?q=%E7%93%A6%E5%90%89%E7%A7%91%E6%8A%80%E8%82%A1%E4%BB%BD%E6%9C%89%E9%99%90%E5%85%AC%E5%8F%B8@24.10725,120.6941551&z=17",瓦吉科技股份有限公司
https://www.104.com.tw/job/8omjm?app_jobsource=m_time4jobs&jobsource=new_map,【台中】RAG 系統架構與資料治理工程師（Senior RAG System & Data Governance Engineer）,"我們正在尋找一同打造公司完整的 Retrieval-Augmented Generation（RAG）架構的夥伴。這不只是技術實作，更是一段深入探索 AI 能力、資料風險治理與應用整合的旅程，歡迎對這些議題有熱情、有想法的你加入我們。

系統建置與維運
●設計並建置基於 GCP 與 PostgreSQL 的 RAG 系統架構。
●整合大語言模型（LLMs）與嵌入式向量資料庫，優化檢索與生成邏輯。
●與內部應用開發團隊合作，導入 Chatbot 應用（如 LINE、Google Chat）。

系統優化與微調
●持續監控與優化 RAG 架構效能（Retrieval 精準度、Latency、Token 成本等）。
●設計並執行 prompt engineering、模型 fine-tuning 與 RAG pipeline 的微調流程。

資料結構與風險治理
●建立與維護資料結構與標準化規範。
●對資料進行風險檢核，包括：
  ○不正確或不一致的資料
  ○含機敏或敏感內容的資料
  ○具倫理或法律風險的資料
●建立自動化工具與 AI 模型協助檢核（可用自訓模型、規則式處理、第三方 API 等）

團隊整合與跨部門協作
●協助規劃與執行資料處理流程，與數據團隊、應用開發團隊密切合作。
●提供架構技術支援與最佳實踐建議。

 必備條件：
●熟悉 LLM、RAG 架構與向量資料庫（如 PGVector）。
●有使用 GCP 平台（Vertex AI、BigQuery、Cloud Run 等）經驗。
●熟悉 PostgreSQL 資料庫與資料結構設計。
●熟悉 Python、LLM SDK（如 LangChain、LLamaIndex 等）開發經驗。
●有敏感資料處理、資料分類與治理經驗佳。

加分項目：
●有資料風險治理、合規性、倫理判斷經驗（如個資辨識、黑名單過濾）。
●熟悉 OpenAI API、Claude、Gemini 等 LLM 產品操作與調校。
●有資料分析、AI 應用產品導入經驗。
●熟悉 GitOps、CI/CD、自動化測試等流程。,不拘,Linux
提升專業能力
提升專業能力,不拘",軟體工程師,"月薪60,000~100,000元",無需出差外派,台中市北區太原北路130號11樓,"https://maps.google.com.tw/?q=%E6%99%BA%E7%94%9F%E6%B4%BB%E7%A7%91%E6%8A%80%E8%82%A1%E4%BB%BD%E6%9C%89%E9%99%90%E5%85%AC%E5%8F%B8@24.1653425,120.6701508&z=17",智生活科技股份有限公司
https://www.104.com.tw/job/8v5vz?app_jobsource=m_time4jobs&jobsource=new_map,10R0-大數據中心 健康台灣深耕計畫_研發工程師,"協助健康台灣深耕計畫,未填寫,不拘,文書處理軟體操作","其他資訊專業人員
、演算法工程師
、軟體工程師","月薪57,000元以上",無需出差外派,台中市北區育德路2號,"https://maps.google.com.tw/?q=%E4%B8%AD%E5%9C%8B%E9%86%AB%E8%97%A5%E5%A4%A7%E5%AD%B8%E9%99%84%E8%A8%AD%E9%86%AB%E9%99%A2@24.1568721,120.6807399&z=17",中國醫藥大學附設醫院
https://www.104.com.tw/job/76y6b?app_jobsource=m_time4jobs&jobsource=new_map,ASP.NET程式設計師【享有留任獎金】,"1. 與團隊一同進行客戶專案系統開發及維護。
2. ASP.NET  WebForm（C#、VB.NET）網站開發及維運。
3. 熟悉MS SQL資料庫應用開發。
4. 具備一定程度之T-SQL基礎。

※任職滿3個月及6個月皆享有留任獎金。,不拘,ASP.NET、C#、MS SQL
提升專業能力
提升專業能力,網路程式設計","Internet程式設計師
、軟體工程師",待遇面議,無需出差外派,台中市北區,"https://maps.google.com.tw/?q=%E4%BA%9E%E8%8F%B2%E5%BE%97%E8%82%A1%E4%BB%BD%E6%9C%89%E9%99%90%E5%85%AC%E5%8F%B8@24.1573171,120.6832556&z=17",亞菲得股份有限公司
https://www.104.com.tw/job/8l4yw?app_jobsource=m_time4jobs&jobsource=new_map,資訊安全人員,"1.資安系統監控、資安設備之維護與管理(如FW、IPS、WAF)
2.資安政策推動與改善，協助建置網路安全及落實資訊安全機制（如：ISO 27001:2022）
3.異常資安事件排除及事件分析。 
4.監控、分析、防禦外部攻擊威脅與風險。
5.負責資訊單位內控自評的規劃、執行與改善。
6.協助內/外部資訊安全查核及追蹤矯正改善情形，確保符合相關標準和法規。
7.資安防護觀念宣導、教育訓練及演練。
8.執行日常維運/檢測作業(如：風險辨識、弱點掃描、滲透測試、源碼檢測、網路威脅情資分析等)。
9.其它主管交辧事宜。

作為網路安全分析師，您將扮演重要角色，負責維護公司網路安全，保護客戶和公司資料不受駭客攻擊和惡意軟體影響。隨著網路科技的發展，網路安全問題越來越突出，因此，這個職位在未來的發展前景非常廣闊。
如果您符合以上要求並對此職位感興趣，歡迎申請。我們期待您的加入!,不拘,DNS、VPN、VLAN、TCP/IP、Routers、PPPoE、LDAP、LAN、IIS、HTTP、FTP、Firewall、Ethernet、DHCP、Cisco、Vmware、UNIX、Shell、Linux
提升專業能力
提升專業能力,網路安全架構分析與設計、規劃與管理防火牆、規劃與管理入侵防護系統（IPS）、安裝與維護網路安全系統、資料備份與復原","資安工程師
、網路安全分析師","月薪38,000~55,000元",無需出差外派,台中市北屯區進化北路80-4號,"https://maps.google.com.tw/?q=%E5%8F%B0%E4%B8%AD%E9%8A%80%E4%BF%9D%E9%9A%AA%E7%B6%93%E7%B4%80%E4%BA%BA%E8%82%A1%E4%BB%BD%E6%9C%89%E9%99%90%E5%85%AC%E5%8F%B8@24.1633221,120.6887428&z=17",台中銀保險經紀人股份有限公司
https://www.104.com.tw/job/77f00?app_jobsource=m_time4jobs&jobsource=new_map,軟體工程師(金控軟體-台中),"證券/期貨交易系統程式研發

※薪資依學經歷敘薪※,1. 熟悉 C/ C++,C、C++
提升專業能力
提升專業能力,不拘","軟體工程師
、韌體工程師","月薪31,000元以上",需出差，一年累積時間未定,台中市北區中清路一段370號12樓,"https://maps.google.com.tw/?q=%E5%87%8C%E7%BE%A4%E9%9B%BB%E8%85%A6%E8%82%A1%E4%BB%BD%E6%9C%89%E9%99%90%E5%85%AC%E5%8F%B8@24.1614658,120.6752748&z=17",凌群電腦股份有限公司
https://www.104.com.tw/job/7qrux?app_jobsource=m_time4jobs&jobsource=new_map,前端工程師-台中 (J1/J2),"【職務說明】
1. 進行軟體程式設計與維護。
2. 進行軟體測試與修改。
3. 在時間內完成給予的單子-把需求拆成可以執行的大小並且完成開發。
4. 執行主管交辦事項。

【技能要求】
1. 熟悉前端開發：Angular/JS、HTML、CSS
2. 對於三層式架構有一定的概念

【具備能力】
1. 良好的溝通能力：能夠和非工程師溝通，並且能夠說明一些技術上遇到的問題並試著提出解決方案。
2.喜歡團隊合作、富有熱情。
3. 特質：能夠透過溝通找出問題的解決方案、自主解決問題、喜歡協助他人以及樂於學習

【加分條件】
1. 了解 Azure DevOps
2. 了解 Scrum，有做過 PO 或者 Scrum master 的角色
3. 了解 Microsoft Azure
4. 了解 TDD/BDD 開發
5. 具有開發「好」系統的概念：
物件導向概念、測試概念、SOLID 等讓開發品質更好的概念
6. 對於軟體架構有一定的概念：
三層式架構、DDD（Clean Architecture）
7. 了解資料庫：以 MSSQL 為主，了解規劃 Table Schema，能夠進行效能調校
8. 了解 .NET 開發的生態圈：像是 C#、 ASP .NET MVC、 ASP .NET Core、Web API、Nuget 套件開發等等,不拘,HTML、JavaScript、CSS、Angular
提升專業能力
提升專業能力,軟體工程系統開發、軟體程式設計","助理工程師
、軟體工程師","月薪50,000元以上",無需出差外派,台中市西區台灣大道二段2號10樓之7,"https://maps.google.com.tw/?q=%E5%A8%81%E7%85%A6%E8%BB%9F%E9%AB%94%E9%96%8B%E7%99%BC%E6%9C%89%E9%99%90%E5%85%AC%E5%8F%B8@24.1481853,120.6735865&z=17",威煦軟體開發有限公司
https://www.104.com.tw/job/7qd61?app_jobsource=m_time4jobs&jobsource=new_map,D4000 電商營運系統JAVA開發工程師【台中】,"1.主要開發與維護廠商系統平台/商品平台/內部營運平台
2.負責前後端系統開發，後端使用Spring Boot/Spring MVC等Spring框架，前端使用React.js /JSP
3.高流量、高併發的模組功能開發
4.前後端Web/API功能串接開發
5.日常系統維運作業

**資深者可再另議薪資**,不拘,Java、Spring、Oracle、HTML、JavaScript
提升專業能力
提升專業能力,不拘","Internet程式設計師
、軟體工程師
、其他資訊專業人員","月薪35,000元以上",無需出差外派,台中市北屯區文心路四段955號9樓,"https://maps.google.com.tw/?q=%E5%AF%8C%E9%82%A6%E5%AA%92%E9%AB%94%E7%A7%91%E6%8A%80%E8%82%A1%E4%BB%BD%E6%9C%89%E9%99%90%E5%85%AC%E5%8F%B8(%E5%AF%8C%E9%82%A6momo)@24.1711371,120.6953441&z=17",富邦媒體科技股份有限公司(富邦momo)
https://www.104.com.tw/job/8so1a?app_jobsource=m_time4jobs&jobsource=new_map,多那之台中央廠-資訊專員,"工作內容：

1.電腦及週邊設備維修
2.相關軟、硬體設備維護管理
3.使用者問題排除
4.網路設備維護管理
5.門市設備故障排除或報修(電腦、印表機、POS機、出單機、網路異常…等)
6.資訊/弱電設備維護管理(視訊、監視、門禁、電話總機、音響...等)
7.費用申請、內部相關文件填列
8.具良好溝通協調、解決問題能力及團隊合作精神
9.其它主管交辦事項

★需至高雄總部受訓
★台中潭子廠預計11月左右會遷廠，遷廠後會在太平廠上班。,需有3年以上的MIS維護經驗,
具有門店設備維護經驗者佳,
需具備網管、伺服器管理基本觀念
★需至高雄總部受訓
★台中潭子廠預計11月左右會遷廠，遷廠後會在太平廠上班。,不拘,文書處理╱排版能力、系統維護操作、系統整合分析、軟體工程系統開發、功能測試(function test)、問題追蹤處理(Bug tracking)、資料庫系統管理維護、文書處理軟體操作","其他資訊專業人員
、資訊設備管制人員","月薪28,590~38,000元",需出差，一年累積時間未定,台中市潭子區雅潭路三段116號,"https://maps.google.com.tw/?q=%E5%A4%9A%E9%82%A3%E4%B9%8B%E5%9C%8B%E9%9A%9B%E8%82%A1%E4%BB%BD%E6%9C%89%E9%99%90%E5%85%AC%E5%8F%B8@24.2160392,120.6800604&z=17",多那之國際股份有限公司
https://www.104.com.tw/job/8khre?app_jobsource=m_time4jobs&jobsource=new_map,"鞋業ERP軟體工程師,熟Vue.js, Node.js程式語言(全職)","1. 熟悉 Vue.js, Node.js程式開發框架
2. 熟SQL 資料庫程式
3. 系統需求分析與操作說明撰寫
4.上級交辦事項。,PostgreSQL, Vue.js, Node.js, Django, SPA
1.對於開發與優化系統流程具備高度興趣者
2.具溝通協調整合能力佳 
3.熟悉製造業(鞋業經驗尤佳)以及曾有開發ERP系統經驗者佳,Linux、AJAX、ASP.NET、PHP、Python、MS SQL、MySQL、JavaScript
提升專業能力
提升專業能力,不拘","軟體工程師
、全端工程師
、Internet程式設計師",待遇面議,無需出差外派,台中市大雅區西寶里昌平路四段252號2樓,"https://maps.google.com.tw/?q=%E6%96%B0%E5%8C%97%E6%B5%B7%E4%BC%81%E6%A5%AD%E8%82%A1%E4%BB%BD%E6%9C%89%E9%99%90%E5%85%AC%E5%8F%B8@24.2212021,120.6692878&z=17",新北海企業股份有限公司
https://www.104.com.tw/job/7kvyn?app_jobsource=m_time4jobs&jobsource=new_map,全端軟體工程師,"所需專長(1~2點可展示作品優):
1.C#.Net - 使用 Visual Studio
.WebService
.WebForm (ASP.NET)
.SqlClient
.HttpWebRequest
.JSON

2.
Android(JAVA) - 使用Android Studio
.BluetoothSocket
.WebService
.jdbc
.JSON

3.
DataBase
.Microsoft SQL Server
.SQLite
.Access

「前端＋後端＋雲端＋資料庫」
◆C#與.NET Framework 
◆.NET 物件導向程式開發 
◆ADO.NET 
◆.NET
◆LINQ 
◆ASP.NET MVC 
◆ASP.NET Web Form 
◆Azure 
◆資料庫設計 RDB&NoSQL 
◆SQL Server 
◆Git 版本控制 
◆Agile 
◆CSS 
◆JavaScript 
◆HTML5 
◆Ajax 
◆JQuery 
◆RWD 
◆Bootstrap

需有實際相關工作兩年以上經驗,可獨立作業完成者優
面試時請備專題(影片及簡報或實際可操作者),未填寫,Android、ASP.NET、C#、Java、Visual Studio、WinForm、MS SQL
提升專業能力
提升專業能力,資料備份與復原、資訊設備環境設定、系統整合分析、軟體工程系統開發、軟體程式設計、資料庫系統管理維護、資料庫程式設計、資料庫軟體應用、系統架構規劃與維護","軟體工程師
、全端工程師
、軟體助理工程師","月薪45,000~55,000元",無需出差外派,台中市北區,"https://maps.google.com.tw/?q=%E6%96%B9%E5%8B%9B%E8%B3%87%E8%A8%8A%E6%9C%89%E9%99%90%E5%85%AC%E5%8F%B8@24.1573171,120.6832556&z=17",方勛資訊有限公司
https://www.104.com.tw/job/8tznc?app_jobsource=m_time4jobs&jobsource=new_map,【金融系統部】軟體工程師【.Net】（工作地點：台中）,"【工作內容】
1. 負責專案系統程式開發工作，以 asp.net mvc 開發技術為主。
2. 專案性質主要為投資帳務系統、會計系統、委外投資經管系統、決策稽核系統...等。
3. 客戶涵蓋各大金控壽產險公司、政府基金、投信公司及私法人。
無財經或金融背景者可，對金融商品略有了解者，會更易理解系統商業邏輯。

【必要技能】
1.前端：Html5、CSS、jQuery/JavaScript，
2.後端：.Net Framework/.Net (Core)、C#、ASP.NET MVC、Entity Framework、LINQ。
3.關聯式資料庫概念及 T-SQL語法(SQL Server/Oracle)
  
【日常工作方式/工具】
1. 版本控管: SVN
2. CI工具：Jenkins
3. 專案管理工具: Redmine
4. 日常線上溝通：Teams

【部門開發文化說明】 
部門工作氣氛融洽，樂見工程師主動發問，同事均樂於交流分享。
不定期有專門討論開發技術的 RD Meeting，除彼此了解專案狀況，也提供大家專案上的技術問題交流，以及新技術學習心得(非強制性，採鼓勵性質)。
比起專業技術我們更為珍視良好的心態和工作態度，也相信只要態度正確，技術能力的成長不會止步。
認同及自信具此心態者，歡迎投遞履歷。,不拘,HTML、jQuery、CSS、C#、MS SQL
提升專業能力
提升專業能力,不拘","軟體工程師
、Internet程式設計師
、MIS程式設計師","月薪35,000~60,000元",無需出差外派,台中市北屯區崇德路二段252號13樓(中科大飯店),"https://maps.google.com.tw/?q=%E5%AF%B6%E7%A2%A9%E8%B2%A1%E5%8B%99%E7%A7%91%E6%8A%80%E8%82%A1%E4%BB%BD%E6%9C%89%E9%99%90%E5%85%AC%E5%8F%B8@24.1747124,120.6860921&z=17",寶碩財務科技股份有限公司
https://www.104.com.tw/job/8svop?app_jobsource=m_time4jobs&jobsource=new_map,1MC1-人工智慧暨機器人創新中心 iOS 工程師,"人工智慧中心正在招募一位熱血的 iOS 工程師！ 
如果你熱愛開發、對 Swift 有愛，喜歡打造直覺又優雅的使用者體驗， 
那你就是我們的「天選工程師」！ 
【我們希望你擁有的能力】 
• 熟練使用 Swift 進行 iOS App / iPadOS 開發 
• 熟悉MVVM 或 MVC 架構設計 
• 能夠與後端工程師無痛合作，串接 RESTful API 
• 熟悉 CI/CD、Unit Test、自動化測試流程 
• 對使用者體驗有熱情，懂得用科技做出好感度爆表的介面 
• 是一位出色的溝通者，能夠與團隊其他成員互動。 
• 具有卓越的產品交付經驗。 
【加分項目】 
• 有 AI/ML 應用經驗 
• 有過醫療、健康照護 App 開發經驗 
• 有上架 App Store 的經驗加分 
覺得你就是我們在找的人？ 
快把你的履歷寄給我們，一起打造未來的智慧醫療新宇宙！,未填寫,不拘,不拘",軟體工程師,待遇面議,無需出差外派,台中市北區育德路2號,"https://maps.google.com.tw/?q=%E4%B8%AD%E5%9C%8B%E9%86%AB%E8%97%A5%E5%A4%A7%E5%AD%B8%E9%99%84%E8%A8%AD%E9%86%AB%E9%99%A2@24.1572251,120.6804893&z=17",中國醫藥大學附設醫院
https://www.104.com.tw/job/8o90w?app_jobsource=m_time4jobs&jobsource=new_map,區塊鏈交易所產品經理,"我們正在尋找一位對區塊鏈技術和數位資產交易充滿熱情的產品經理，負責交易所核心功能的設計、優化及創新，提升用戶體驗和平台競爭力。您將與技術、營運、市場團隊緊密合作，推動產品從需求分析到上線的全生命週期管理。
產品規劃與設計：
負責交易所核心功能（如現貨/合約交易、訂單系統、資產管理、KYC/AML等）的需求分析、原型設計及迭代最佳化。
研究產業趨勢（如DeFi、NFT、跨鏈技術），提出創新性產品方案。
專案管理：
協調開發、測試、UI/UX團隊，確保產品按時高品質交付。
制定產品路線圖，平衡短期目標與長期策略。
使用者體驗優化：
透過用戶研究、數據分析，持續提升交易流程、介面互動及安全性。
監控關鍵指標（如交易量、延遲、用戶留存），驅動資料化決策。
合規與風控：
熟悉各國數位資產監管政策，確保產品符合合規要求（如反洗錢、資產託管）。
設計風控機制（如防刷單、防DDOS攻擊）。
跨團隊協作：
與市場團隊合作制定推廣策略，與技術團隊溝通區塊鏈底層技術（如共識機制、智慧合約）。,5年以上產品經理經驗，3年以上區塊鏈/數位資產交易所相關經驗
必備條件：
本科及以上學歷，3年以上網路或金融產品經理經驗，1年以上區塊鏈交易所相關經驗。
熟悉交易所業務流程（如撮合引擎、清算系統）、區塊鏈基礎技術（錢包、Token經濟學）。
熟練使用Axure、Sketch、SQL等工具，具備資料分析能力。
優先條件：
有知名交易所（如Binance、Coinbase）或金融科技公司工作經驗。
對Web3、智能合約開發（Solidity）有深入了解。
英語流利，可對接國際團隊或使用者。,不拘,產品策略、專案管理架構及專案說明、專案溝通╱整合管理、專案時間╱進度控管、專案規劃執行╱範圍管理","區塊鏈工程師
、產品管理師
、產品企劃",待遇面議,需出差，一年累積時間未定,台中市北屯區崇德路二段252號9樓,"https://maps.google.com.tw/?q=%E7%BE%8E%E6%98%9F%E5%81%A5%E5%BA%B7%E7%A7%91%E6%8A%80%E6%9C%89%E9%99%90%E5%85%AC%E5%8F%B8@24.1747124,120.6860921&z=17",美星健康科技有限公司
https://www.104.com.tw/job/8uvri?app_jobsource=m_time4jobs&jobsource=new_map,[台中北區] 遊戲前端開發組長,"- 負責遊戲專案的整體技術架構設計與開發實作，規劃並推進技術方案以確保專案順利執行。

- 統籌團隊人力與資源配置，確保各功能模組依時高品質完成，並順利達成開發節點目標。

- 處理開發過程中的技術挑戰，迅速分析並解決效能或兼容性等關鍵問題。

- 改進引擎底層與開發工具流程，持續強化開發效能與產品穩定表現。,不拘,不拘,軟體工程系統開發","遊戲工程師
、前端工程師",待遇面議,,台中市北區,"https://maps.google.com.tw/?q=%E4%BD%B0%E5%BE%B7%E7%AE%A1%E7%90%86%E9%A1%A7%E5%95%8F%E6%9C%89%E9%99%90%E5%85%AC%E5%8F%B8@24.1573171,120.6832556&z=17",佰德管理顧問有限公司
https://www.104.com.tw/job/8aciy?app_jobsource=m_time4jobs&jobsource=new_map,【總部】ERP工程師,"1.鼎新T100 ERP系統程式客制撰寫、報表開發、流程規劃管理及維護。
2.負責各模組系統分析及推動系統上線與後續維護等工作。
3.協助國內外使用者系統操作與問題排除。
4.協助集團整體資訊自動化之發展與應用。
5.協助製造相關系統導入工作。
6.其他主管交辦事項。,不拘,C#、Informix、MS SQL、Oracle、JavaScript、Excel、Outlook、PowerPoint、Word、鼎新
提升專業能力
提升專業能力,系統架構規劃、系統整合分析、軟體工程系統開發、資料庫程式設計、系統架構規劃與維護","MIS程式設計師
、軟體工程師
、軟體專案主管",待遇面議,需出差，一年累積時間未定,台中市潭子區中山路一段257號,"https://maps.google.com.tw/?q=%E6%98%8E%E6%BA%90%E5%B7%A5%E6%A5%AD%E8%82%A1%E4%BB%BD%E6%9C%89%E9%99%90%E5%85%AC%E5%8F%B8@24.1977458,120.7026215&z=17",明源工業股份有限公司
https://www.104.com.tw/job/752v7?app_jobsource=m_time4jobs&jobsource=new_map,軟體工程師,"1. 負責軟體編寫，與部門同事共同完成產品開發及測試。
2. 熟悉Raspberry Pi 及Arduino。
3. 熟悉可在Raspberry Pi 開發之程式語言。
4. 具備軟、硬體整合基礎能力。
5. 樂於分享、積極學習。
6. 完成主管交辦事項。,不拘,不拘,不拘","軟體工程師
、通訊軟體工程師","月薪30,000~45,000元",無需出差外派,台中市太平區,"https://maps.google.com.tw/?q=%E9%87%A9%E6%B9%83%E7%88%BE%E7%A7%91%E6%8A%80%E9%96%8B%E7%99%BC%E6%9C%89%E9%99%90%E5%85%AC%E5%8F%B8@24.1240719,120.7170701&z=17",釩湃爾科技開發有限公司
https://www.104.com.tw/job/8sgfa?app_jobsource=m_time4jobs&jobsource=new_map,【千附集團】軟體工程師(潭子),"1. 應用程式開發
2. 簽核流程系統維護
3. 主管交辦專案任務,不拘,不拘,不拘",軟體工程師,"月薪38,000~55,000元",無需出差外派,台中市潭子區潭子區豐興路二段龍興巷21-12號,"https://maps.google.com.tw/?q=%E5%8D%83%E9%99%84%E5%AF%A6%E6%A5%AD%E8%82%A1%E4%BB%BD%E6%9C%89%E9%99%90%E5%85%AC%E5%8F%B8@24.2184066,120.7265148&z=17",千附實業股份有限公司
https://www.104.com.tw/job/6g3cx?app_jobsource=m_time4jobs&jobsource=new_map,資深JAVA課程講師-台中站前認證中心,"【業界經驗】至少有相關工作經驗七年以上。
【授課經驗】三年以上尤佳，若無則需準備教材試教以確認教學能力。
【專業證照】須有獨立App開發、並成功在上架之經驗。,不拘,Android、Java、Kotlin
提升專業能力
提升專業能力,軟體程式設計","電腦補習班老師
、軟體工程師
、軟體專案主管","時薪400~1,200元",依公司規定,台中市中區建國路123號3F,"https://maps.google.com.tw/?q=%E8%81%AF%E6%88%90%E9%9B%BB%E8%85%A6%E8%82%A1%E4%BB%BD%E6%9C%89%E9%99%90%E5%85%AC%E5%8F%B8(%E8%81%AF%E6%88%90%E9%9B%BB%E8%85%A6%2F%E8%81%AF%E6%88%90%E5%A4%96%E8%AA%9E)@24.137451,120.6842567&z=17",聯成電腦股份有限公司(聯成電腦/聯成外語)
https://www.104.com.tw/job/3y2f1?app_jobsource=m_time4jobs&jobsource=new_map,,"手機/平板應用程式開發,開發過 ios or Android app 佳,Java
提升專業能力
提升專業能力,不拘",資料庫管理人員,待遇面議,無需出差外派,台中市潭子區雅潭路一段218號,"https://maps.google.com.tw/?q=%E9%91%AB%E7%99%BC%E7%A7%91%E6%8A%80%E8%82%A1%E4%BB%BD%E6%9C%89%E9%99%90%E5%85%AC%E5%8F%B8@24.2163338,120.700035&z=17",鑫發科技股份有限公司
https://www.104.com.tw/job/8v7th?app_jobsource=m_time4jobs&jobsource=new_map,Senior Frontend Engineer 資深前端工程師（Vue）智慧醫療系統專案,"• 使用 Vue 3 + TypeScript 開發智慧醫療系統 Web 前端
• 設計並優化模組化 UI 元件系統，維持操作一致性並提升工程效率
• 熟悉 Pinia 狀態管理框架，規劃資料流與狀態持久化
• 以 Axios / WebSocket 串接後端，實現設備控制與即時資料回傳
• 效能最佳化調校，包括 Lighthouse 分析、Bundle Split、Lazy Load 等策略
• 與產品、後端、UI/UX 團隊密切合作，確保需求落地並提升使用體驗
• 建立與維護工程規範、CI/CD、自動化建置流程與前端測試架構
• 需具備良好的 UI 刻板能力，能依照 Figma 設計稿精準還原介面

備註：會有UI 刻板測驗，確認是否符合此職務。,不拘,VueJS、JavaScript、CSS、ReactJS
提升專業能力
提升專業能力,網頁語法撰寫、使用者介面設計、視覺設計相關知識",前端工程師,"月薪70,000~120,000元",無需出差外派,台中市大里區夏元路6號,"https://maps.google.com.tw/?q=%E7%91%9E%E5%8F%B8%E6%99%BA%E6%85%A7%E6%95%B4%E5%90%88%E8%82%A1%E4%BB%BD%E6%9C%89%E9%99%90%E5%85%AC%E5%8F%B8@24.0910696,120.6785364&z=17",瑞司智慧整合股份有限公司
https://www.104.com.tw/job/7g4fe?app_jobsource=m_time4jobs&jobsource=new_map,工程部 維護高級專員(水電維修人員),"1.飯店各項硬體、軟體設施維護管理。
2.其他主管交辦事項。,不拘,不拘,電力工程裝修與控制、電機設備操作、負責空調和機電設備系統異常處理、廢棄物管理與申報處理、配電裝修技能、五金配件使用、手工具使用、電工儀表裝置及使用","電機工程技術員
、資訊設備管制人員
、電子設備裝修工","月薪32,000元以上",無需出差外派,台中市西區柳川西路二段77號,"https://maps.google.com.tw/?q=%E6%84%9B%E9%BA%97%E7%B5%B2%E5%9C%8B%E9%9A%9B%E5%A4%A7%E9%A3%AF%E5%BA%97%E8%82%A1%E4%BB%BD%E6%9C%89%E9%99%90%E5%85%AC%E5%8F%B8@24.1370338,120.6674307&z=17",愛麗絲國際大飯店股份有限公司
https://www.104.com.tw/job/7rve1?app_jobsource=m_time4jobs&jobsource=new_map,前端工程師,"【工作內容】
1. 與設計團隊共同合作開發網站平台
2. 創造給客戶更好的UI/UX體驗
3. 透過API介接設計，開發網頁介面,不拘,PHP、Python、PostgreSQL、ActiveX、HTML、JavaScript、jQuery、CSS、Django
提升專業能力
提升專業能力,軟體程式設計、網路程式設計、資料庫程式設計","軟體工程師
、網頁設計師","月薪30,000~50,000元",無需出差外派,台中市西區台灣大道二段2號19樓之1,"https://maps.google.com.tw/?q=%E7%91%9E%E8%89%BE%E7%A7%91%E6%8A%80%E6%9C%89%E9%99%90%E5%85%AC%E5%8F%B8@24.1481853,120.6735865&z=17",瑞艾科技有限公司
https://www.104.com.tw/job/8uxal?app_jobsource=m_time4jobs&jobsource=new_map,Data Architect,"Techtronic Industries (TTI) is a world-class leader in design, manufacturing and marketing of power tools, outdoor product equipment, and floor care equipment. Our brands and products are recognized worldwide for their deep heritage, superior quality, outstanding performance and compelling innovation. Brands represented include MILWUAKEE®, RYOBI®, AEG®, EMPIRE®, IMPERIAL BLADES®, STILETTO®, KANGO®, HART®, HOOVER®, ORECK®, VAX® and DIRT DEVIL®.
TTI is currently seeking a Data Architect to help manage and develop our guidelines, governance, and architecture of data platforms for Asia offices.

Responsibilities:
• Lead and manage projects including data governance, data sharing and data flow process.
• Work closely with the business user to enhance existing tools and data solutions supporting business and reporting needs.
• Designs, establish, maintain and improve data infrastructure for the company.
• Defining and managing efficient data flows across entire company.
• Design optimal data framework and standards for the team to follow.
• Work with regional stakeholders for multi cloud-platform data sharing.
• Participate in the project life cycle, prepare project & resources plan, manage project progress, facilitate and support SIT, UAT and documentation.
• Follow relevant policies, procedures and guidelines in performing the responsibilities to ensure company standards and local regulatory requirements are met.
• Manage and coordinate with users, vendors and internal teams to deliver the project goals.
• Conduct data quality assurance and progress meetings to ensure the quality of deliverables within the agreed scope, budget, resources and schedule.
• Identify, prioritize, and resolve issues that occur at all stages of the project. Escalate project issues to Department Head.
• Travel to our world-class factories is required as needed.

General Skill & Experience Requirements:
• Degree holder in Computer Science, Information Technology, Statistics or other related disciplines.
• Must possess a minimum of 5 years’ experience in data engineering projects and 2 years' experience as Data Architect.
• Ability to align data architecture with long-term business objective
• Good command of written and spoken English and Chinese.
• Relevant experience in manufacturing industry is an advantage.
• Good communication, analytical and problem-solving skills.
• Self-motivated, independent, hardworking and able to work under pressure, good team player.

Data Architect Skillset:
• Extensive experience with Cloud Data Platform (i.e. Databricks, Microsoft Fabric etc.).
• Extensive experience in Database management (i.e. MS SQL/Oracle ERP and DB etc.)
• Proficiency in languages like Python and Java.
• Experience data warehousing principles for storing and managing large volumes of data from various sources.
• Establish data governance, compliance, and security measures to ensure data is protected and private.
• At least 5+ years SQL experience
• At least 5+ years Python experience,• Experience with data solutions with hybrid data infrastructure and sources.
• Experience in big data and streaming data is a plus.
• Experience in ML and AI projects is a plus.
• Excellent written and verbal communication skills.
• Ability to work effectively with remote teammates and users.
• Domain knowledge on manufacturing sector is a plus.
• Understanding process engineering concepts and measurements is a plus.,MS SQL、Oracle ERP、Python、Java
提升專業能力
提升專業能力,不拘","資料工程師
、數據分析師／資料分析師",待遇面議,需出差，一年累積時間約一個月以下,台中市北屯區文心路四段83號9樓之1,"https://maps.google.com.tw/?q=%E8%8B%B1%E5%B1%AC%E7%B6%AD%E4%BA%AC%E7%BE%A4%E5%B3%B6%E5%95%86%E5%89%B5%E6%A9%9F%E5%B7%A5%E5%85%B7%E8%82%A1%E4%BB%BD%E6%9C%89%E9%99%90%E5%85%AC%E5%8F%B8%E5%8F%B0%E7%81%A3%E5%88%86%E5%85%AC%E5%8F%B8@24.1741733,120.673008&z=17",英屬維京群島商創機工具股份有限公司台灣分公司
https://www.104.com.tw/job/6zwe7?app_jobsource=m_time4jobs&jobsource=new_map,1MC1-人工智慧暨機器人創新中心雲端軟體工程師,"我們正在尋找一位熱血、有想法的系統雲端軟體工程師，與我們一起用科技改變醫療世界。 
【你要將要做的任務】 
• 建構與維運推論平台，支持多專案並行運行。 
• 操作 Azure & GCP 雲端平台，協助部署高效、安全的 AI 環境。 
• 整合 NVIDIA GPU VM 與 Docker / Kubernetes (K8s)，打造穩定又可擴充的系統架構。 
• 與 AI 工程師攜手合作，加速模型開發與部署流程。 
【我需要你具備的】 
• 資安概念 
• 熟悉 Azure 與 GCP 雲端平台服務運用與資源管理。 
• 熟練操作容器化技術 (Docker / K8s)。 
• 熟悉 ML/DL 系統建置流程，能理解模型訓練與推論的資源需求。 
• 實作經驗涵蓋 NVIDIA GPU VM / Container 環境的建置與最佳化。 
• 後端 Python 開發 
• CI/CD 工具的經驗 
• 熟悉 RESTful API 設計 
【加分項目】 
• 有 DevOps 或 MLOps 經驗 
• 醫療資訊系統（如 HIS/PACS/EMR）整合經驗者尤佳 
覺得你就是我們在找的人？ 
快把你的履歷寄給我們，一起打造未來的智慧醫療新宇宙！,未填寫,不拘,不拘","軟體工程師
、系統分析師",待遇面議,無需出差外派,台中市北區育德路2號,"https://maps.google.com.tw/?q=%E4%B8%AD%E5%9C%8B%E9%86%AB%E8%97%A5%E5%A4%A7%E5%AD%B8%E9%99%84%E8%A8%AD%E9%86%AB%E9%99%A2@24.1570004,120.6810232&z=17",中國醫藥大學附設醫院
https://www.104.com.tw/job/8sffn?app_jobsource=m_time4jobs&jobsource=new_map,【金融創新部】高級/資深程式設計師（工作地點：台中）,"【⼯作內容】
1.負責產品模組的開發與調整(含前端JS、後端C#與SQL之開發)
2.理解客戶需求原因或是問題發⽣原因，協助思考、優化解決⽅案

【必要技能】
1. 後端：C# .net Framework MVC、MS SQL
2. 前端：Javascript
3. 接觸過HTML、CSS、物件導向程式設計概念

【加分條件】
1. 了解MVC架構
2. 了解前端框架(Ext.js、React等)
3. 了解SVN、Git等版控操作
4. 喜歡接觸新事物、新技術、並能不斷提升⾃我技術⽔準

【寶碩財務科技−⾦融創新部簡介】
我們致⼒於⾦融商品投資管理平台開發，協助客戶進⾏⾦融商品交易部位管理、
⾵險管理及投資決策分析。

我們的成員組成為敏捷式團隊，提供客戶WEB化系統產品與服務(基於MVC架構)。
有別於其他傳統系統代理與專案模式，我們配置專職財務⼯程專家掌握最新⾦融技術、
商品變化與法規要求，結合兩個領域的優勢，建構完整、全⾯的投資平台，致⼒於核⼼產品開發，引領客戶⾯對不斷變化中的⾦融挑戰。

我們這裡有扁平的組織結構、採⽤敏捷式開發流程、開放⾃由的討論⽂化與導師制度、
完善的新⼈教育訓練、彈性的上班時間(8:30~10:30)做滿8⼩時⾃⾏下班、
沒有傳統企業的包袱、下班不⽤等主管離開才能⾛、沒有加班⽂化，
每周⼀次以上的部⾨聚餐(⾃由參加)、
友善豐富的進修管道(內訓、外訓、證照補助、部⾨知識庫)、
提供每⼈基本配備個⼈電腦(含SSD)+雙螢幕、
不定時的資訊技術、財經新知、財務知識、理財知識分享。

無須具備財務⾦融相關知識，歡迎不具財經背景的資訊⼯程師加⼊⼀同成⻑、分享與切磋~,不拘,不拘,不拘","軟體工程師
、Internet程式設計師","月薪50,000~80,000元",無需出差外派,台中市北屯區崇德路二段256號12樓,"https://maps.google.com.tw/?q=%E5%AF%B6%E7%A2%A9%E8%B2%A1%E5%8B%99%E7%A7%91%E6%8A%80%E8%82%A1%E4%BB%BD%E6%9C%89%E9%99%90%E5%85%AC%E5%8F%B8@24.1746195,120.6862204&z=17",寶碩財務科技股份有限公司
https://www.104.com.tw/job/7pj9r?app_jobsource=m_time4jobs&jobsource=new_map,軟體工程師/資深軟體工程師(台中),"1.在Linux或Android嵌入式平台SoC上進行IP Camera底層或上層應用程式整合、開發與除錯。
2.透過Onvif protocol與NVR/VMS進行整合、開發與除錯。
3.負責產品資安相關規範或認證之整合、開發與除錯。
4.根據客戶或中性品規格進行上述工作之整合、開發與除錯。,1.有嵌入式系統相關經驗為佳
2.有IP Camera相關開發經驗為佳
3.資訊相關科系背景或純粹熱愛軟體開發,Linux、C、C++
提升專業能力
提升專業能力,不拘","軟體工程師
、韌體工程師",待遇面議,無需出差外派,台中市北區五權路375號10樓,"https://maps.google.com.tw/?q=%E5%8B%9D%E5%93%81%E9%9B%BB%E9%80%9A%E8%82%A1%E4%BB%BD%E6%9C%89%E9%99%90%E5%85%AC%E5%8F%B8@24.152766,120.6806568&z=17",勝品電通股份有限公司
https://www.104.com.tw/job/844h5?app_jobsource=m_time4jobs&jobsource=new_map,影像處理工程師-台中,"1.產品演算法設計
2.產品演算法可用範圍測試
3.產品演算法技術文件產出與管理
4.資料蒐集分析
5.分析客戶影像，強化演算法開發
6.可接受新尖兵培育計畫培訓三個月為優先對象,不拘,Python
提升專業能力
提升專業能力,不拘","軟體工程師
、演算法工程師","月薪32,000~50,000元",無需出差外派,台中市中區綠川西街135號12樓之1,"https://maps.google.com.tw/?q=%E5%85%A8%E5%9F%9F%E7%A7%91%E6%8A%80%E6%9C%89%E9%99%90%E5%85%AC%E5%8F%B8@24.1391989,120.6836672&z=17",全域科技有限公司
https://www.104.com.tw/job/85wed?app_jobsource=m_time4jobs&jobsource=new_map,網頁前端工程師,"【招募背景】
1. 有相關工作學習經驗

2. Vue 進行網站前端開發

3. 具有 RWD 開發經驗

4. 具有 Element UI、 Bootstrap或Tailwind CSS的使用經驗 

5. 串接後端 CRUD API 資料經驗

6. 對於Docker 有實作開發經驗

7. 具備獨立debug/閱讀最新技術文件能力

8. 熟悉相關角色權限套件

【加分項目】
1. Clean Architecture

2. 拆分 Components 相關知識

3. 使用 Web Component 相關經驗

4. WebSocket 相關開發知識與經驗

5. 熟悉雲端布署與架構( GCP / AWS)

【個人特質】

1. 具視覺傳達溝通能力與美學素養，邏輯清楚，良好的流程設計概念

2. 對程式開發有熱情，願意主動嘗試新技術

3. 開發效率、自我管理、解決問題的能力

4. 能與團隊緊密合作，以確保開發與需求相符,不拘,Git、HTML、JavaScript、CSS
提升專業能力
提升專業能力,軟體工程系統開發、軟體程式設計、網路程式設計、網頁語法撰寫","前端工程師
、軟體工程師
、網頁設計師",待遇面議,無需出差外派,台中市北屯區文心路四段752之2號,"https://maps.google.com.tw/?q=%E6%96%B0%E5%8A%A0%E5%9D%A1%E5%95%86%E5%86%95%E5%89%B5%E6%9C%89%E9%99%90%E5%85%AC%E5%8F%B8@24.1715934,120.6884834&z=17",新加坡商冕創有限公司
https://www.104.com.tw/job/8uodt?app_jobsource=m_time4jobs&jobsource=new_map,後端工程師,"1. 需企劃人員合作，進行API撰寫與函式規劃
2. 需與前端人員進行API介接
3. 後端新技術導入與分享
4. 完成主管交辦之事項
5. 無經驗可，由主管帶領學習，但需有基本程式能力
6. 訓練完成後需On Call,不拘,不拘,軟體程式設計、資料庫程式設計","後端工程師
、全端工程師","月薪37,000~70,000元",無需出差外派,台中市西區臺灣大道二段2號16樓之2,"https://maps.google.com.tw/?q=%E8%90%8D%E6%99%B9%E7%A7%91%E6%8A%80%E6%9C%89%E9%99%90%E5%85%AC%E5%8F%B8@24.1481263,120.6734851&z=17",萍晹科技有限公司
https://www.104.com.tw/job/8gi8p?app_jobsource=m_time4jobs&jobsource=new_map,【台中】IT-INF資深工程師(資料庫管理),"1執行新基礎設施(作業系統、硬體環境、資料庫、網路、資訊技術)分析與建置工作。 
2執行基礎設施標準與規格文件之修訂。 
3 執行基礎設施維護工作並確保安全性。
4 執行基礎設施異常排除與問題診斷 。,1. Oracle/MS-SQL資料庫日常維護、監控維護、異常處理、安全管理、備份備援(HA/DR)、權限管理。
2. Oracle/MS-SQL資料庫架構規劃、建置叢集式資料庫、效能資料收集與調校、資料庫參數調優及性能的優化，以提供最佳的資訊系統服務。,不拘,不拘","網路安全分析師
、資訊設備管制人員
、資料庫管理人員","月薪54,000~95,000元",無需出差外派,台中市潭子區,"https://maps.google.com.tw/?q=Siliconware%20Precision%20Industries%20Co.%2C%20Ltd._%E7%9F%BD%E5%93%81%E7%B2%BE%E5%AF%86%E5%B7%A5%E6%A5%AD%E8%82%A1%E4%BB%BD%E6%9C%89%E9%99%90%E5%85%AC%E5%8F%B8@24.2163612,120.7062535&z=17","Siliconware Precision Industries Co., Ltd._矽品精密工業股份有限公司"
https://www.104.com.tw/job/75fyc?app_jobsource=m_time4jobs&jobsource=new_map,軟體工程師(★作息正常),"工作內容
設計及開發銀行用系統及程式，供櫃台行員及銀行客戶使用。
※無須推廣金融業務
※生活作息正常

(一)網路應用類：
    1.了解.NET、.NET Core、HTML、JavaScript、jQuery 及 Web service 等相關 Web 應用開發之技術。
    2.了解關聯式資料庫系統佳。
    3.熟悉 MFC 及 Win32 API，Windows Programming 有兩年以上的經驗。 

(二)手機、平板等行動應用類：
    1.具 Android 或 iOS 之 app 開發經驗。
    2.能研讀原文技術文件並加以消化吸收。

其他需求：
   1.具網路系統及資訊安全經驗。
   2.未來能接受其他程式語言教育訓練。
   3.具有自學能力

致 求職者：
　銀行業對IT的投入相當高，國內大型銀行一年10億元之IT預算也很常見。

　進入社會工作，除了領薪水，日後也會接觸資金管理、投資理財、行動及各項支付、辦理購屋或消費貸款、信用卡... 而與銀行往來。銀行與我們的生活密切相關，資訊人員到銀行工作，可以有更多機會接觸及學得金融、法律及理財知識，幫助你規劃人生。

　富經驗佳；剛從學校出來，經驗稍缺、資質良好的朋友，我們樂意提供養成教育，可以在這裡獲得學習、成長的機會！

　我們提供良好的待遇，公司信譽卓著，穩健可以長久的工作，歡迎優秀朋友加入。

　本行為少數總行位於中部之銀行，資本額逾90億元、員工逾1,100人。
各項業務電腦系統--包括櫃台後台系統、核心交易及帳務系統、電子商務、各項自動化應用 (手機 app、官網、個人及行動網銀、企業網銀、金融卡及ATM、信用卡、電話語音 ...)、電子印鑑系統、業務支援系統、電子公文、OA ...等，均為自行開發，研發能力良好。

IBM Unix、Linux、Windows server、VM、Android、iOS、Raspberry Pi、Android box ... 等之系統均有運用，並建置有異地備援中心。

我們的作息正常，辦公室氣氛良好，應屆畢業(退伍)同樣歡迎。　
歡迎對銀行資訊工作有興趣、希望於中部定居及工作的朋友加入。,不拘,不拘,不拘","軟體工程師
、Internet程式設計師
、MIS程式設計師",待遇面議,無需出差外派,台中市北區,"https://maps.google.com.tw/?q=%E4%B8%89%E4%BF%A1%E5%95%86%E6%A5%AD%E9%8A%80%E8%A1%8C%E8%82%A1%E4%BB%BD%E6%9C%89%E9%99%90%E5%85%AC%E5%8F%B8@24.1573171,120.6832556&z=17",三信商業銀行股份有限公司
https://www.104.com.tw/job/844z7?app_jobsource=m_time4jobs&jobsource=new_map,程式設計師-台南,"1.熟悉Python 語言
2.對程式開發及軟體工程具有熱情,願意嘗試新技術及架構
3.熟悉資料庫操作尤佳
4.可接受新尖兵培育計畫培訓三個月為優先對象,不拘,Python
提升專業能力
提升專業能力,不拘","軟體工程師
、AI工程師","月薪32,000~50,000元",無需出差外派,台中市中區綠川西街135號12樓之1,"https://maps.google.com.tw/?q=%E5%85%A8%E5%9F%9F%E7%A7%91%E6%8A%80%E6%9C%89%E9%99%90%E5%85%AC%E5%8F%B8@24.1391989,120.6836672&z=17",全域科技有限公司
https://www.104.com.tw/job/8b0u9?app_jobsource=m_time4jobs&jobsource=new_map,【AI團隊】前端軟體工程師,"加入麒發科技（Architech AI）意味著踏入一個前所未有的學習領域，這裡利用尖端生成式人工智能技術，致力於開發創新未來的工具。在麒發科技，您將學習到業界內外尋找不到的獨特知識和技能，從而成為一名炙手可熱的專業人才。

【工作內容】
1. 使用 ReactJS 開發高效且可重用的前端組件與應用程序。
2. 優化應用以達成最佳性能與流暢的使用者體驗。
3. 與後端工程師協作，整合 API 與外部資料來源。
4. 依據產品需求與設計稿，實作新功能與 UI。
5. 參與程式碼審查，維持高品質與良好團隊合作。
6. 主動關注前端技術趨勢，學習並應用新技術。

【期望您擁有的特質】
1. 具備主動探索與學習的態度，特別對前端與新興技術有熱情。
2. 對使用者體驗與程式品質有高標準。
3. 樂於與團隊協作、溝通清晰且負責任。
4. 具備解決問題與自我驅動的能力。
5. 願意嘗試並實踐創新（如 AI 工具應用）。

【希望您具備的技能】
1. 精通 ReactJS、生態系（Hooks、Context、Router、Redux 等）。
2. 熟悉 JavaScript (ES6+) 與 TypeScript。
3. 理解前端性能優化、響應式設計與跨瀏覽器相容性。
4. 熟悉 RESTful API 整合與前後端協作模式。
5. 具備 AI 技術應用或工具整合經驗者佳（如 Cursor）。

【關於麒發科技 Architech AI】
麒發科技致力於打造新世代的 AI 設計工具，至今已吸引來自 150 個國家、超過 100 萬名建築師與室內設計師 使用。我們在全球建築與設計產業中，正穩步建立屬於自己的位置。

期待對 AI 以及設計充滿熱情的您加入，一起創造設計產業的未來。,不拘,Node.js、ReactJS
提升專業能力
提升專業能力,軟體程式設計、AI、軟體工程系統開發","前端工程師
、全端工程師
、AI工程師","月薪60,000元以上",無需出差外派,台中市北屯區文昌二街2巷11號8樓,"https://maps.google.com.tw/?q=%E9%BA%92%E7%99%BC%E7%A7%91%E6%8A%80%E6%9C%89%E9%99%90%E5%85%AC%E5%8F%B8@24.171849,120.68019&z=17",麒發科技有限公司
https://www.104.com.tw/job/4aoo4?app_jobsource=m_time4jobs&jobsource=new_map,軟體工程師(系統整合-台中),"程式開發、新系統開發與建置、原有系統維護與功能開發

※薪資依學經歷敘薪,必須具有程式撰寫熱情，有IIS 資料庫、WEB程式開發、C#、JAVA 語言、APP 開發經驗佳,C++.Net、Java
提升專業能力
提升專業能力,不拘","軟體工程師
、其他資訊專業人員","月薪31,000元以上",無需出差外派,台中市北區中清路一段370號12樓,"https://maps.google.com.tw/?q=%E5%87%8C%E7%BE%A4%E9%9B%BB%E8%85%A6%E8%82%A1%E4%BB%BD%E6%9C%89%E9%99%90%E5%85%AC%E5%8F%B8@24.16487,120.6740376&z=17",凌群電腦股份有限公司
https://www.104.com.tw/job/8vhpt?app_jobsource=m_time4jobs&jobsource=new_map,,"1. 負責軟體之分析、設計以及程式撰寫。
2. 規劃執行軟體架構及模組之設計，並控管軟體設計進度。
3. 進行軟體之測試與修改。
4. 規劃、執行與維護量產的產品。
5. 協助研發軟體新技術與新工具。
6. 管控軟體開發成本。,不拘,不拘,不拘","軟體工程師
、通訊軟體工程師
、Internet程式設計師","月薪35,000~45,000元",無需出差外派,"台中市北區中清路一段(超高商辦大樓,優美上班環境,上班族首選)","https://maps.google.com.tw/?q=%E4%BA%BA%E9%86%AB%E7%94%9F%E7%89%A9%E7%A7%91%E6%8A%80%E6%9C%89%E9%99%90%E5%85%AC%E5%8F%B8@24.1625337,120.6746161&z=17",人醫生物科技有限公司
https://www.104.com.tw/job/8uxba?app_jobsource=m_time4jobs&jobsource=new_map,Data Engineer,"Techtronic Industries (TTI) is a world-class leader in design, manufacturing and marketing of power tools, outdoor product equipment, and floor care equipment. Our brands and products are recognized worldwide for their deep heritage, superior quality, outstanding performance and compelling innovation. Brands represented include MILWUAKEE®, RYOBI®, AEG®, EMPIRE®, IMPERIAL BLADES®, STILETTO®, KANGO®, HART®, HOOVER®, ORECK®, VAX® and DIRT DEVIL®.
TTI is currently seeking Data Engineer to help develop and maintain our Data Platform for Asia offices.

Responsibilities:
• Develop technical mechanisms to collect, integrate, protect, store, arrange, and transform data as data delivery solutions.
• Construct and monitor data pipelines.
• Develop scripts and custom code to refine data
• Work closely with the business user to enhance existing tools supporting reporting.
• Conduct unit tests and develop database queries to analyze the results and troubleshoot any issues that arise.
• Develop and update technical documentation for senior members of staff and colleagues to serve as a reference guide.
• Teamwork – Work as part of a tight knit team, so the ability to work professionally and virtually with others is vital to being successful in this job.
• Recommend & develop robust solutions in a timely manner based on requirement spec working with IT and business stakeholders
• Provide ongoing maintenance and problem investigation & support
• Documents and demonstrates solutions by developing documentation, flowcharts, layouts, diagrams, charts, code comments and clear code.
• Travel to our world-class factories is required as needed.

General Skill & Experience Requirements:
• Bachelor's degree in computer science, Information Technology, Statistics; or related discipline is desired.
• Must possess a minimum of 2-4 years’ experience in data engineering projects.
• Must be motivated, independent and self-sufficient. Able to receive an assigned task and see it through to completion with minimal supervision.
• Ability to write detailed design documents, communicate the vision, and defend the position is an advantage.
• Fluency in English and Mandarin is a plus.

Data Engineer Skillset:
• Demonstrated aptitude in: Cloud Data Platform solutions; certification a plus.
• Experience as SQL/Oracle DB/Python Developer.
• Experience in ETL process on complex data projects.
• Proficiency in languages like Python, Java.
• Experience creating and maintaining data assets in Cloud Data Platform
• Experience with optimization on data pipelines.
• Knowledge of general data modeling concepts.,• Excellent written and verbal communication skills.
• Experience in ML and AI projects is a plus.
• Ability to work effectively with remote teammates and users.
• Domain knowledge on manufacturing sector is a plus.
• Understanding process engineering concepts and measurements is a plus,MS SQL、PL/SQL、Oracle、Python、ETL、Java
提升專業能力
提升專業能力,不拘","資料工程師
、資料科學家",待遇面議,需出差，一年累積時間約一個月以下,台中市北屯區文心路四段83號9樓之1,"https://maps.google.com.tw/?q=%E8%8B%B1%E5%B1%AC%E7%B6%AD%E4%BA%AC%E7%BE%A4%E5%B3%B6%E5%95%86%E5%89%B5%E6%A9%9F%E5%B7%A5%E5%85%B7%E8%82%A1%E4%BB%BD%E6%9C%89%E9%99%90%E5%85%AC%E5%8F%B8%E5%8F%B0%E7%81%A3%E5%88%86%E5%85%AC%E5%8F%B8@24.1741733,120.673008&z=17",英屬維京群島商創機工具股份有限公司台灣分公司
https://www.104.com.tw/job/74abr?app_jobsource=m_time4jobs&jobsource=new_map,網頁設計師(論件計酬 每月可增加4~10萬收入),"工作資格: 
1.為架構設計製作網站 能獨立設計製作完成 (熟悉WordPress 尤佳)
2.熟悉WordPress WooCommerceu wordpress外掛元件尤佳
3.您能在上班時間(09:00~18:00)用LINE或電話與本公司客戶溝通設計案件進度
4.負責任

工作內容: 
1.與業務、企劃、程式設計、客戶等相關人員配合，協同執行專案。 
2.請務必先提供獨立製作的網頁設計作品3~5件>email至本公司mkt@nss.com.tw,不拘,不拘,不拘","網頁設計師
、Internet程式設計師
、商業設計","論件計酬20,000~40,000元",依公司規定,台中市北屯區(在家上班),"https://maps.google.com.tw/?q=%E6%88%B0%E5%9C%8B%E7%AD%96%E7%B6%B2%E8%B7%AF%E7%A7%91%E6%8A%80%E8%82%A1%E4%BB%BD%E6%9C%89%E9%99%90%E5%85%AC%E5%8F%B8@24.1815237,120.6861019&z=17",戰國策網路科技股份有限公司
https://www.104.com.tw/job/7ef8d?app_jobsource=m_time4jobs&jobsource=new_map,【台中】iOS軟體研發工程師,"智慧社區、智慧建築商業模式APP開發，服務150萬會員平台

1.熟swift or objective c
2.熟Auto Layout 及 Programmatically Layout，善於實作的客製化元件
3.熟Restful API、third Party Frameworks串接、 Mutilple Threading
4.熟Git版本控制
5.有hybird APP plugin經驗尤佳
6.具備 OOP / Design Pattern 概念尤佳
7.團隊採scrum開發模式，有DDD領域驅動開發模式經驗尤佳
8.團隊採用自動化持續交付或持續部署(CI/CD)

團隊訓練
1.定期舉辦內部/外部技術研討與訓練
2.定期內部/外部教育訓練
3.享有豐富線上教育系統資源(skill/flow),不拘,iOS、Objective-C、SWIFT
提升專業能力
提升專業能力,不拘","軟體工程師
、網頁設計師
、Internet程式設計師",待遇面議,無需出差外派,台中市北區太原北路130號11樓,"https://maps.google.com.tw/?q=%E6%99%BA%E7%94%9F%E6%B4%BB%E7%A7%91%E6%8A%80%E8%82%A1%E4%BB%BD%E6%9C%89%E9%99%90%E5%85%AC%E5%8F%B8@24.1653425,120.6701508&z=17",智生活科技股份有限公司
https://www.104.com.tw/job/8l30w?app_jobsource=m_time4jobs&jobsource=new_map,Golang後端工程師【全遠端工作】,"1.遊戲後端伺服器及API開發與維護。
2.後台管理介面開發及維護。
3.熟悉Golang、Restful Service
4.熟悉NoSQL和Cache應用,如MongoDB、Redis的實作經驗。
5.熟悉Git版控、Linux系統操作、Docker應用。
6.MySQL、PostgreSQL資料庫建置及運用。
7.具Multi-thread開發經驗。
8.規劃執行軟體架構及模組之設計,並控管軟體設計進度。
9.技術文件撰寫。
10.其他主管交辦事項。,不拘,Linux、MySQL、PostgreSQL、Socket
提升專業能力
提升專業能力,軟體工程系統開發、軟體程式設計、資料庫系統管理維護、資料庫程式設計、資料庫軟體應用","軟體工程師
、遊戲工程師
、後端工程師","月薪35,000~80,000元",無需出差外派,台中市大里區,"https://maps.google.com.tw/?q=%E6%98%9F%E7%A9%8E%E6%95%B8%E4%BD%8D%E8%A1%8C@24.1046899,120.6812114&z=17",星穎數位行
https://www.104.com.tw/job/8nxyk?app_jobsource=m_time4jobs&jobsource=new_map,學習型 人工智慧物聯網 AIoT 實習生,"★非在學學生請勿投遞，此實習機會僅提供實習時數和實習證明。

★可配合學校實習生計畫，請說明實習時數及期程。 

【實習內容】：
★藉由參與實務工作，學習相關產業領域專業技能，未來就業可順利接軌，充實就業即戰力。
★在職期間將規劃各類專業課程，同步提升職場軟實力。 

1. 負責公司產品的韌體開發和維護
2. 協助解決客戶反饋的問題
3. 參與產品設計和開發的過程中提供技術支援
4. 實現產品的功能設計和性能優化
5. 參與產品的測試和驗證工作

這個職位有著廣闊的發展前景，在未來的技術發展中將會扮演越來越重要的角色。如果您符合上述要求，請盡快提交您的申請，期待與您合作！,不拘,MCU、PyTorch、Firmware、Keras、tensorflow
提升專業能力
提升專業能力,人工智慧、機器學習、深度學習、演算法設計","資料科學家
、韌體工程師
、AI工程師",部分工時(月薪)0元以上,無需出差外派,台中市東區六順路109號,"https://maps.google.com.tw/?q=%E9%82%91%E6%96%B9%E9%86%AB%E7%99%82%E5%99%A8%E6%9D%90%E4%BC%81%E6%A5%AD%E7%A4%BE@24.1254268,120.700062&z=17",邑方醫療器材企業社
https://www.104.com.tw/job/2lse7?app_jobsource=m_time4jobs&jobsource=new_map,JAVA課程講師-台中站前認證中心,"【業界經驗】有獨立完成Java程式設計專案開發經驗3年以上。
【授課經驗】具備一年以上教學經驗尤佳，若無則需準備教材試教以確認教學能力。
【作品需求】需有獨立完成專案及APP相關作品。,不拘,Java、JSF、JSP、Spring、Kotlin、JavaScript
提升專業能力
提升專業能力,軟體程式設計","電腦補習班老師
、講師
、軟體工程師","時薪350~1,000元",依公司規定,台中市中區中山路2號3樓,"https://maps.google.com.tw/?q=%E8%81%AF%E6%88%90%E9%9B%BB%E8%85%A6%E8%82%A1%E4%BB%BD%E6%9C%89%E9%99%90%E5%85%AC%E5%8F%B8(%E8%81%AF%E6%88%90%E9%9B%BB%E8%85%A6%2F%E8%81%AF%E6%88%90%E5%A4%96%E8%AA%9E)@24.1375329,120.6840819&z=17",聯成電腦股份有限公司(聯成電腦/聯成外語)
https://www.104.com.tw/job/8jsio?app_jobsource=m_time4jobs&jobsource=new_map,10V0-數位轉型科技辦公室 演算法工程師,"在這裡，你不只是個工程師，而是與醫療團隊合作用技術改善臨床照護。
如果你對智慧醫療、AI應用與物聯網充滿好奇，想將學到的知識幫助醫護與病人，我們歡迎你的加入！

1. 開發AI輔助診斷與預測模型（如ARDS、敗血症、心肌梗塞等）。
2.應用生成式AI與Retrieval-Augmented Generation (RAG) 技術，整合臨床資料與文獻，建構醫療語意查詢與輔助決策系統。
3.優化模型推論效能與穩定性，設計模型API並與系統端整合。
4.分析臨床資料特徵、資料清洗與前處理，支援特定病症模型開發。
5.協助建立模型驗證流程，與臨床人員合作進行回饋與優化。,1.資訊、電機、醫資等相關系所畢業，或具備實習／專題經驗。
2.熟悉機器學習與深度學習框架，如PyTorch、TensorFlow。
3.熟悉NLP技術與語意檢索（如RAG、transformer架構）尤佳。
4.熟悉Python資料科學工具（如pandas、scikit-learn、NumPy）。
5.對臨床資料（如影像、生理數據、檢驗報告）分析有興趣，有實務經驗尤佳。
6.具備模型部署與API串接實作經驗者佳。,Python、Node.js
提升專業能力
提升專業能力,不拘",演算法工程師,待遇面議,無需出差外派,台中市北區育德路2號,"https://maps.google.com.tw/?q=%E4%B8%AD%E5%9C%8B%E9%86%AB%E8%97%A5%E5%A4%A7%E5%AD%B8%E9%99%84%E8%A8%AD%E9%86%AB%E9%99%A2@24.157651,120.6805467&z=17",中國醫藥大學附設醫院
https://www.104.com.tw/job/88cu7?app_jobsource=m_time4jobs&jobsource=new_map,IT/MIS 工程師,"1. 雲端系統操作、設定、維護。
2. Switch、Firewall、NAS 等設定與維護。
3. 各項服務管理與維護 (Windows AD、Google Workspace、Domain … )
4 辦公室電腦、機房、網路、Server 相關軟硬體之管理與維護。
5. 辦公室USER障礙排除與需求處理。
6. 資訊設備採購、安裝、設定、盤點。
7. Helpdesk及主管交辦事項。,1. 具網路邏輯能力與設定概念。(例如Firewall / VPN / VLAN)
2. 熟悉FireWall、VPN、Windows AD
3. 具備*Domain* Name Service概念。
4. 熟悉Windows、Linux 安裝及設定。
5. 具備Trouble shooting邏輯。,不拘,不拘","網路管理工程師
、系統工程師
、MIS／網管主管","月薪60,000~80,000元",需出差外派，一年累積時間約七個月以上,台中市北屯區,"https://maps.google.com.tw/?q=%E9%A0%86%E4%B9%85%E8%B3%87%E8%A8%8A%E6%9C%89%E9%99%90%E5%85%AC%E5%8F%B8@24.1815237,120.6861019&z=17",順久資訊有限公司
https://www.104.com.tw/job/7df1b?app_jobsource=m_time4jobs&jobsource=new_map,程式設計師,"1.醫學資訊、資訊科學、資訊管理、資訊工程相關科系畢業
2.經驗不拘，有資訊相關產業背景尤佳
3.具備知識：資料庫、演算法。
4.技能：Java、MS SQL、Oracle、JavaScript、CSS，會NOTES相關技術者尤佳。
5.能力：學習力強，對程式開發及軟體工程具有熱情。
6.人格特質：具良好的溝通能力，團隊配合度高。
7.薪資需依經驗、技術晉級等第進行核算。,不拘,不拘,不拘",軟體工程師,"月薪40,000元以上",無需出差外派,台中市潭子區豐興路一段66、88號,"https://maps.google.com.tw/?q=%E4%BD%9B%E6%95%99%E6%85%88%E6%BF%9F%E9%86%AB%E7%99%82%E8%B2%A1%E5%9C%98%E6%B3%95%E4%BA%BA%E5%8F%B0%E4%B8%AD%E6%85%88%E6%BF%9F%E9%86%AB%E9%99%A2@24.1941709,120.7203818&z=17",佛教慈濟醫療財團法人台中慈濟醫院
https://www.104.com.tw/job/8qler?app_jobsource=m_time4jobs&jobsource=new_map,"Flutter / React Native APP 工程師, iOS, Android","負責公司 App 產品的開發、上架、更新及維護；完成產品相關的設計、開發和測試工作，並依需求不斷更新；根據視覺設計及提供的材料能夠優化產品的用戶操作體驗；理解版本控制更新機制，熟悉版本發佈和測試流程；參與業務需求討論，配合團隊協同工作完成相關任務目標；完成主管交辦事項。

本職位是公司開發團隊中不可或缺的一份子，具有良好的前景和發展潛力。
我們誠摯地邀請您加入我們的團隊，如果您符合以上要求，歡迎申請此職位。,不拘,不拘,不拘","Android工程師
、iOS工程師
、通訊軟體工程師","月薪29,000元以上",無需出差外派,台中市東區六順路109號,"https://maps.google.com.tw/?q=%E9%82%91%E6%96%B9%E9%86%AB%E7%99%82%E5%99%A8%E6%9D%90%E4%BC%81%E6%A5%AD%E7%A4%BE@24.1254268,120.700062&z=17",邑方醫療器材企業社
https://www.104.com.tw/job/7kqw9?app_jobsource=m_time4jobs&jobsource=new_map,GD-遊戲工程師,"▌職責
-負責Client端程式邏輯開發、維護

▌必要條件
- 自律要求程式設計與結構良好
- 具備團隊溝通能力，能獨立分析問題並解決
- 對遊戲有高度興趣，且樂於分享技術
- Cocos Creator 遊戲客端開發經驗
- H5 遊戲開發經驗,不拘,軟體程式設計","遊戲工程師
、軟體工程師
、Internet程式設計師","月薪33,000~60,000元",無需出差外派,台中市北屯區文心路三段447號30樓之1,"https://maps.google.com.tw/?q=%E5%86%A0%E5%AE%87%E6%95%B8%E4%BD%8D%E7%A7%91%E6%8A%80%E8%82%A1%E4%BB%BD%E6%9C%89%E9%99%90%E5%85%AC%E5%8F%B8@24.1736769,120.6685984&z=17",冠宇數位科技股份有限公司
https://www.104.com.tw/job/8ueom?app_jobsource=m_time4jobs&jobsource=new_map,【AI團隊】軟體工程師,"加入麒發科技（Architech AI）意味著踏入一個前所未有的學習領域，這裡利用尖端生成式人工智能技術，致力於開發創新未來的工具。在麒發科技，您將學習到業界內外尋找不到的獨特知識和技能，從而成為一名炙手可熱的專業人才。

【工作內容】
- 設計、實作並維護可自動化、加速軟體開發的基礎設施系統。
- 撰寫乾淨、可維護、結構良好的程式碼（跨語言/平台）。
- 建立穩健的測試框架與自動化驗證流程（單元、整合、端對端）。
- 以第一性原理拆解需求與問題，制定假設、定義度量指標並評估 trade-offs。
- 與產品工程合作，確保基礎設施符合實際開發需求。
- 與語言模型（AI）協作，依據 spec 驅動開發，進行 code review 與測試驗證。
- 專案自規劃到落地全程負責，確保品質與可追蹤性。

【希望您具備的技能】
- 精通至少一種系統層級程式語言（如 Python、Go、Rust、C++ 之一）。
- 具備優異的問題解決能力與扎實的邏輯、數學基礎。
- 具深度思考能力：能清楚定義問題、建立模型、推導解法，並以資料/測試驗證。
- 具完整負責並成功交付軟體專案之經驗。
- 具備與語言模型協作開發經驗，熟悉以 spec 驅動開發流程。
- 熟練 code review 與測試流程，能確保 AI 產出程式碼之正確性與可靠性。
- 能獨立作業，對精準度與責任感有高度要求。

【關於麒發科技 Architech AI】
麒發科技致力於打造新世代的 AI 設計工具，至今已吸引來自 150 個國家、超過 100 萬名建築師與室內設計師 使用。我們在全球建築與設計產業中，正穩步建立屬於自己的位置。

期待對 AI 以及設計充滿熱情的您加入，一起創造設計產業的未來。,不拘,LLM、Python、PyTorch、NLP
提升專業能力
提升專業能力,軟體程式設計","軟體工程師
、AI工程師","月薪60,000元以上",無需出差外派,台中市北屯區綏遠路二段72號8樓,"https://maps.google.com.tw/?q=%E9%BA%92%E7%99%BC%E7%A7%91%E6%8A%80%E6%9C%89%E9%99%90%E5%85%AC%E5%8F%B8@24.1708627,120.6816158&z=17",麒發科技有限公司
https://www.104.com.tw/job/8m1cv?app_jobsource=m_time4jobs&jobsource=new_map,D4000 電商營運系統JAVA軟體開發工程師【台中】,"加入台灣領先電商，共創獨特購物體驗！
富邦媒體科技，作為台灣電商的領航者，致力於打造無與倫比的購物平台。
我們的使命不僅是連接商品與消費者，更是為每位顧客帶來別具一格的購物體驗。在富邦momo，您將與一群充滿熱情和創造力的專業人士共事，共同開創電商新紀元。


【工作內容】
1.主要開發與維護網站系統/內部營運平台
2.分析設計和開發，持續程式碼和系統性能優化
3.前後端Web/API功能串接開發 
4.高流量、高併發的模組功能開發
5.日常系統維運作業，進階工作負責架構規劃與需求分析

【加分條件】
1. 一年以上的網站開發經驗
2. 熟Java且有SpringBoot，Spring MVC、Spring框架開發經驗
3. 有開發前端框架經驗(Vue、Angular；React.js尤佳)
4. 熟悉SQL語法且具備Oracle、Postgre、mongoDB使用經驗
5. 瞭解並使用Git、Redis等相關經驗，熟Linux作業系統操作尤佳,不拘,Java、HTML、JavaScript
提升專業能力
提升專業能力,不拘","Internet程式設計師
、軟體工程師
、其他資訊專業人員",待遇面議,無需出差外派,台中市北屯區文心路四段955號9樓(近四維國小站),"https://maps.google.com.tw/?q=%E5%AF%8C%E9%82%A6%E5%AA%92%E9%AB%94%E7%A7%91%E6%8A%80%E8%82%A1%E4%BB%BD%E6%9C%89%E9%99%90%E5%85%AC%E5%8F%B8(%E5%AF%8C%E9%82%A6momo)@24.1711371,120.6953441&z=17",富邦媒體科技股份有限公司(富邦momo)
https://www.104.com.tw/job/8rqca?app_jobsource=m_time4jobs&jobsource=new_map,網管工程師(MIS)【全遠端工作】,"1.  熟悉GCP、CDN、Fortinet、VMware ESXi等操作。
2.  Linux 系統管理與 Shell Script 編寫。
3.  負責系統日常監控、故障排除與效能優化。
4.  雲端監控、Docker環境與容器管理。
5.  調整監控系統（Grafana、Prometheus、ElasticSearch）。
6.  熟悉MySQL、PostgreSQL資料庫等基本操作。
7.  技術文件撰寫。
8.  其他主管交辦事項。

●需on call，故限居住在台中市人選佳,1.  Linux相關管理經驗。
2.  有GCP / AWS、CDN、Fortinet、VMware ESXi等使用經驗者佳。
3.  具資料庫優化及網路安全相關知識者佳。
4.  具Linux系統操作、Docker應用者佳。
5.  重團隊合作，溝通協調能力良好者佳。,Linux、Shell、MySQL、PostgreSQL、AWS
提升專業能力
提升專業能力,資料庫系統管理維護、伺服器網站管理維護、規劃與管理網路入侵檢測系統（NIDS）、網路元件安裝及管理、網路系統配置、安裝與維護網路安全系統、網路資料傳輸、網路安全架構分析與設計、規劃與管理防火牆、規劃與管理入侵防護系統（IPS）、資料備份與復原、網路設備設定安裝、資訊設備環境設定","網路管理工程師
、系統工程師
、雲端工程師","月薪30,000~60,000元",無需出差外派,台中市大里區,"https://maps.google.com.tw/?q=%E6%98%9F%E7%A9%8E%E6%95%B8%E4%BD%8D%E8%A1%8C@24.1046899,120.6812114&z=17",星穎數位行
https://www.104.com.tw/job/8s7aw?app_jobsource=m_time4jobs&jobsource=new_map,【部分遠距外商新創AI品牌】Quality Assurance (QA) Engineer_ITS_839 (#APITesting #SaaS #自動化測試),"【工作內容】

我們正在尋找一位細心且積極主動的軟體品質保證工程師（Quality Assurance, QA Engineer），加入我們充滿創新精神的團隊。在這個關鍵職位中，您將負責確保我們多元產品線的穩定性、可靠性與效能，包括 SaaS 平台、桌面應用程式與 API 服務。

【Key Responsibilities】

1. Design and execute comprehensive test plans, test cases, and scenarios for our SaaS platforms, cross-platform desktop applications (Windows, macOS, Linux), and backend API services.
2. Perform various types of testing, including functional, regression, performance, stress, usability, and compatibility testing across different operating systems, browsers, and hardware configurations.
3. Participate in the generation, annotation, and collection of AI training data, ensuring data quality and accuracy to support AI model development.
4. Identify, document, and track software defects and inconsistencies using issue tracking systems, collaborating with the development team for timely resolution.
5. Collaborate with product managers and developers early in the Software Development Life Cycle (SDLC) to understand requirements and design effective testing strategies.
6. Contribute to the design and implementation of automated test scripts and frameworks to improve testing efficiency, with a focus on UI, API, and integration tests.
7. Participate in release management activities, ensuring products are ready for deployment.

如對職缺有興趣者，可直接投遞履歷至 summer.hsieh@adecco.com
或官方Line:@260pmatg (記得+@)加入後請提供職缺名稱/聯繫方式,【Minimum qualifications】
1. Bachelor's degree in Computer Science, Software Engineering, or a related field, or equivalent practical experience. 
2. 3+ years of experience in Quality Assurance or software testing, with experience in desktop applications, web applications, or API testing. 
3. Solid understanding of software QA methodologies, tools, and processes. 
4. Experience with test case management and bug tracking tools.
5. Ability to provide timely test reports.


【Preferred qualifications】
1. Experience with automated testing frameworks for web-based UIs and desktop applications.
2. Experience with API testing and relevant tools.
3. Familiarity with CI/CD pipelines and how QA fits into the DevOps culture.
4. Experience working in an Agile/Scrum development environment.
5. Familiarity with agentic automated testing concepts.,不拘,不拘",AI工程師,待遇面議,部分遠端，前期須進辦公室，後期獨立作業可遠端辦公,台中市中區,"https://maps.google.com.tw/?q=%E8%97%9D%E7%8F%82%E4%BA%BA%E4%BA%8B%E9%A1%A7%E5%95%8F%E8%82%A1%E4%BB%BD%E6%9C%89%E9%99%90%E5%85%AC%E5%8F%B8@24.1402601,120.6818181&z=17",藝珂人事顧問股份有限公司
https://www.104.com.tw/job/8sovx?app_jobsource=m_time4jobs&jobsource=new_map,D4000 電子書後端工程師(JAVA),"電子書提供給人們更多元的學習方式，我們團隊就在進行這項工作，你是否擁有豐富的 Java 開發經驗？如果是，那麼我們正在尋找你！

我們正在招募具有豐富技術背景的 Java 開發工程師，如果你熟悉 Java、Spring Boot、ActiveMQ、Redis，以及數位加解密等關鍵技術，我們誠摯邀請你加入我們的團隊，與我們一起讓電子書的服務讓大眾喜歡！

【工作內容】
1. 負責電子書後台系統核心功能的設計與開發，確保系統穩定與高效運作。
2. 使用 Java 及 Spring Boot 框架開發高品質 RESTful API，並持續優化程式碼以提升系統效能。整合消息佇列、Redis 緩存等技術，強化系統架構與性能。
3. 持續研究並導入新興後端技術，優化現有服務，提升產品競爭力。
4. 依據業務需求進行分析，規劃並設計最佳實現方案。
5. 主動協助處理線上問題，確保服務穩定運行。

【工作技能】
1. 熟悉Java程式語言
2. 熟悉開發RESTful API
3. 熟悉關聯式資料庫CRUD SQL語法
4. 熟悉Spring boot框架
5. 具備linux作業系統操作能力
6. 能閱讀理解技術文件
7. 良好的溝通及團隊合作能力，及問題解決能力

【加分條件】
1. 熟悉訊息佇列技術，如 ActiveMQ，並有實際應用經驗
2. 能夠運用 Redis cache等技術來優化系統的性能
3. 熟悉電子書epub3 、PDF格式
4. 熟悉DRM 技術
5. 在電子書後端系統開發方面具有豐富經驗，熟悉電子書系統和需求
6. 對於系統架構和性能優化有深入理解，能夠提供專業建議和解決方案
7. 熟悉 Docker 和 Kubernetes 等容器化技術，有相關使用經驗,不拘,不拘,不拘","軟體工程師
、後端工程師",待遇面議,無需出差外派,台中市北屯區文心路四段955號9樓(近四維國小站),"https://maps.google.com.tw/?q=%E5%AF%8C%E9%82%A6%E5%AA%92%E9%AB%94%E7%A7%91%E6%8A%80%E8%82%A1%E4%BB%BD%E6%9C%89%E9%99%90%E5%85%AC%E5%8F%B8(%E5%AF%8C%E9%82%A6momo)@24.1712057,120.6951091&z=17",富邦媒體科技股份有限公司(富邦momo)
https://www.104.com.tw/job/82869?app_jobsource=m_time4jobs&jobsource=new_map,資深程式設計師-B90B,"-【工作內容描述】
1. 負責專案開發與維護
2. 具備Java開發經驗三年以上，有使用過 SQL、javascript 
3. 程式設計與撰寫
4. 協助分析系統並提出建議
5. 程式單元測試
6. 協助系統整合測試
7. 撰寫具備Java web application經驗

-【如果你還有這些加分條件】
1. 有學習熱忱及工作熱忱、細心、抗壓力強。
2.配合專案營運狀況，能機動性加班。

-【任職三個月內需通過內部考核】,不拘,Java、JSP、Tomcat、JavaScript
提升專業能力
提升專業能力,系統整合分析、軟體工程系統開發、軟體程式設計","軟體工程師
、Internet程式設計師
、MIS程式設計師",待遇面議,無需出差外派,台中市北區太原路一段532號11樓,"https://maps.google.com.tw/?q=%E5%8F%B0%E7%81%A3%E8%B3%87%E6%9C%8D%E7%A7%91%E6%8A%80%E8%82%A1%E4%BB%BD%E6%9C%89%E9%99%90%E5%85%AC%E5%8F%B8@24.1648931,120.673485&z=17",台灣資服科技股份有限公司
https://www.104.com.tw/job/8rlda?app_jobsource=m_time4jobs&jobsource=new_map,運維開發工程師(未來須配合輪班),"職位描述：

我們正在尋找一位具有開發背景的運維工程師，能夠協助建立與維護穩定、高效的部署流程，支援我們的 Java 與 PHP 應用系統。理想人選需熟悉 CI/CD 流程，具備自動化部署經驗，並能跨團隊協作，提升系統可用性與部署效率。

主要職責：

負責公司 Java / PHP 應用系統的部署與維運自動化
建置並維護 CI/CD 流程（如 Jenkins、GitLab CI、GitHub Actions 等）
與開發團隊協作，優化應用部署、監控與回滾機制
維護與監控生產環境系統，提升系統穩定性與效能
撰寫運維工具或腳本以提升作業效率（Shell, Python 等）
建立部署文件、維運手冊與異常處理流程
協助系統日誌分析、問題追蹤與風險控管

必備條件：

熟悉 Java 與 PHP 開發與執行環境
熟悉至少一種 CI/CD 工具（如 Jenkins、GitLab CI、CircleCI 等）
熟悉 Linux 系統操作與指令
具備部署自動化與版本控管概念（Git）
熟悉 Web 應用部署架構與基本網路概念
良好的問題分析與解決能力，能獨立完成工作任務

加分條件：

具備 Docker / Kubernetes 經驗者優先
有使用過雲端平台（如 AWS、GCP、Azure）者
熟悉監控工具（如 Prometheus、Grafana、ELK）
具備 SRE 概念或實務經驗者,不拘,不拘,不拘","MIS／網管主管
、MIS程式設計師
、網路管理工程師","月薪50,000元以上",無需出差外派,台中市北區中清路一段100號10樓之5,"https://maps.google.com.tw/?q=%E7%97%9E%E5%AE%A2%E7%A7%91%E6%8A%80%E6%9C%89%E9%99%90%E5%85%AC%E5%8F%B8@24.1536484,120.677503&z=17",痞客科技有限公司
https://www.104.com.tw/job/8qtca?app_jobsource=m_time4jobs&jobsource=new_map,研發部-韌體工程師,"★★歡迎應屆畢業生★★

【技能專長】: 熟UART、I²C、SPI等通訊介面對各式周邊元件之控制。


【加分條件】：
1.具ARM Cortex-M、MCU、BMS  韌體程式開發經驗佳。 
2.具FreeRTOS、Zephyr等即時作業系統程式開發經驗佳。
3.具HTTP、MQTT、HTML、SQL 等Web服務相關基礎知識佳。
4.具單板電腦(例如：樹莓派)應用經驗佳。
5.具Arduino、 VS Code或 Micropython等開發環境與工具佳。
6.具有Wi-Fi 、藍牙等 無線通訊應用經驗佳。

※工作地點:台中,不拘,HTML、HTTP、ARM
提升專業能力
提升專業能力,韌體工程開發、韌體整合測試、韌體程式設計、網路程式設計","其他資訊專業人員
、韌體工程師
、軟體工程師",待遇面議,需出差，一年累積時間約一個月以下,台中市潭子區南二路16之1號,"https://maps.google.com.tw/?q=%E5%84%84%E5%A8%81%E9%9B%BB%E5%AD%90%E7%B3%BB%E7%B5%B1%E8%82%A1%E4%BB%BD%E6%9C%89%E9%99%90%E5%85%AC%E5%8F%B8@24.217386,120.7028094&z=17",億威電子系統股份有限公司
https://www.104.com.tw/job/7k6w9?app_jobsource=m_time4jobs&jobsource=new_map,電控PLC工程師【工作地點:台中潭子區】,"1.具設備整機開發、規劃、電控程式(PLC)撰寫、設計能力, 人機介面應用 
2.伺服及線性馬達 控制及調校
3.具無塵室及自動化設備電控設計經驗者佳
4.到客戶端修改程式及排除電控相關異常
5.電路圖閱讀及線路查修能力
6.測試開發各項產品功能及技術文件撰寫,1.對自動化控制有熱忱者尤佳
2.具備主動積極與溝通協調力，重視團隊合作
3.有CIM程式經驗者尤佳
4.孰悉三菱PLC/軸控/人機軟體、PRO-FACE軟體尤佳,Excel、PowerPoint、Visio、Word、Microsoft Photo Editor、PLC
提升專業能力
提升專業能力,自動化系統設計整合、設計機台設備自動化、電動機及電氣相關知識、配電裝修維護、自動化設備／系統介面之維護改善","電機工程技術員
、自動控制工程師
、軟體工程師","月薪45,000元以上",需出差，一年累積時間約六個月以下,台中市潭子區,"https://maps.google.com.tw/?q=%E5%AE%8F%E7%80%A8%E5%85%89%E9%9B%BB%E6%9C%89%E9%99%90%E5%85%AC%E5%8F%B8@24.2163612,120.7062535&z=17",宏瀨光電有限公司
https://www.104.com.tw/job/899g4?app_jobsource=m_time4jobs&jobsource=new_map,內勤技術系統工程師,"1. 系統及軟硬體安裝/檢測/故障排除。
2. 網路設備安裝/檢測/故障排除。
3.軟體優化升級，協助進行版更客戶系統。
4.熟資料庫。
5.其它交辨事項。
6.熟悉作業系統OS：Win10、Win11。
7.熟悉軟體操作office：Excel、Word、PPT。
8.夜間就讀中工讀生可。,不拘,Windows 7、Windows 10、Access、MS SQL、MySQL、DNS、LAN、PPPoE、TCP/IP、VPN、Excel、Outlook、PowerPoint、Word
提升專業能力
提升專業能力,電腦設備裝配、資訊設備環境設定、BIOS程式偵錯與維護、系統整合分析、軟體整合測試、測試環境建置規劃、資料庫系統管理維護、撰寫可靠度分析測試軟體程式","系統工程師
、FAE工程師
、資訊助理","月薪35,000元以上",無需出差外派,台中市潭子區大豐一路101之1號,"https://maps.google.com.tw/?q=%E9%B4%BB%E6%98%93%E8%B3%87%E8%A8%8A%E6%9C%89%E9%99%90%E5%85%AC%E5%8F%B8@24.2105299,120.6888441&z=17",鴻易資訊有限公司
https://www.104.com.tw/job/8urgp?app_jobsource=m_time4jobs&jobsource=new_map,前端工程師（Frontend Developer）,"我們正在尋找一位對開發充滿熱情、能獨立作業並具備團隊合作精神的工程師加入我們的團隊。如果你熟悉Vue、CSS framework(tailwind, bootstrap...etc)，並且願意持續學習與挑戰不同技術，我們非常歡迎你的加入！

---

###【工作內容】

* 參與公司 Web 系統後台與前台的開發與維護
* 使用 Vue 架構進行前端串接操作
* 撰寫與維護 SCSS 樣式
* 與團隊協作解決技術問題並優化系統效能

---

###【必備條件 Must Have】

* 熟悉前端框架、跨瀏覽器除錯、axios, ajax等串接經驗
* 並且曾有已上線之產品或專案之開發經驗
* 了解並熟悉Puje JS
* 曾使用過Git/SVN版控經驗

---

###【加分條件 Better Have】

* Nuxt或是其他SEO友好之框架之開發經驗
* 曾用Cordova或是其他H5 to APP工具開發過APP，並且上架成功
* 與我分享你在跨瀏覽器環境遇過的issue

---

###【工作型態】

* 全職
* 彈性上下班時間（核心時段制）

---

### 【我們提供】

* 開放溝通的團隊文化
* 每年技術進修補助與學習資源
* 使用最新框架與工具，鼓勵技術實驗與創新
* 具挑戰性與實戰經驗的專案環境,不拘,CSS、Git、AJAX、JavaScript、VueJS、jQuery、Sass
提升專業能力
提升專業能力,資料庫程式設計、軟體程式設計","前端工程師
、Internet程式設計師","月薪55,000~65,000元",無需出差外派,台中市西區自由路一段101號7樓之7,"https://maps.google.com.tw/?q=%E7%BE%A4%E5%AD%B8%E9%96%8B%E7%99%BC%E6%9C%89%E9%99%90%E5%85%AC%E5%8F%B8@24.1377779,120.6792575&z=17",群學開發有限公司
https://www.104.com.tw/job/8l1s0?app_jobsource=m_time4jobs&jobsource=new_map,PHP後端工程師,"1.PHP Laravel Restful API。
2.資料庫設計
3.自架Web server經驗
4.金流API串接
5.GIT使用

[加分條件]
golang、vue、nodejs經驗,不拘,不拘,不拘","後端工程師
、軟體工程師","月薪38,000~60,000元",無需出差外派,台中市北屯區松竹路一段935號,"https://maps.google.com.tw/?q=%E6%B2%83%E9%BE%8D%E8%B6%85%E9%81%8A%E8%82%A1%E4%BB%BD%E6%9C%89%E9%99%90%E5%85%AC%E5%8F%B8@24.1821603,120.7126798&z=17",沃龍超遊股份有限公司
https://www.104.com.tw/job/7a5r8?app_jobsource=m_time4jobs&jobsource=new_map,Android兼任講師-台中站前認證中心,"【業界經驗】至少有相關工作經驗3年以上。
【授課經驗】若有尤佳，若無則需準備教材試教以確認教學能力。
【專業證照】須有獨立App開發、並成功在上架之經驗。,不拘,Android、Java
提升專業能力
提升專業能力,軟體程式設計","電腦補習班老師
、Android工程師
、軟體工程師","時薪350~1,000元",依公司規定,台中市中區中山路2號3樓,"https://maps.google.com.tw/?q=%E8%81%AF%E6%88%90%E9%9B%BB%E8%85%A6%E8%82%A1%E4%BB%BD%E6%9C%89%E9%99%90%E5%85%AC%E5%8F%B8(%E8%81%AF%E6%88%90%E9%9B%BB%E8%85%A6%2F%E8%81%AF%E6%88%90%E5%A4%96%E8%AA%9E)@24.1375329,120.6840819&z=17",聯成電腦股份有限公司(聯成電腦/聯成外語)
https://www.104.com.tw/job/8uun6?app_jobsource=m_time4jobs&jobsource=new_map,RD 前端工程師 Frontend Engineer,"【工作項目】
1. 網站與系統開發
▪ 負責公司電商平台及內部系統的前端介面開發與優化。
▪ 使用 Vue.js、React.js 或 Angular 等框架進行模組化開發與維護。
▪ 熟悉 HTML、CSS、JavaScript，能獨立完成 RWD 響應式網站設計與實作。

2. API 串接與系統整合
▪ 負責 Web API 串接及資料處理，確保前後端資料傳輸順暢。
▪ 熟悉 OAuth API 串接與授權流程，確保系統安全與穩定性。

3. 協作與版面設計整合
▪ 與 UI/UX、美術設計師協作，完成頁面設計與排版優化。
▪ 與產品經理、RD後端工程師、使用者端協作，推進專案開發與問題修正。

4. 維護與效能優化
▪ 定期進行前端程式優化，確保載入效能與操作體驗。
▪ 協助排查與修正錯誤（Debug），提升系統穩定度與相容性。
▪ 版本控管（Git）與程式文件撰寫，確保開發流程一致性。

5. 其他事項
▪ 部門主管交辦之相關工作。
▪ 協助跨部門主管安排相關支援事宜。

【加分條件】
1. 有大型電商網站或 SaaS 專案開發經驗。
2.熟悉 SEO、前端效能優化與網頁安全性機制。
3.具備使用 TypeScript、Next.js、Nuxt.js、Tailwind CSS 等框架經驗。
4.具備 UI 設計工具（Figma、Adobe XD）操作經驗。
5.具備後端 API 串接邏輯理解，能獨立測試與除錯。

【其他說明】
本職位主要負責電商平台前端架構建置與優化專案。我們重視工程師的自主性與創新思維，提供完整的制度與福利，良好且彈性的跨部門協作環境，讓技術人才能發揮創意並推動產品進步。

若您對程式開發充滿熱情，並具備以上資格，期待您加入馥華電商！
我們歡迎 ⭐️誠信正直 ⭐️積極熱忱 ⭐️勇於創新 的您，加入 Forwardmall 的技術團隊！

【面試流程】
- 面試前測驗（以 email 提供題目，通過測試後HR會主動邀約面試時間）。
- interview: 部門主管 / HR,不拘,VueJS、Angular、ReactJS、Node.js、HTML、CSS、JavaScript、Git、PHP、JSF、Figma、Adobe XD
提升專業能力
提升專業能力,軟體工程系統開發、軟體程式設計、資料庫程式設計","前端工程師
、電子商務技術主管
、全端工程師","月薪40,000~70,000元",無需出差外派,台中市北屯區文心路三段447號13樓之2,"https://maps.google.com.tw/?q=%E9%A6%A5%E8%8F%AF%E5%85%A8%E7%90%83%E9%9B%BB%E5%95%86%E8%82%A1%E4%BB%BD%E6%9C%89%E9%99%90%E5%85%AC%E5%8F%B8@24.1736769,120.6685984&z=17",馥華全球電商股份有限公司
https://www.104.com.tw/job/8qctb?app_jobsource=m_time4jobs&jobsource=new_map,C語言軟體開發工程師,"工作內容:
1. 人機軟體、韌體專案開發。
2. 使用C語言進行軟體、韌體之需求分析、規劃設計方向、程式編寫與功能實現。
3. 進行軟體、韌體測試與修改，負責維護與bug修正。
4. 撰寫相關技術文件,不拘,不拘,不拘",軟體工程師,"月薪35,000~55,000元",無需出差外派,台中市西區台灣大道二段186號23樓之2,"https://maps.google.com.tw/?q=%E7%BE%8E%E5%BA%B7%E7%94%9F%E7%89%A9%E7%A7%91%E6%8A%80%E6%9C%89%E9%99%90%E5%85%AC%E5%8F%B8@24.1513769,120.6700861&z=17",美康生物科技有限公司
https://www.104.com.tw/job/7y2ta?app_jobsource=m_time4jobs&jobsource=new_map,(DR43-GB014)軟體工程師/高級工程師 (台中),"因應承接國際大廠ODM專案需求將擴編徵才，並計畫於近期IPO，歡迎菁英人才加入我們的行列。

工作內容:
負責IP-CAM Linux系統開發,不拘,C、C++
提升專業能力
提升專業能力,不拘",軟體工程師,待遇面議,無需出差外派,台中市北屯區崇德路二段252號7F,"https://maps.google.com.tw/?q=%E7%B6%A0%E5%9F%BA%E4%BC%81%E6%A5%AD%E8%82%A1%E4%BB%BD%E6%9C%89%E9%99%90%E5%85%AC%E5%8F%B8@24.1749323,120.6859182&z=17",綠基企業股份有限公司
https://www.104.com.tw/job/8sjt7?app_jobsource=m_time4jobs&jobsource=new_map,QA工程師,"哈囉～你也對於改善軟體使用體驗充滿熱情嗎？
我們正在尋找喜歡解決問題、對改善品質充滿熱情的夥伴！
你將與研發團隊緊密合作，成為打怪闖關路途上的好搭檔，發揮優越的踩蟲能力，找出所有bug並消滅它們，任何挑戰都將是技能upup的經驗值，優化再優化升級再升級，不只是「軟體測試者」，是大家信賴的「S級滅錯使者」！


若您擁有以下特質，歡迎成為我們堅實的夥伴~
❑ 溝通能力：理解產品需求並提供建議，擅長與跨部門團隊合作，共同解決問題。
❑ 測試能力：熟悉軟體測試的基本原理和方法，包括測試規劃、執行與錯誤回報等。
❑ 堅持和精進：對軟體品質敏銳，能夠細心地進行測試與問題追蹤，熱衷於學習並優化測試流程與工具，勇於提出創新策略，確保每個功能都達到高標準的品質要求並推動產品持續升級。

｜日常合作，讓產品在市場上亮相｜
❑ 深入理解產品邏輯與使用情境，並站在使用者的角度協助團隊思考得更完整
❑ 針對異常狀況進行追蹤回報，並與開發團隊合作進行問題排查與修正
❑ 規劃測試策略和測試計畫，執行功能性與探索式測試
❑ 發揮優越的踩蟲能力，找出所有bug，幫助產品代代更迭
❑ 持續觀察並優化 QA 流程與測試工具，提出改進建議，共同成長,不拘,Excel、PowerPoint、Word、中文打字20~50
提升專業能力
提升專業能力,功能測試(function test)、使用者測試(Usability test)、問題追蹤處理(Bug tracking)、安全性測試(Security test)、測試計劃及測試報告書撰寫","測試人員
、軟體工程師","月薪35,000~48,000元",無需出差外派,台中市北區英才路118號,"https://maps.google.com.tw/?q=%E5%84%AA%E8%83%BD%E5%AE%B6%E7%A7%91%E6%8A%80%E8%82%A1%E4%BB%BD%E6%9C%89%E9%99%90%E5%85%AC%E5%8F%B8@24.1558556,120.6777061&z=17",優能家科技股份有限公司
